length,net_charge,hydrophobic_ratio,key_amino_acid_ratio,label
43,1,0.3488372093023256,0.11627906976744186,1
8,4,0.5,0.5,0
9,0,0.5555555555555556,0.0,0
28,-2,0.4642857142857143,0.32142857142857145,0
40,7,0.25,0.325,1
60,-10,0.3333333333333333,0.2833333333333333,0
17,3,0.35294117647058826,0.29411764705882354,1
9,-1,0.6666666666666666,0.1111111111111111,0
27,10,0.37037037037037035,0.37037037037037035,1
13,1,0.46153846153846156,0.38461538461538464,1
10,1,0.6,0.3,1
87,-8,0.367816091954023,0.12643678160919541,0
10,3,0.5,0.4,1
25,10,0.44,0.56,1
20,0,0.6,0.35,0
45,3,0.6,0.3111111111111111,0
13,3,0.7692307692307693,0.23076923076923078,1
21,9,0.5714285714285714,0.42857142857142855,0
17,4,0.5294117647058824,0.5294117647058824,1
16,5,0.5625,0.75,1
21,9,0.5714285714285714,0.42857142857142855,0
20,8,0.6,0.4,0
13,3,0.7692307692307693,0.6923076923076923,1
17,4,0.5294117647058824,0.5294117647058824,0
46,2,0.43478260869565216,0.2391304347826087,1
35,1,0.4857142857142857,0.2857142857142857,0
20,5,0.3,0.4,1
20,5,0.25,0.35,1
37,7,0.5405405405405406,0.2702702702702703,1
20,5,0.25,0.35,1
20,5,0.25,0.35,1
33,2,0.48484848484848486,0.21212121212121213,1
19,1,0.3684210526315789,0.2631578947368421,0
46,3,0.391304347826087,0.2391304347826087,1
17,3,0.35294117647058826,0.47058823529411764,1
17,3,0.23529411764705882,0.29411764705882354,0
17,3,0.23529411764705882,0.23529411764705882,0
19,4,0.5789473684210527,0.5263157894736842,1
18,4,0.5,0.4444444444444444,1
46,20,0.2608695652173913,0.45652173913043476,1
29,1,0.6551724137931034,0.3793103448275862,0
34,8,0.5882352941176471,0.47058823529411764,0
34,12,0.47058823529411764,0.5,0
34,12,0.47058823529411764,0.5,0
12,0,0.8333333333333334,0.3333333333333333,1
25,-3,0.52,0.32,0
7,0,0.5714285714285714,0.14285714285714285,0
21,7,0.6666666666666666,0.3333333333333333,0
11,0,0.6363636363636364,0.2727272727272727,0
12,2,0.75,0.5,0
13,1,0.3076923076923077,0.07692307692307693,0
11,0,0.5454545454545454,0.2727272727272727,0
25,1,0.32,0.24,0
37,4,0.3783783783783784,0.24324324324324326,0
18,-2,0.4444444444444444,0.2777777777777778,0
67,3,0.3283582089552239,0.1791044776119403,0
13,1,0.38461538461538464,0.15384615384615385,0
53,1,0.32075471698113206,0.1509433962264151,0
13,1,0.3076923076923077,0.15384615384615385,0
13,1,0.38461538461538464,0.15384615384615385,0
13,1,0.38461538461538464,0.15384615384615385,0
13,1,0.3076923076923077,0.23076923076923078,0
13,1,0.38461538461538464,0.15384615384615385,0
13,1,0.3076923076923077,0.15384615384615385,0
13,1,0.3076923076923077,0.15384615384615385,0
13,1,0.3076923076923077,0.15384615384615385,0
51,1,0.35294117647058826,0.17647058823529413,0
33,3,0.36363636363636365,0.21212121212121213,0
11,0,0.45454545454545453,0.2727272727272727,0
26,5,0.3076923076923077,0.15384615384615385,1
6,1,0.6666666666666666,0.3333333333333333,0
36,5,0.3611111111111111,0.2777777777777778,1
49,2,0.32653061224489793,0.12244897959183673,1
32,3,0.3125,0.1875,1
5,0,0.4,0.0,1
37,2,0.24324324324324326,0.10810810810810811,0
37,2,0.2702702702702703,0.16216216216216217,0
37,1,0.2702702702702703,0.13513513513513514,0
53,4,0.3584905660377358,0.22641509433962265,0
11,0,0.5454545454545454,0.2727272727272727,0
11,0,0.45454545454545453,0.2727272727272727,0
11,0,0.6363636363636364,0.2727272727272727,0
6,0,0.6666666666666666,0.0,0
11,0,0.5454545454545454,0.18181818181818182,0
11,-1,0.6363636363636364,0.18181818181818182,0
11,0,0.6363636363636364,0.2727272727272727,0
11,1,0.6363636363636364,0.2727272727272727,0
11,0,0.5454545454545454,0.18181818181818182,0
11,0,0.5454545454545454,0.2727272727272727,0
11,0,0.5454545454545454,0.2727272727272727,0
31,4,0.3548387096774194,0.3225806451612903,1
30,3,0.4666666666666667,0.3,1
30,3,0.43333333333333335,0.3,1
30,3,0.4666666666666667,0.3,1
30,4,0.4666666666666667,0.3333333333333333,1
30,3,0.4666666666666667,0.26666666666666666,1
30,5,0.43333333333333335,0.3333333333333333,1
30,3,0.43333333333333335,0.3,1
38,0,0.2631578947368421,0.13157894736842105,0
38,0,0.2631578947368421,0.10526315789473684,0
20,-8,0.35,0.25,1
27,-5,0.4444444444444444,0.3333333333333333,1
20,-8,0.2,0.15,1
88,-2,0.3522727272727273,0.3068181818181818,1
49,-4,0.3877551020408163,0.2653061224489796,1
37,-3,0.32432432432432434,0.32432432432432434,1
49,-1,0.4489795918367347,0.2857142857142857,1
30,-6,0.3,0.3,1
30,-4,0.3,0.36666666666666664,1
19,-5,0.3157894736842105,0.3157894736842105,1
61,-1,0.4098360655737705,0.22950819672131148,1
49,3,0.30612244897959184,0.2857142857142857,0
14,-2,0.7857142857142857,0.21428571428571427,0
14,-1,0.7142857142857143,0.14285714285714285,0
14,-2,0.7857142857142857,0.07142857142857142,0
14,2,0.5,0.35714285714285715,0
11,-2,0.7272727272727273,0.09090909090909091,0
14,-4,0.6428571428571429,0.07142857142857142,0
14,-5,0.5714285714285714,0.07142857142857142,0
14,-3,0.7142857142857143,0.07142857142857142,0
14,-4,0.6428571428571429,0.07142857142857142,0
14,1,0.5714285714285714,0.2857142857142857,0
14,-3,0.7142857142857143,0.14285714285714285,0
14,-4,0.6428571428571429,0.14285714285714285,0
14,-2,0.7857142857142857,0.14285714285714285,0
14,-3,0.7142857142857143,0.14285714285714285,0
25,0,0.4,0.36,0
24,-4,0.3333333333333333,0.3333333333333333,1
15,-3,0.2,0.26666666666666666,1
25,-1,0.44,0.32,0
33,2,0.36363636363636365,0.30303030303030304,1
19,-5,0.2631578947368421,0.2631578947368421,1
42,5,0.2857142857142857,0.23809523809523808,1
42,5,0.2857142857142857,0.23809523809523808,1
30,-2,0.43333333333333335,0.23333333333333334,0
19,-4,0.47368421052631576,0.3157894736842105,0
18,-4,0.3888888888888889,0.2777777777777778,1
14,-1,0.5,0.07142857142857142,0
20,0,0.5,0.35,0
9,-1,0.5555555555555556,0.0,0
14,-1,0.5714285714285714,0.07142857142857142,0
9,-1,0.4444444444444444,0.0,0
14,-1,0.5,0.07142857142857142,0
13,-1,0.46153846153846156,0.07692307692307693,0
18,-1,0.3333333333333333,0.05555555555555555,0
14,0,0.42857142857142855,0.07142857142857142,0
8,-1,0.625,0.25,0
54,1,0.25925925925925924,0.25925925925925924,0
54,1,0.3148148148148148,0.24074074074074073,0
26,-1,0.46153846153846156,0.3076923076923077,0
20,0,0.45,0.35,0
68,6,0.3235294117647059,0.36764705882352944,1
11,1,0.36363636363636365,0.45454545454545453,0
12,0,0.5833333333333334,0.16666666666666666,1
55,2,0.2909090909090909,0.2,0
15,-1,0.26666666666666666,0.13333333333333333,0
30,6,0.4666666666666667,0.23333333333333334,1
7,3,0.5714285714285714,0.7142857142857143,1
16,4,0.6875,0.5625,0
7,3,0.5714285714285714,0.7142857142857143,1
29,2,0.41379310344827586,0.3103448275862069,0
13,3,0.6923076923076923,0.6153846153846154,0
36,9,0.3333333333333333,0.4722222222222222,0
23,5,0.5652173913043478,0.43478260869565216,1
18,1,0.6111111111111112,0.3333333333333333,0
20,5,0.6,0.5,0
7,0,0.5714285714285714,0.42857142857142855,0
79,6,0.24050632911392406,0.27848101265822783,1
79,6,0.24050632911392406,0.26582278481012656,1
24,5,0.375,0.5416666666666666,0
8,3,0.5,0.625,1
32,4,0.3125,0.21875,1
100,1,0.37,0.32,0
20,1,0.5,0.1,0
18,0,0.7222222222222222,0.4444444444444444,0
81,-1,0.41975308641975306,0.37037037037037035,1
8,-1,0.625,0.125,0
38,4,0.2894736842105263,0.18421052631578946,1
17,-1,0.17647058823529413,0.23529411764705882,0
74,3,0.4189189189189189,0.16216216216216217,1
30,3,0.2,0.16666666666666666,1
10,-1,0.6,0.4,0
14,-2,0.5,0.35714285714285715,0
27,5,0.37037037037037035,0.25925925925925924,0
19,0,0.6842105263157895,0.15789473684210525,1
19,0,0.6842105263157895,0.21052631578947367,1
52,6,0.5576923076923077,0.38461538461538464,1
13,2,0.38461538461538464,0.3076923076923077,1
32,14,0.375,0.6875,0
32,8,0.375,0.5625,0
15,2,0.5333333333333333,0.26666666666666666,0
19,4,0.47368421052631576,0.5263157894736842,1
34,8,0.35294117647058826,0.6470588235294118,0
39,13,0.3076923076923077,0.41025641025641024,1
10,0,0.4,0.4,0
13,3,0.23076923076923078,0.0,0
26,5,0.46153846153846156,0.38461538461538464,1
40,6,0.45,0.35,1
20,6,0.55,0.4,0
21,6,0.5238095238095238,0.38095238095238093,0
38,6,0.5526315789473685,0.47368421052631576,0
20,4,0.65,0.7,0
21,4,0.6190476190476191,0.5238095238095238,0
9,3,0.4444444444444444,0.4444444444444444,1
9,3,0.4444444444444444,0.4444444444444444,1
39,-4,0.358974358974359,0.3076923076923077,1
46,2,0.2608695652173913,0.2826086956521739,1
91,7,0.34065934065934067,0.23076923076923078,1
15,-2,0.4666666666666667,0.3333333333333333,0
10,1,0.5,0.3,1
23,4,0.4782608695652174,0.43478260869565216,0
19,3,0.47368421052631576,0.5263157894736842,0
43,7,0.4418604651162791,0.4186046511627907,0
23,3,0.5217391304347826,0.4782608695652174,1
23,4,0.4782608695652174,0.4782608695652174,1
23,4,0.4782608695652174,0.4782608695652174,1
23,4,0.4782608695652174,0.5217391304347826,1
23,5,0.43478260869565216,0.5217391304347826,1
18,2,0.3333333333333333,0.16666666666666666,0
12,2,0.4166666666666667,0.4166666666666667,1
44,7,0.3409090909090909,0.38636363636363635,1
44,7,0.3409090909090909,0.38636363636363635,1
44,6,0.3181818181818182,0.38636363636363635,1
44,7,0.3409090909090909,0.38636363636363635,1
44,7,0.3181818181818182,0.36363636363636365,1
14,6,0.5714285714285714,0.9285714285714286,0
25,11,0.44,0.8,0
9,0,0.6666666666666666,0.5555555555555556,0
13,6,0.5384615384615384,0.9230769230769231,1
15,4,0.6,0.5333333333333333,0
47,3,0.46808510638297873,0.3191489361702128,1
13,0,0.8461538461538461,0.6153846153846154,0
14,2,0.6428571428571429,0.5,1
28,3,0.42857142857142855,0.39285714285714285,1
16,4,0.625,0.4375,0
29,2,0.3793103448275862,0.2413793103448276,0
29,1,0.3448275862068966,0.20689655172413793,1
90,9,0.36666666666666664,0.2222222222222222,0
7,0,0.7142857142857143,0.2857142857142857,0
84,10,0.4166666666666667,0.2261904761904762,1
92,6,0.32608695652173914,0.20652173913043478,1
93,5,0.3333333333333333,0.22580645161290322,1
92,6,0.32608695652173914,0.21739130434782608,1
93,6,0.3333333333333333,0.22580645161290322,1
92,6,0.32608695652173914,0.21739130434782608,1
93,6,0.3333333333333333,0.22580645161290322,1
93,6,0.3655913978494624,0.1827956989247312,0
93,6,0.3548387096774194,0.1827956989247312,0
93,6,0.3548387096774194,0.1827956989247312,0
90,9,0.36666666666666664,0.2222222222222222,0
90,10,0.34444444444444444,0.25555555555555554,0
30,1,0.3333333333333333,0.13333333333333333,0
90,8,0.4,0.2111111111111111,1
90,8,0.4,0.2111111111111111,0
93,10,0.3548387096774194,0.22580645161290322,1
90,8,0.36666666666666664,0.2222222222222222,0
90,9,0.34444444444444444,0.2111111111111111,0
93,10,0.3118279569892473,0.26881720430107525,1
94,11,0.39361702127659576,0.3191489361702128,0
43,3,0.4186046511627907,0.20930232558139536,1
92,8,0.3695652173913043,0.20652173913043478,0
93,7,0.34408602150537637,0.1935483870967742,0
90,9,0.36666666666666664,0.2,1
90,7,0.36666666666666664,0.2222222222222222,0
92,9,0.34782608695652173,0.1956521739130435,0
91,6,0.3516483516483517,0.25274725274725274,0
21,8,0.3333333333333333,0.38095238095238093,1
26,4,0.46153846153846156,0.3076923076923077,1
38,6,0.23684210526315788,0.2894736842105263,1
15,4,0.4666666666666667,0.3333333333333333,1
15,4,0.4666666666666667,0.3333333333333333,1
15,3,0.4,0.3333333333333333,1
15,3,0.4,0.3333333333333333,1
15,5,0.4,0.4,1
15,5,0.4,0.4,1
15,6,0.4,0.4666666666666667,1
16,-2,0.5625,0.1875,0
16,-2,0.5625,0.1875,0
42,11,0.42857142857142855,0.47619047619047616,1
15,3,0.3333333333333333,0.3333333333333333,0
21,12,0.42857142857142855,0.5714285714285714,0
21,12,0.42857142857142855,0.5714285714285714,0
21,10,0.42857142857142855,0.5714285714285714,0
21,14,0.3333333333333333,0.7142857142857143,0
21,12,0.42857142857142855,0.5714285714285714,0
13,2,0.5384615384615384,0.46153846153846156,1
16,6,0.5625,0.8125,1
59,7,0.3389830508474576,0.3050847457627119,1
17,7,0.35294117647058826,0.4117647058823529,1
18,8,0.3333333333333333,0.4444444444444444,1
9,7,0.1111111111111111,0.7777777777777778,0
18,14,0.1111111111111111,0.7777777777777778,0
19,6,0.47368421052631576,0.7368421052631579,1
19,5,0.3684210526315789,0.631578947368421,1
19,6,0.42105263157894735,0.631578947368421,1
19,5,0.42105263157894735,0.631578947368421,1
19,6,0.47368421052631576,0.631578947368421,1
19,6,0.47368421052631576,0.631578947368421,1
19,5,0.3157894736842105,0.5789473684210527,1
19,5,0.3157894736842105,0.5789473684210527,1
9,1,0.6666666666666666,0.5555555555555556,1
14,4,0.6428571428571429,0.42857142857142855,0
42,15,0.3333333333333333,0.5714285714285714,1
12,8,0.25,0.5,0
13,4,0.46153846153846156,0.6923076923076923,1
15,8,0.4666666666666667,0.7333333333333333,1
15,7,0.5333333333333333,0.7333333333333333,1
15,7,0.4666666666666667,0.6666666666666666,1
15,7,0.4666666666666667,0.7333333333333333,1
24,12,0.25,0.5,0
48,4,0.4166666666666667,0.3541666666666667,0
34,9,0.23529411764705882,0.38235294117647056,0
13,6,0.46153846153846156,0.6923076923076923,1
18,2,0.4444444444444444,0.3888888888888889,0
10,1,0.4,0.1,0
55,5,0.2,0.2909090909090909,0
15,3,0.5333333333333333,0.5333333333333333,0
30,1,0.5,0.4,0
38,13,0.6578947368421053,0.7368421052631579,0
24,3,0.625,0.5416666666666666,0
28,5,0.4642857142857143,0.5,1
28,6,0.4642857142857143,0.5,1
46,13,0.3695652173913043,0.5869565217391305,1
17,0,0.47058823529411764,0.29411764705882354,0
9,3,0.4444444444444444,0.5555555555555556,0
15,4,0.5333333333333333,0.4666666666666667,0
18,5,0.7222222222222222,0.6666666666666666,1
15,2,0.6,0.3333333333333333,1
38,6,0.3684210526315789,0.5789473684210527,0
15,3,0.5333333333333333,0.3333333333333333,1
14,2,0.7142857142857143,0.6428571428571429,1
10,3,0.6,0.8,1
9,3,0.6666666666666666,0.7777777777777778,1
9,3,0.6666666666666666,0.7777777777777778,1
33,-1,0.5151515151515151,0.24242424242424243,0
38,3,0.2894736842105263,0.2631578947368421,0
9,0,0.8888888888888888,0.6666666666666666,0
22,2,0.5454545454545454,0.4090909090909091,1
18,0,0.5555555555555556,0.2222222222222222,0
26,-1,0.3076923076923077,0.2692307692307692,0
23,0,0.2608695652173913,0.2608695652173913,0
30,3,0.4,0.2,1
9,4,0.5555555555555556,0.7777777777777778,1
9,4,0.5555555555555556,0.7777777777777778,1
22,5,0.5909090909090909,0.3181818181818182,0
60,1,0.4166666666666667,0.3,0
27,5,0.4444444444444444,0.48148148148148145,1
27,5,0.4444444444444444,0.48148148148148145,1
24,6,0.5,0.5,0
28,2,0.6785714285714286,0.35714285714285715,0
34,4,0.5294117647058824,0.29411764705882354,1
23,1,0.5217391304347826,0.391304347826087,1
24,1,0.5,0.375,1
23,1,0.5652173913043478,0.4782608695652174,1
28,2,0.5,0.2857142857142857,1
28,2,0.5357142857142857,0.32142857142857145,0
28,2,0.5357142857142857,0.32142857142857145,0
26,4,0.5769230769230769,0.4230769230769231,0
26,2,0.5769230769230769,0.34615384615384615,0
34,3,0.5,0.29411764705882354,0
31,3,0.5483870967741935,0.3225806451612903,1
22,1,0.5454545454545454,0.36363636363636365,0
23,1,0.5217391304347826,0.34782608695652173,0
23,5,0.5217391304347826,0.4782608695652174,1
23,5,0.5652173913043478,0.43478260869565216,1
30,5,0.5333333333333333,0.4,1
28,4,0.5714285714285714,0.35714285714285715,1
29,3,0.5517241379310345,0.3448275862068966,1
30,3,0.5333333333333333,0.3333333333333333,1
26,3,0.5769230769230769,0.34615384615384615,0
30,2,0.4,0.23333333333333334,0
28,3,0.5357142857142857,0.2857142857142857,0
30,3,0.43333333333333335,0.36666666666666664,0
30,4,0.4,0.3333333333333333,1
31,4,0.4838709677419355,0.2903225806451613,1
13,4,0.6153846153846154,0.6153846153846154,1
16,5,0.625,0.5625,0
28,6,0.6785714285714286,0.42857142857142855,0
28,5,0.6785714285714286,0.39285714285714285,0
20,9,0.45,0.65,0
28,3,0.5357142857142857,0.2857142857142857,1
12,3,0.5,0.5,0
13,3,0.5384615384615384,0.46153846153846156,0
14,3,0.5714285714285714,0.42857142857142855,0
19,5,0.5263157894736842,0.42105263157894735,0
31,4,0.5483870967741935,0.3225806451612903,1
29,4,0.5862068965517241,0.3448275862068966,0
34,4,0.5,0.29411764705882354,1
31,4,0.5483870967741935,0.3225806451612903,1
33,4,0.5454545454545454,0.30303030303030304,1
31,4,0.5483870967741935,0.3225806451612903,0
9,3,0.6666666666666666,0.6666666666666666,1
9,3,0.6666666666666666,0.6666666666666666,1
22,4,0.7272727272727273,0.4090909090909091,0
24,4,0.75,0.4166666666666667,0
26,4,0.7307692307692307,0.38461538461538464,0
28,4,0.7142857142857143,0.35714285714285715,1
27,4,0.7037037037037037,0.37037037037037035,1
29,4,0.5862068965517241,0.3448275862068966,0
18,8,0.4444444444444444,0.7777777777777778,1
9,3,0.6666666666666666,0.6666666666666666,1
9,3,0.6666666666666666,0.6666666666666666,1
5,0,0.6,0.0,1
5,0,0.6,0.0,1
31,3,0.5483870967741935,0.2903225806451613,1
46,-1,0.391304347826087,0.1956521739130435,0
15,0,0.4666666666666667,0.2,1
30,1,0.36666666666666664,0.2,0
15,4,0.4,0.6,1
6,0,0.16666666666666666,0.16666666666666666,0
34,6,0.47058823529411764,0.5294117647058824,0
22,-2,0.45454545454545453,0.22727272727272727,0
42,3,0.2619047619047619,0.2619047619047619,1
61,7,0.22950819672131148,0.29508196721311475,0
23,3,0.6521739130434783,0.391304347826087,1
14,3,0.7142857142857143,0.5714285714285714,1
8,1,0.375,0.125,0
42,1,0.40476190476190477,0.2619047619047619,0
40,4,0.475,0.275,1
23,4,0.5652173913043478,0.4782608695652174,1
44,7,0.5227272727272727,0.4090909090909091,1
41,4,0.34146341463414637,0.36585365853658536,1
53,1,0.33962264150943394,0.3018867924528302,1
17,7,0.5294117647058824,0.7647058823529411,0
10,1,0.2,0.1,1
8,3,0.375,0.5,1
10,0,0.4,0.1,1
14,-2,0.35714285714285715,0.07142857142857142,1
62,3,0.3064516129032258,0.24193548387096775,1
62,7,0.27419354838709675,0.24193548387096775,1
8,3,0.375,0.5,1
8,3,0.375,0.375,1
8,3,0.375,0.5,1
8,3,0.375,0.375,1
41,9,0.34146341463414637,0.36585365853658536,1
8,3,0.375,0.5,1
8,3,0.375,0.5,1
34,9,0.5,0.5,1
16,2,0.375,0.25,1
40,2,0.2,0.075,1
40,2,0.2,0.075,1
16,6,0.4375,0.5625,0
98,-5,0.4489795918367347,0.20408163265306123,0
43,3,0.16279069767441862,0.16279069767441862,0
12,0,0.4166666666666667,0.16666666666666666,0
20,10,0.35,0.75,0
44,3,0.20454545454545456,0.1590909090909091,1
45,4,0.2,0.17777777777777778,1
19,2,0.47368421052631576,0.2631578947368421,0
20,0,0.25,0.2,0
66,4,0.36363636363636365,0.22727272727272727,0
64,2,0.328125,0.25,1
46,9,0.2608695652173913,0.34782608695652173,1
12,3,0.5833333333333334,0.5,0
48,4,0.25,0.20833333333333334,0
15,6,0.4666666666666667,0.6666666666666666,1
20,4,0.45,0.45,1
37,8,0.2972972972972973,0.40540540540540543,1
75,10,0.32,0.38666666666666666,1
75,9,0.32,0.37333333333333335,1
75,9,0.32,0.3466666666666667,1
75,8,0.32,0.3466666666666667,1
20,4,0.4,0.3,0
21,14,0.3333333333333333,0.6666666666666666,0
21,16,0.23809523809523808,0.7619047619047619,0
21,13,0.3333333333333333,0.6190476190476191,0
21,13,0.38095238095238093,0.6190476190476191,0
21,12,0.42857142857142855,0.5714285714285714,0
31,20,0.0967741935483871,0.6774193548387096,0
41,3,0.3902439024390244,0.1951219512195122,1
32,-2,0.46875,0.25,0
22,7,0.22727272727272727,0.36363636363636365,1
10,1,0.2,0.3,0
15,1,0.26666666666666666,0.2,0
40,4,0.425,0.25,0
42,3,0.38095238095238093,0.3333333333333333,1
32,1,0.25,0.125,0
88,1,0.4090909090909091,0.19318181818181818,1
19,-1,0.42105263157894735,0.15789473684210525,1
19,-1,0.42105263157894735,0.15789473684210525,1
30,5,0.3,0.3333333333333333,1
8,0,0.5,0.25,1
30,8,0.3,0.43333333333333335,1
54,5,0.2222222222222222,0.25925925925925924,1
67,9,0.417910447761194,0.40298507462686567,1
70,10,0.4142857142857143,0.4,1
18,-1,0.6666666666666666,0.3333333333333333,0
21,0,0.38095238095238093,0.19047619047619047,1
30,7,0.3,0.36666666666666664,1
16,2,0.5,0.3125,0
19,3,0.2631578947368421,0.15789473684210525,0
11,0,0.5454545454545454,0.2727272727272727,0
23,0,0.6521739130434783,0.17391304347826086,0
28,4,0.35714285714285715,0.42857142857142855,1
48,1,0.2708333333333333,0.20833333333333334,0
48,2,0.2708333333333333,0.22916666666666666,0
43,6,0.32558139534883723,0.2558139534883721,1
43,7,0.32558139534883723,0.2558139534883721,1
43,5,0.3488372093023256,0.23255813953488372,1
45,5,0.3333333333333333,0.26666666666666666,1
40,5,0.375,0.225,1
40,4,0.35,0.2,0
41,6,0.34146341463414637,0.2926829268292683,1
40,6,0.425,0.25,1
39,6,0.41025641025641024,0.2564102564102564,1
39,6,0.4358974358974359,0.2564102564102564,1
39,6,0.41025641025641024,0.2564102564102564,1
39,6,0.4358974358974359,0.23076923076923078,1
39,6,0.41025641025641024,0.23076923076923078,1
39,6,0.41025641025641024,0.23076923076923078,1
39,7,0.38461538461538464,0.2564102564102564,1
39,7,0.41025641025641024,0.2564102564102564,1
39,7,0.38461538461538464,0.2564102564102564,1
39,7,0.41025641025641024,0.23076923076923078,1
39,7,0.38461538461538464,0.23076923076923078,1
39,7,0.38461538461538464,0.23076923076923078,1
43,6,0.3488372093023256,0.2558139534883721,0
43,8,0.3023255813953488,0.27906976744186046,0
43,6,0.3023255813953488,0.2558139534883721,0
43,10,0.3023255813953488,0.32558139534883723,1
43,8,0.32558139534883723,0.27906976744186046,1
43,8,0.3023255813953488,0.27906976744186046,0
40,6,0.375,0.2,1
43,9,0.27906976744186046,0.3023255813953488,1
44,6,0.3181818181818182,0.3409090909090909,0
40,5,0.375,0.3,0
43,10,0.27906976744186046,0.3023255813953488,1
43,9,0.27906976744186046,0.27906976744186046,0
40,3,0.35,0.225,1
40,4,0.325,0.225,1
40,3,0.325,0.2,1
40,5,0.35,0.25,1
38,3,0.3684210526315789,0.21052631578947367,0
40,4,0.325,0.225,0
40,4,0.325,0.25,0
40,5,0.325,0.25,1
40,4,0.325,0.225,0
39,5,0.358974358974359,0.1794871794871795,0
40,6,0.325,0.275,1
40,5,0.325,0.225,1
40,5,0.3,0.225,1
40,6,0.3,0.25,1
40,5,0.3,0.2,0
40,6,0.325,0.25,1
40,5,0.35,0.225,1
40,3,0.375,0.225,1
47,7,0.2127659574468085,0.2553191489361702,0
47,7,0.2553191489361702,0.3191489361702128,0
46,3,0.2391304347826087,0.2391304347826087,1
32,5,0.28125,0.34375,0
32,5,0.28125,0.34375,0
32,4,0.28125,0.3125,1
32,6,0.28125,0.34375,0
32,5,0.25,0.3125,0
88,1,0.3977272727272727,0.29545454545454547,1
20,0,0.55,0.2,0
40,3,0.4,0.2,0
20,2,0.4,0.35,0
17,2,0.29411764705882354,0.23529411764705882,0
44,2,0.45454545454545453,0.1590909090909091,0
17,-3,0.4117647058823529,0.23529411764705882,0
23,7,0.17391304347826086,0.30434782608695654,0
17,4,0.47058823529411764,0.4117647058823529,1
22,0,0.45454545454545453,0.18181818181818182,1
19,1,0.3684210526315789,0.21052631578947367,0
7,0,0.42857142857142855,0.14285714285714285,0
38,5,0.3157894736842105,0.23684210526315788,1
6,1,0.16666666666666666,0.0,1
38,2,0.3684210526315789,0.21052631578947367,1
44,2,0.4090909090909091,0.1590909090909091,1
25,0,0.36,0.12,0
9,1,0.3333333333333333,0.1111111111111111,0
55,7,0.2545454545454545,0.2727272727272727,1
99,8,0.32323232323232326,0.20202020202020202,0
51,7,0.29411764705882354,0.29411764705882354,1
26,4,0.34615384615384615,0.38461538461538464,1
44,4,0.38636363636363635,0.22727272727272727,1
43,5,0.37209302325581395,0.23255813953488372,0
43,5,0.3953488372093023,0.23255813953488372,1
39,5,0.41025641025641024,0.23076923076923078,1
43,2,0.4186046511627907,0.18604651162790697,1
43,3,0.3953488372093023,0.18604651162790697,1
48,5,0.3958333333333333,0.2708333333333333,0
18,-2,0.4444444444444444,0.2222222222222222,0
15,3,0.5333333333333333,0.2,0
75,10,0.21333333333333335,0.24,1
21,2,0.5714285714285714,0.42857142857142855,1
16,1,0.625,0.4375,1
51,5,0.29411764705882354,0.23529411764705882,1
38,4,0.34210526315789475,0.3157894736842105,1
17,6,0.29411764705882354,0.35294117647058826,1
23,9,0.5217391304347826,0.6086956521739131,0
22,1,0.5454545454545454,0.36363636363636365,1
21,1,0.5238095238095238,0.42857142857142855,1
17,4,0.5294117647058824,0.4117647058823529,1
17,4,0.47058823529411764,0.47058823529411764,0
17,4,0.5294117647058824,0.4117647058823529,1
17,4,0.5294117647058824,0.47058823529411764,0
13,0,0.38461538461538464,0.23076923076923078,1
92,7,0.34782608695652173,0.2717391304347826,0
92,7,0.358695652173913,0.2717391304347826,0
11,-1,0.6363636363636364,0.09090909090909091,1
20,5,0.4,0.4,0
20,5,0.4,0.4,0
41,4,0.2926829268292683,0.17073170731707318,0
93,5,0.3225806451612903,0.20430107526881722,0
94,1,0.32978723404255317,0.24468085106382978,0
90,7,0.36666666666666664,0.18888888888888888,1
6,-1,0.6666666666666666,0.16666666666666666,0
15,-1,0.5333333333333333,0.0,1
28,1,0.5,0.2857142857142857,1
35,0,0.45714285714285713,0.37142857142857144,0
17,5,0.4117647058823529,0.35294117647058826,1
17,5,0.4117647058823529,0.4117647058823529,1
17,5,0.4117647058823529,0.35294117647058826,1
17,5,0.4117647058823529,0.4117647058823529,1
22,1,0.5,0.2727272727272727,0
29,2,0.4827586206896552,0.3103448275862069,0
29,1,0.5172413793103449,0.2413793103448276,0
29,1,0.5517241379310345,0.27586206896551724,0
29,1,0.5172413793103449,0.27586206896551724,0
29,1,0.4827586206896552,0.20689655172413793,0
29,2,0.4827586206896552,0.3448275862068966,0
29,1,0.5172413793103449,0.2413793103448276,0
6,0,1.0,0.3333333333333333,0
21,7,0.6666666666666666,0.3333333333333333,0
9,-1,0.5555555555555556,0.3333333333333333,1
29,3,0.4827586206896552,0.3103448275862069,1
19,5,0.7368421052631579,0.5789473684210527,0
9,3,0.6666666666666666,0.6666666666666666,1
9,3,0.6666666666666666,0.6666666666666666,1
19,1,0.5789473684210527,0.3684210526315789,0
28,-1,0.5,0.25,0
12,5,0.5,0.4166666666666667,0
43,6,0.16279069767441862,0.20930232558139536,1
12,8,0.16666666666666666,0.6666666666666666,0
20,4,0.7,0.6,0
5,0,0.6,0.2,0
30,2,0.3333333333333333,0.13333333333333333,1
43,5,0.18604651162790697,0.2558139534883721,1
43,5,0.18604651162790697,0.23255813953488372,1
23,5,0.5217391304347826,0.391304347826087,1
27,1,0.3333333333333333,0.25925925925925924,0
26,0,0.38461538461538464,0.19230769230769232,0
9,2,0.3333333333333333,0.1111111111111111,0
19,6,0.42105263157894735,0.3157894736842105,1
17,6,0.47058823529411764,0.6470588235294118,1
16,8,0.1875,0.5625,0
19,0,0.21052631578947367,0.10526315789473684,1
18,-2,0.4444444444444444,0.2222222222222222,0
28,1,0.35714285714285715,0.17857142857142858,1
13,8,0.15384615384615385,0.6153846153846154,0
30,1,0.36666666666666664,0.3333333333333333,0
17,-4,0.35294117647058826,0.23529411764705882,0
13,0,0.5384615384615384,0.3076923076923077,0
12,0,0.5,0.3333333333333333,0
15,0,0.4666666666666667,0.3333333333333333,0
25,1,0.4,0.24,0
35,6,0.2857142857142857,0.37142857142857144,0
33,6,0.3939393939393939,0.48484848484848486,0
33,6,0.42424242424242425,0.5454545454545454,0
30,-3,0.43333333333333335,0.3,0
20,7,0.3,0.6,0
20,7,0.3,0.6,0
11,-3,0.18181818181818182,0.09090909090909091,0
18,-2,0.3888888888888889,0.2777777777777778,0
45,7,0.2,0.26666666666666666,0
50,1,0.34,0.26,0
8,-1,0.375,0.375,0
28,2,0.21428571428571427,0.25,1
15,1,0.3333333333333333,0.13333333333333333,0
31,3,0.25806451612903225,0.3225806451612903,1
26,0,0.34615384615384615,0.5,0
19,6,0.42105263157894735,0.7368421052631579,1
23,-1,0.43478260869565216,0.2608695652173913,0
23,0,0.391304347826087,0.30434782608695654,0
23,1,0.34782608695652173,0.34782608695652173,0
19,6,0.47368421052631576,0.5789473684210527,1
6,0,0.3333333333333333,0.16666666666666666,0
12,5,0.4166666666666667,0.5,0
13,-3,0.3076923076923077,0.3076923076923077,0
14,0,0.42857142857142855,0.35714285714285715,0
15,1,0.4,0.3333333333333333,0
15,1,0.4,0.4,0
30,2,0.3,0.23333333333333334,0
28,1,0.32142857142857145,0.21428571428571427,0
27,0,0.25925925925925924,0.2222222222222222,0
27,1,0.2962962962962963,0.25925925925925924,0
26,3,0.11538461538461539,0.23076923076923078,0
27,1,0.3333333333333333,0.25925925925925924,0
29,0,0.2413793103448276,0.10344827586206896,0
30,0,0.16666666666666666,0.06666666666666667,0
29,0,0.1724137931034483,0.06896551724137931,0
27,0,0.3333333333333333,0.2222222222222222,0
27,0,0.3333333333333333,0.2222222222222222,0
25,-1,0.2,0.08,0
26,2,0.2692307692307692,0.15384615384615385,0
26,0,0.34615384615384615,0.19230769230769232,0
42,-6,0.35714285714285715,0.35714285714285715,0
17,9,0.23529411764705882,0.7647058823529411,0
15,8,0.06666666666666667,0.5333333333333333,0
30,8,0.13333333333333333,0.4,0
17,4,0.5294117647058824,0.6470588235294118,1
9,3,0.0,0.3333333333333333,0
33,7,0.24242424242424243,0.3333333333333333,0
36,7,0.16666666666666666,0.3055555555555556,0
8,3,0.375,0.25,0
9,2,0.3333333333333333,0.1111111111111111,0
9,3,0.3333333333333333,0.1111111111111111,0
21,19,0.0,0.42857142857142855,0
9,3,0.2222222222222222,0.0,0
9,3,0.3333333333333333,0.1111111111111111,0
9,2,0.3333333333333333,0.1111111111111111,0
9,3,0.2222222222222222,0.1111111111111111,0
34,5,0.23529411764705882,0.20588235294117646,0
34,4,0.20588235294117646,0.11764705882352941,0
34,2,0.20588235294117646,0.11764705882352941,0
36,3,0.19444444444444445,0.19444444444444445,1
13,6,0.46153846153846156,0.9230769230769231,0
15,6,0.5333333333333333,0.9333333333333333,0
13,6,0.46153846153846156,0.9230769230769231,0
10,1,0.4,0.5,0
34,3,0.17647058823529413,0.14705882352941177,0
36,6,0.16666666666666666,0.16666666666666666,0
14,1,0.14285714285714285,0.21428571428571427,0
26,1,0.38461538461538464,0.5384615384615384,0
21,1,0.5238095238095238,0.42857142857142855,0
18,10,0.2222222222222222,0.6111111111111112,1
72,-1,0.20833333333333334,0.19444444444444445,0
17,5,0.4117647058823529,0.4117647058823529,0
20,6,0.25,0.55,0
15,1,0.4,0.4666666666666667,0
5,3,0.0,0.6,0
6,4,0.0,0.6666666666666666,0
6,4,0.0,0.6666666666666666,0
6,4,0.0,0.6666666666666666,0
15,6,0.5333333333333333,0.6666666666666666,0
19,1,0.21052631578947367,0.2631578947368421,1
6,4,0.0,0.6666666666666666,0
13,9,0.07692307692307693,0.6923076923076923,0
43,8,0.11627906976744186,0.23255813953488372,0
7,2,0.42857142857142855,0.5714285714285714,1
41,1,0.2926829268292683,0.1951219512195122,0
21,-1,0.47619047619047616,0.23809523809523808,0
21,-1,0.47619047619047616,0.19047619047619047,0
21,0,0.47619047619047616,0.19047619047619047,0
21,-1,0.47619047619047616,0.19047619047619047,0
21,-1,0.47619047619047616,0.14285714285714285,0
21,0,0.47619047619047616,0.19047619047619047,1
6,0,0.8333333333333334,0.5,0
31,10,0.2903225806451613,0.3870967741935484,0
13,6,0.46153846153846156,0.9230769230769231,0
11,2,0.7272727272727273,0.9090909090909091,0
13,6,0.46153846153846156,0.9230769230769231,0
20,13,0.25,0.6,0
16,3,0.625,0.5625,1
12,6,0.3333333333333333,0.8333333333333334,0
24,6,0.4166666666666667,0.625,0
38,5,0.3157894736842105,0.2894736842105263,0
14,1,0.21428571428571427,0.2857142857142857,0
33,9,0.15151515151515152,0.30303030303030304,1
22,2,0.13636363636363635,0.09090909090909091,0
21,7,0.38095238095238093,0.5238095238095238,0
20,1,0.3,0.35,1
8,0,0.125,0.125,0
20,0,0.3,0.2,0
22,3,0.18181818181818182,0.2727272727272727,0
19,4,0.2631578947368421,0.3157894736842105,0
7,-1,0.5714285714285714,0.2857142857142857,0
7,-1,0.5714285714285714,0.42857142857142855,0
7,0,0.7142857142857143,0.42857142857142855,0
7,1,0.5714285714285714,0.5714285714285714,0
34,10,0.14705882352941177,0.4411764705882353,0
34,3,0.17647058823529413,0.2647058823529412,0
32,6,0.25,0.375,0
33,5,0.24242424242424243,0.3333333333333333,0
34,4,0.23529411764705882,0.29411764705882354,0
35,6,0.2857142857142857,0.34285714285714286,0
12,5,0.16666666666666666,0.16666666666666666,0
16,7,0.375,0.8125,0
20,5,0.2,0.4,1
5,1,0.0,0.4,0
9,0,0.0,0.2222222222222222,0
6,4,0.0,0.6666666666666666,0
10,8,0.0,0.8,0
69,17,0.2753623188405797,0.3188405797101449,0
18,7,0.3333333333333333,0.5555555555555556,0
17,7,0.35294117647058826,0.5882352941176471,0
31,13,0.45161290322580644,0.6451612903225806,0
19,1,0.21052631578947367,0.2631578947368421,0
19,1,0.21052631578947367,0.2631578947368421,1
6,4,0.0,0.6666666666666666,0
34,6,0.11764705882352941,0.29411764705882354,0
14,6,0.14285714285714285,0.6428571428571429,0
20,13,0.25,0.6,0
29,5,0.2413793103448276,0.3793103448275862,1
25,6,0.2,0.36,0
19,-4,0.42105263157894735,0.3157894736842105,0
9,0,0.1111111111111111,0.1111111111111111,0
14,2,0.35714285714285715,0.21428571428571427,0
9,3,0.1111111111111111,0.1111111111111111,0
30,1,0.26666666666666666,0.13333333333333333,1
30,0,0.3333333333333333,0.13333333333333333,1
20,-1,0.25,0.2,1
14,1,0.21428571428571427,0.35714285714285715,0
15,3,0.3333333333333333,0.4,0
15,7,0.13333333333333333,0.6,0
16,2,0.3125,0.3125,0
13,2,0.38461538461538464,0.3076923076923077,0
5,-1,0.4,0.2,0
22,-1,0.18181818181818182,0.045454545454545456,0
10,1,0.3,0.2,0
16,2,0.4375,0.125,1
16,2,0.25,0.125,0
16,3,0.25,0.1875,0
16,2,0.25,0.125,1
19,3,0.3157894736842105,0.2631578947368421,0
12,3,0.4166666666666667,0.3333333333333333,0
19,4,0.3157894736842105,0.3157894736842105,1
19,6,0.2631578947368421,0.3157894736842105,1
19,6,0.42105263157894735,0.3157894736842105,0
19,4,0.42105263157894735,0.21052631578947367,1
19,6,0.42105263157894735,0.3157894736842105,1
19,4,0.42105263157894735,0.21052631578947367,1
35,1,0.2857142857142857,0.22857142857142856,0
19,0,0.21052631578947367,0.15789473684210525,0
22,5,0.4090909090909091,0.5909090909090909,0
29,7,0.4482758620689655,0.5517241379310345,0
15,4,0.4666666666666667,0.4666666666666667,0
15,4,0.4666666666666667,0.4666666666666667,0
20,-2,0.4,0.15,1
23,3,0.391304347826087,0.2608695652173913,0
23,2,0.391304347826087,0.2608695652173913,0
19,6,0.42105263157894735,0.3157894736842105,1
24,10,0.125,0.4166666666666667,0
8,1,0.5,0.25,0
57,7,0.24561403508771928,0.0,1
18,5,0.4444444444444444,0.5555555555555556,0
18,5,0.5,0.5555555555555556,0
18,3,0.3888888888888889,0.5555555555555556,0
18,4,0.3888888888888889,0.5555555555555556,0
18,7,0.3888888888888889,0.6666666666666666,0
18,6,0.3888888888888889,0.6111111111111112,0
18,5,0.4444444444444444,0.5,0
18,5,0.4444444444444444,0.5555555555555556,0
18,5,0.4444444444444444,0.5555555555555556,0
18,6,0.3888888888888889,0.5555555555555556,0
18,5,0.5,0.6111111111111112,0
18,5,0.4444444444444444,0.5555555555555556,0
20,6,0.45,0.6,0
18,5,0.3888888888888889,0.5,0
18,5,0.4444444444444444,0.5,0
18,5,0.5555555555555556,0.6666666666666666,0
18,5,0.5,0.6111111111111112,0
18,5,0.5,0.5555555555555556,0
29,3,0.41379310344827586,0.3103448275862069,1
23,4,0.391304347826087,0.391304347826087,1
15,-2,0.5333333333333333,0.06666666666666667,0
34,-3,0.38235294117647056,0.3235294117647059,1
79,1,0.35443037974683544,0.3037974683544304,1
42,0,0.47619047619047616,0.2619047619047619,0
96,4,0.3958333333333333,0.17708333333333334,1
74,-2,0.25675675675675674,0.20270270270270271,0
20,0,0.4,0.2,1
35,-2,0.45714285714285713,0.34285714285714286,0
33,4,0.24242424242424243,0.24242424242424243,0
34,5,0.20588235294117646,0.2647058823529412,0
49,-3,0.24489795918367346,0.1836734693877551,0
33,3,0.30303030303030304,0.18181818181818182,0
44,2,0.22727272727272727,0.22727272727272727,0
44,2,0.18181818181818182,0.20454545454545456,0
44,6,0.20454545454545456,0.25,0
37,5,0.32432432432432434,0.32432432432432434,0
20,-1,0.45,0.05,0
16,1,0.3125,0.4375,1
36,-1,0.19444444444444445,0.16666666666666666,0
37,-1,0.2702702702702703,0.10810810810810811,0
18,4,0.4444444444444444,0.5555555555555556,0
30,2,0.4,0.3,1
59,7,0.2033898305084746,0.2542372881355932,0
7,-7,0.0,0.0,1
15,-7,0.06666666666666667,0.2,0
14,-4,0.6428571428571429,0.07142857142857142,0
44,0,0.3181818181818182,0.25,0
17,-2,0.47058823529411764,0.35294117647058826,0
71,-4,0.19718309859154928,0.18309859154929578,0
10,-2,0.4,0.3,1
41,-1,0.3902439024390244,0.34146341463414637,0
42,-1,0.3333333333333333,0.30952380952380953,0
42,0,0.3333333333333333,0.30952380952380953,0
83,2,0.26506024096385544,0.1686746987951807,1
83,2,0.26506024096385544,0.1686746987951807,1
95,-4,0.35789473684210527,0.3684210526315789,1
51,8,0.21568627450980393,0.35294117647058826,1
13,-2,0.6153846153846154,0.07692307692307693,0
13,-1,0.5384615384615384,0.0,0
13,-2,0.6153846153846154,0.0,0
14,-2,0.5714285714285714,0.07142857142857142,0
14,-1,0.5,0.0,0
14,-2,0.5714285714285714,0.0,0
14,-2,0.5714285714285714,0.07142857142857142,0
14,-2,0.5714285714285714,0.0,0
42,0,0.2857142857142857,0.21428571428571427,1
5,-5,0.0,0.0,0
10,-10,0.0,0.0,0
6,-5,0.16666666666666666,0.16666666666666666,1
85,-5,0.3411764705882353,0.32941176470588235,0
51,-7,0.2549019607843137,0.2549019607843137,0
47,-5,0.2978723404255319,0.3404255319148936,0
53,1,0.22641509433962265,0.2641509433962264,0
9,2,0.1111111111111111,0.4444444444444444,0
82,4,0.2926829268292683,0.2073170731707317,1
82,5,0.2926829268292683,0.21951219512195122,1
57,2,0.3508771929824561,0.22807017543859648,0
13,-2,0.38461538461538464,0.3076923076923077,1
50,0,0.28,0.16,0
4,-3,0.25,0.0,0
38,6,0.2894736842105263,0.3157894736842105,1
48,5,0.3958333333333333,0.3125,1
47,5,0.3404255319148936,0.3191489361702128,1
29,3,0.4827586206896552,0.3448275862068966,1
12,2,0.5833333333333334,0.5833333333333334,0
12,2,0.6666666666666666,0.5833333333333334,0
20,-1,0.35,0.4,0
15,2,0.4,0.4666666666666667,0
41,3,0.4634146341463415,0.14634146341463414,0
18,0,0.6111111111111112,0.3333333333333333,0
77,-1,0.33766233766233766,0.18181818181818182,1
22,6,0.5454545454545454,0.6818181818181818,0
23,0,0.34782608695652173,0.391304347826087,0
22,4,0.3181818181818182,0.5454545454545454,0
26,0,0.3076923076923077,0.15384615384615385,1
54,6,0.2222222222222222,0.2037037037037037,0
78,14,0.08974358974358974,0.07692307692307693,0
86,5,0.32558139534883723,0.32558139534883723,1
11,-1,0.36363636363636365,0.09090909090909091,0
15,0,0.4,0.13333333333333333,0
15,-1,0.5333333333333333,0.13333333333333333,0
37,5,0.2702702702702703,0.32432432432432434,1
36,6,0.3055555555555556,0.25,1
36,5,0.2777777777777778,0.19444444444444445,1
36,5,0.2777777777777778,0.2222222222222222,1
36,6,0.2777777777777778,0.2222222222222222,1
36,4,0.2777777777777778,0.2222222222222222,1
36,5,0.2777777777777778,0.25,1
57,6,0.24561403508771928,0.2982456140350877,0
47,1,0.2553191489361702,0.19148936170212766,1
67,6,0.29850746268656714,0.29850746268656714,1
15,-1,0.4,0.2,1
76,-4,0.4342105263157895,0.2236842105263158,1
68,-2,0.4411764705882353,0.25,1
31,1,0.3225806451612903,0.25806451612903225,0
11,0,0.2727272727272727,0.18181818181818182,1
11,1,0.5454545454545454,0.36363636363636365,0
25,-1,0.2,0.28,0
56,3,0.4107142857142857,0.26785714285714285,0
56,2,0.39285714285714285,0.26785714285714285,0
49,6,0.24489795918367346,0.32653061224489793,1
37,5,0.2702702702702703,0.35135135135135137,1
20,2,0.45,0.4,0
36,-4,0.4166666666666667,0.3611111111111111,0
40,-4,0.4,0.35,0
42,-4,0.35714285714285715,0.30952380952380953,0
35,-3,0.37142857142857144,0.4,0
45,-3,0.3333333333333333,0.37777777777777777,0
14,-3,0.5,0.35714285714285715,0
56,-6,0.44642857142857145,0.4107142857142857,0
9,-2,0.2222222222222222,0.2222222222222222,0
23,-2,0.391304347826087,0.21739130434782608,0
18,7,0.2222222222222222,0.5,1
44,1,0.2727272727272727,0.18181818181818182,1
44,4,0.29545454545454547,0.20454545454545456,0
43,1,0.3488372093023256,0.18604651162790697,1
44,2,0.2727272727272727,0.18181818181818182,0
43,3,0.3023255813953488,0.20930232558139536,1
44,0,0.3181818181818182,0.18181818181818182,1
44,-1,0.3409090909090909,0.18181818181818182,1
44,3,0.29545454545454547,0.20454545454545456,0
44,4,0.29545454545454547,0.20454545454545456,0
44,3,0.29545454545454547,0.18181818181818182,0
44,4,0.29545454545454547,0.18181818181818182,0
44,3,0.29545454545454547,0.20454545454545456,0
44,3,0.29545454545454547,0.22727272727272727,0
44,3,0.29545454545454547,0.20454545454545456,0
44,4,0.29545454545454547,0.20454545454545456,0
44,4,0.29545454545454547,0.22727272727272727,0
44,4,0.29545454545454547,0.20454545454545456,0
44,3,0.3181818181818182,0.20454545454545456,0
44,3,0.3181818181818182,0.22727272727272727,0
28,3,0.03571428571428571,0.14285714285714285,0
49,1,0.4897959183673469,0.14285714285714285,1
49,-2,0.2653061224489796,0.2653061224489796,0
39,0,0.1794871794871795,0.20512820512820512,0
15,-2,0.6,0.4,0
9,-1,0.4444444444444444,0.3333333333333333,0
21,2,0.6190476190476191,0.6190476190476191,0
35,-5,0.37142857142857144,0.34285714285714286,0
37,1,0.24324324324324326,0.24324324324324326,1
54,7,0.3333333333333333,0.3333333333333333,1
50,9,0.32,0.4,1
20,-4,0.2,0.2,0
14,1,0.2857142857142857,0.42857142857142855,1
32,3,0.40625,0.40625,1
32,3,0.375,0.375,1
32,2,0.375,0.40625,1
39,-3,0.4358974358974359,0.4358974358974359,0
33,7,0.30303030303030304,0.36363636363636365,1
27,0,0.5555555555555556,0.18518518518518517,1
50,4,0.36,0.28,1
10,0,0.3,0.2,1
66,3,0.3333333333333333,0.24242424242424243,0
36,4,0.19444444444444445,0.2777777777777778,0
23,2,0.43478260869565216,0.30434782608695654,1
34,2,0.4117647058823529,0.2647058823529412,0
33,2,0.42424242424242425,0.2727272727272727,0
41,-2,0.07317073170731707,0.1951219512195122,1
41,-3,0.07317073170731707,0.1951219512195122,1
41,-2,0.07317073170731707,0.1951219512195122,1
36,6,0.25,0.3055555555555556,1
39,7,0.23076923076923078,0.3076923076923077,1
34,6,0.2647058823529412,0.35294117647058826,1
53,2,0.37735849056603776,0.22641509433962265,1
53,1,0.2830188679245283,0.22641509433962265,0
66,5,0.22727272727272727,0.21212121212121213,1
66,5,0.21212121212121213,0.21212121212121213,1
67,5,0.22388059701492538,0.208955223880597,1
66,5,0.21212121212121213,0.21212121212121213,1
66,5,0.21212121212121213,0.21212121212121213,1
66,5,0.21212121212121213,0.21212121212121213,1
66,5,0.22727272727272727,0.21212121212121213,1
67,5,0.208955223880597,0.19402985074626866,1
37,5,0.13513513513513514,0.2702702702702703,1
37,5,0.13513513513513514,0.2702702702702703,1
26,6,0.038461538461538464,0.2692307692307692,0
31,6,0.03225806451612903,0.25806451612903225,0
43,0,0.23255813953488372,0.3953488372093023,1
12,0,0.25,0.25,0
60,3,0.3,0.2833333333333333,1
63,-1,0.2698412698412698,0.2698412698412698,0
15,-3,0.26666666666666666,0.2,0
24,12,0.16666666666666666,0.3333333333333333,1
25,13,0.16,0.36,0
32,12,0.21875,0.3125,1
38,13,0.15789473684210525,0.2631578947368421,1
30,10,0.1,0.26666666666666666,0
24,11,0.08333333333333333,0.3333333333333333,0
38,8,0.23684210526315788,0.2894736842105263,0
22,2,0.36363636363636365,0.5,1
15,2,0.4666666666666667,0.4,0
24,2,0.4583333333333333,0.375,1
66,10,0.19696969696969696,0.22727272727272727,1
52,-3,0.25,0.19230769230769232,0
25,4,0.2,0.28,1
25,3,0.2,0.32,0
25,3,0.28,0.32,0
25,4,0.24,0.28,0
15,-2,0.26666666666666666,0.3333333333333333,1
36,5,0.25,0.2777777777777778,0
43,1,0.27906976744186046,0.18604651162790697,0
25,1,0.2,0.28,0
25,1,0.24,0.32,0
16,0,0.4375,0.3125,0
32,3,0.25,0.34375,0
18,-3,0.4444444444444444,0.16666666666666666,0
48,-6,0.4166666666666667,0.3333333333333333,0
58,7,0.3275862068965517,0.25862068965517243,0
13,1,0.5384615384615384,0.38461538461538464,1
18,-4,0.4444444444444444,0.3333333333333333,0
37,4,0.4594594594594595,0.4594594594594595,1
58,-1,0.3103448275862069,0.25862068965517243,0
52,-2,0.2692307692307692,0.25,0
15,2,0.5333333333333333,0.4666666666666667,0
44,1,0.20454545454545456,0.09090909090909091,1
16,-1,0.3125,0.1875,0
30,2,0.43333333333333335,0.36666666666666664,0
18,-1,0.5555555555555556,0.2222222222222222,0
18,-1,0.5555555555555556,0.3333333333333333,0
31,-2,0.4838709677419355,0.12903225806451613,1
21,-3,0.42857142857142855,0.14285714285714285,1
6,0,0.6666666666666666,0.3333333333333333,0
41,7,0.24390243902439024,0.2926829268292683,1
9,2,0.4444444444444444,0.2222222222222222,1
47,0,0.23404255319148937,0.2765957446808511,0
10,0,0.3,0.3,0
4,-1,0.5,0.0,0
68,4,0.2647058823529412,0.27941176470588236,0
15,0,0.7333333333333333,0.4,1
42,-3,0.38095238095238093,0.30952380952380953,1
70,5,0.35714285714285715,0.38571428571428573,0
26,10,0.34615384615384615,0.7307692307692307,0
26,10,0.38461538461538464,0.7692307692307693,0
26,10,0.38461538461538464,0.7692307692307693,0
26,10,0.34615384615384615,0.7307692307692307,0
26,9,0.4230769230769231,0.8076923076923077,0
26,10,0.4230769230769231,0.7692307692307693,0
18,-8,0.2777777777777778,0.1111111111111111,0
33,-4,0.48484848484848486,0.3333333333333333,0
10,0,0.3,0.3,0
66,2,0.30303030303030304,0.19696969696969696,1
37,2,0.2702702702702703,0.16216216216216217,0
37,2,0.24324324324324326,0.16216216216216217,0
71,2,0.43661971830985913,0.19718309859154928,1
33,1,0.2727272727272727,0.15151515151515152,0
24,5,0.4166666666666667,0.375,0
18,5,0.2222222222222222,0.3888888888888889,0
36,-1,0.19444444444444445,0.08333333333333333,0
36,-1,0.16666666666666666,0.16666666666666666,0
6,-2,0.5,0.3333333333333333,0
9,-2,0.4444444444444444,0.3333333333333333,0
30,4,0.4,0.4666666666666667,0
55,3,0.3090909090909091,0.32727272727272727,0
50,-3,0.22,0.18,0
30,-3,0.3,0.43333333333333335,0
23,0,0.13043478260869565,0.43478260869565216,0
48,-6,0.20833333333333334,0.3125,0
53,-7,0.22641509433962265,0.2641509433962264,0
51,-8,0.27450980392156865,0.21568627450980393,0
51,9,0.23529411764705882,0.3137254901960784,0
10,0,0.2,0.1,0
26,9,0.34615384615384615,0.8076923076923077,0
26,10,0.34615384615384615,0.7692307692307693,0
51,-5,0.2549019607843137,0.11764705882352941,0
21,-5,0.38095238095238093,0.3333333333333333,0
25,4,0.4,0.6,0
32,6,0.4375,0.5625,0
61,3,0.4426229508196721,0.4426229508196721,0
10,-1,0.3,0.4,0
23,-3,0.34782608695652173,0.30434782608695654,0
31,-2,0.3225806451612903,0.3548387096774194,0
36,-5,0.3611111111111111,0.25,0
31,-2,0.3225806451612903,0.3870967741935484,0
73,-1,0.3287671232876712,0.2602739726027397,0
73,0,0.2465753424657534,0.1917808219178082,0
2,-1,0.5,0.5,0
50,6,0.26,0.4,0
50,6,0.26,0.38,1
50,4,0.26,0.34,0
49,3,0.30612244897959184,0.22448979591836735,1
49,4,0.30612244897959184,0.24489795918367346,1
49,4,0.2857142857142857,0.2857142857142857,1
49,6,0.30612244897959184,0.2857142857142857,1
37,6,0.1891891891891892,0.24324324324324326,1
6,-1,0.8333333333333334,0.5,0
18,-2,0.5555555555555556,0.2777777777777778,0
29,6,0.4482758620689655,0.3793103448275862,0
13,0,0.38461538461538464,0.07692307692307693,0
27,0,0.2222222222222222,0.3333333333333333,0
20,1,0.45,0.35,0
20,-3,0.35,0.1,0
66,8,0.3333333333333333,0.15151515151515152,1
42,9,0.23809523809523808,0.35714285714285715,1
40,4,0.325,0.425,1
14,5,0.5,0.9285714285714286,0
23,7,0.08695652173913043,0.34782608695652173,0
42,3,0.3333333333333333,0.38095238095238093,1
36,-4,0.4166666666666667,0.3611111111111111,0
37,-5,0.4594594594594595,0.3783783783783784,0
20,5,0.4,0.5,0
21,0,0.5238095238095238,0.38095238095238093,0
21,1,0.5238095238095238,0.38095238095238093,0
21,1,0.47619047619047616,0.38095238095238093,0
21,0,0.47619047619047616,0.3333333333333333,0
16,4,0.5,0.375,1
15,4,0.3333333333333333,0.4,1
15,4,0.3333333333333333,0.4,1
20,1,0.4,0.45,0
36,8,0.2222222222222222,0.3333333333333333,1
16,3,0.3125,0.25,0
10,4,0.4,0.7,0
63,6,0.23809523809523808,0.2698412698412698,0
71,2,0.29577464788732394,0.2535211267605634,0
61,8,0.21311475409836064,0.29508196721311475,0
66,1,0.19696969696969696,0.25757575757575757,0
15,4,0.4,0.4666666666666667,1
67,5,0.208955223880597,0.19402985074626866,1
67,6,0.208955223880597,0.208955223880597,1
67,5,0.208955223880597,0.19402985074626866,1
10,-2,0.4,0.2,1
10,-2,0.4,0.1,1
10,-2,0.4,0.2,1
10,-2,0.4,0.2,1
10,-2,0.4,0.1,1
18,6,0.5,0.6111111111111112,1
18,6,0.5,0.6111111111111112,1
50,5,0.24,0.16,1
50,4,0.24,0.18,0
60,-7,0.36666666666666664,0.35,0
68,-6,0.36764705882352944,0.35294117647058826,0
56,-6,0.3392857142857143,0.32142857142857145,0
64,-7,0.34375,0.328125,0
75,-9,0.4266666666666667,0.3466666666666667,0
48,7,0.2708333333333333,0.3541666666666667,1
48,5,0.1875,0.2708333333333333,1
18,-2,0.3888888888888889,0.2777777777777778,0
7,-1,0.42857142857142855,0.42857142857142855,0
7,-2,0.7142857142857143,0.5714285714285714,0
36,3,0.3055555555555556,0.3888888888888889,1
36,-4,0.4166666666666667,0.3611111111111111,0
82,4,0.2804878048780488,0.25609756097560976,0
20,0,0.55,0.45,0
19,-1,0.42105263157894735,0.3157894736842105,1
19,8,0.3157894736842105,0.631578947368421,0
40,1,0.375,0.25,1
15,4,0.26666666666666666,0.5333333333333333,1
32,-3,0.34375,0.40625,0
41,-3,0.24390243902439024,0.4146341463414634,0
32,-3,0.3125,0.375,0
8,0,0.125,0.125,0
53,5,0.37735849056603776,0.2641509433962264,1
54,2,0.3888888888888889,0.24074074074074073,0
28,2,0.32142857142857145,0.25,1
51,0,0.1568627450980392,0.19607843137254902,0
39,0,0.4358974358974359,0.38461538461538464,1
62,-1,0.25806451612903225,0.20967741935483872,0
17,-2,0.35294117647058826,0.23529411764705882,1
58,-1,0.3620689655172414,0.2413793103448276,0
22,3,0.36363636363636365,0.5,0
16,1,0.25,0.25,1
44,1,0.25,0.18181818181818182,0
42,1,0.2619047619047619,0.16666666666666666,0
9,1,0.4444444444444444,0.5555555555555556,1
11,-2,0.36363636363636365,0.18181818181818182,0
11,-1,0.36363636363636365,0.18181818181818182,0
14,0,0.5,0.5714285714285714,1
75,-2,0.3466666666666667,0.24,0
11,-3,0.36363636363636365,0.2727272727272727,0
11,-3,0.36363636363636365,0.18181818181818182,0
11,-2,0.36363636363636365,0.2727272727272727,0
41,-1,0.3170731707317073,0.17073170731707318,0
9,-1,0.3333333333333333,0.1111111111111111,0
23,0,0.21739130434782608,0.08695652173913043,0
43,-1,0.13953488372093023,0.11627906976744186,0
45,1,0.13333333333333333,0.13333333333333333,0
10,-4,0.0,0.2,0
23,1,0.391304347826087,0.30434782608695654,1
52,1,0.15384615384615385,0.21153846153846154,0
27,-1,0.2222222222222222,0.48148148148148145,0
18,-1,0.6111111111111112,0.3333333333333333,0
15,-1,0.26666666666666666,0.2,0
20,0,0.5,0.45,0
20,-1,0.4,0.2,0
20,-1,0.45,0.3,0
67,2,0.3880597014925373,0.34328358208955223,0
75,11,0.22666666666666666,0.3333333333333333,0
8,4,0.0,0.75,0
10,1,0.2,0.4,1
4,1,0.0,0.5,0
15,4,0.4,0.4,1
15,2,0.4666666666666667,0.4,0
41,6,0.2926829268292683,0.36585365853658536,1
49,-6,0.20408163265306123,0.24489795918367346,1
49,-6,0.20408163265306123,0.24489795918367346,1
18,-2,0.5,0.2777777777777778,0
15,-1,0.4,0.4666666666666667,0
12,-2,0.5,0.3333333333333333,0
15,-2,0.3333333333333333,0.2,0
76,4,0.39473684210526316,0.11842105263157894,1
18,4,0.4444444444444444,0.3333333333333333,1
16,2,0.5,0.5,1
18,6,0.3888888888888889,0.7222222222222222,1
75,0,0.30666666666666664,0.28,1
10,1,0.3,0.5,0
19,6,0.3157894736842105,0.631578947368421,1
15,1,0.26666666666666666,0.26666666666666666,0
39,4,0.41025641025641024,0.3076923076923077,1
52,2,0.34615384615384615,0.25,0
18,4,0.5,0.6111111111111112,1
60,-3,0.2833333333333333,0.31666666666666665,1
12,-2,0.5833333333333334,0.3333333333333333,0
18,4,0.4444444444444444,0.6111111111111112,1
10,-1,0.5,0.5,0
12,-2,0.5,0.3333333333333333,0
20,-5,0.45,0.05,0
25,0,0.32,0.24,0
20,1,0.15,0.1,0
78,5,0.3076923076923077,0.28205128205128205,0
46,4,0.15217391304347827,0.1956521739130435,1
10,2,0.5,0.4,0
52,3,0.3269230769230769,0.19230769230769232,0
53,0,0.2641509433962264,0.24528301886792453,0
46,9,0.1956521739130435,0.2826086956521739,0
57,2,0.2631578947368421,0.2982456140350877,0
41,-6,0.34146341463414637,0.2926829268292683,0
20,-1,0.45,0.1,0
18,1,0.3888888888888889,0.5555555555555556,0
18,2,0.3888888888888889,0.5555555555555556,0
35,-1,0.34285714285714286,0.3142857142857143,0
50,4,0.4,0.18,1
18,0,0.5555555555555556,0.3888888888888889,0
15,5,0.4666666666666667,0.4666666666666667,1
29,-5,0.3103448275862069,0.20689655172413793,1
20,2,0.55,0.45,0
23,9,0.6086956521739131,0.7391304347826086,0
14,0,0.8571428571428571,0.6428571428571429,0
19,10,0.47368421052631576,0.7894736842105263,0
19,7,0.631578947368421,0.7368421052631579,0
23,9,0.6086956521739131,0.7391304347826086,1
21,4,0.5238095238095238,0.5238095238095238,0
21,3,0.5238095238095238,0.47619047619047616,0
21,4,0.47619047619047616,0.5238095238095238,0
21,4,0.5238095238095238,0.5238095238095238,0
21,4,0.5714285714285714,0.5238095238095238,0
39,6,0.38461538461538464,0.5897435897435898,1
13,1,0.6153846153846154,0.38461538461538464,0
15,3,0.6,0.5333333333333333,1
19,4,0.631578947368421,0.5789473684210527,1
18,6,0.5555555555555556,0.6666666666666666,1
37,15,0.5945945945945946,0.43243243243243246,0
26,9,0.5,0.6153846153846154,0
2,0,0.5,0.5,0
49,1,0.22448979591836735,0.14285714285714285,0
12,2,0.4166666666666667,0.5,1
19,0,0.42105263157894735,0.21052631578947367,0
18,1,0.3333333333333333,0.16666666666666666,0
20,4,0.35,0.4,0
11,1,0.45454545454545453,0.36363636363636365,1
18,0,0.6111111111111112,0.3888888888888889,0
12,1,0.5833333333333334,0.4166666666666667,1
14,1,0.6428571428571429,0.5,1
36,7,0.3611111111111111,0.5,1
15,2,0.5333333333333333,0.4666666666666667,1
15,2,0.5333333333333333,0.4666666666666667,1
14,1,0.5714285714285714,0.42857142857142855,0
14,-1,0.5714285714285714,0.5,0
41,1,0.2926829268292683,0.21951219512195122,1
14,1,0.5714285714285714,0.42857142857142855,1
14,1,0.6428571428571429,0.5,1
11,0,0.5454545454545454,0.2727272727272727,0
45,1,0.15555555555555556,0.3333333333333333,0
45,3,0.24444444444444444,0.4,0
45,3,0.24444444444444444,0.4,0
45,3,0.24444444444444444,0.4,1
59,-1,0.22033898305084745,0.3220338983050847,1
59,3,0.23728813559322035,0.23728813559322035,1
61,4,0.26229508196721313,0.29508196721311475,1
15,8,0.4,0.9333333333333333,0
13,8,0.3076923076923077,0.9230769230769231,0
8,4,0.5,1.0,0
8,2,0.75,1.0,0
8,1,0.75,0.875,1
10,2,0.6,0.8,1
20,2,0.7,0.4,1
18,3,0.5555555555555556,0.6111111111111112,1
22,5,0.45454545454545453,0.5,1
13,4,0.6153846153846154,0.8461538461538461,1
24,3,0.5,0.5,1
55,6,0.32727272727272727,0.2545454545454545,1
22,7,0.45454545454545453,0.4090909090909091,0
10,7,0.2,0.9,0
25,4,0.44,0.6,1
13,2,0.6153846153846154,0.6923076923076923,1
24,4,0.5833333333333334,0.4583333333333333,1
24,4,0.5416666666666666,0.5416666666666666,1
24,4,0.5416666666666666,0.5,1
26,6,0.4230769230769231,0.6153846153846154,0
25,9,0.48,0.52,1
25,9,0.48,0.52,1
22,7,0.45454545454545453,0.45454545454545453,0
22,7,0.45454545454545453,0.45454545454545453,1
23,7,0.43478260869565216,0.43478260869565216,1
22,7,0.45454545454545453,0.45454545454545453,1
23,7,0.43478260869565216,0.43478260869565216,1
23,7,0.43478260869565216,0.43478260869565216,1
23,7,0.43478260869565216,0.43478260869565216,1
8,3,0.625,0.5,1
9,3,0.6666666666666666,0.6666666666666666,0
21,7,0.47619047619047616,0.5714285714285714,0
82,4,0.35365853658536583,0.3902439024390244,0
17,4,0.5882352941176471,0.7058823529411765,1
17,6,0.5882352941176471,0.8235294117647058,1
15,9,0.26666666666666666,0.8666666666666667,0
16,10,0.25,0.875,0
50,8,0.36,0.36,1
24,4,0.5416666666666666,0.4583333333333333,0
24,4,0.5833333333333334,0.4166666666666667,1
14,2,0.5,0.5714285714285714,1
24,4,0.5416666666666666,0.5416666666666666,1
20,3,0.6,0.45,1
24,4,0.5,0.4583333333333333,0
24,4,0.5,0.4166666666666667,1
16,1,0.6875,0.6875,1
13,1,0.6923076923076923,0.6923076923076923,1
16,1,0.625,0.625,1
10,1,0.6,0.6,1
13,1,0.6153846153846154,0.6153846153846154,0
13,1,0.6153846153846154,0.6153846153846154,1
16,1,0.5625,0.5625,1
13,2,0.6153846153846154,0.6153846153846154,1
14,3,0.5714285714285714,0.6428571428571429,1
24,3,0.5833333333333334,0.5416666666666666,0
24,4,0.5416666666666666,0.5833333333333334,0
17,2,0.5882352941176471,0.5882352941176471,1
17,1,0.6470588235294118,0.5882352941176471,1
24,4,0.5833333333333334,0.4166666666666667,1
24,4,0.4583333333333333,0.4166666666666667,0
19,3,0.47368421052631576,0.5263157894736842,1
13,1,0.6153846153846154,0.6153846153846154,1
44,7,0.3409090909090909,0.36363636363636365,1
19,4,0.5263157894736842,0.3684210526315789,1
19,7,0.47368421052631576,0.5263157894736842,1
22,6,0.5909090909090909,0.4090909090909091,1
13,1,0.6153846153846154,0.6153846153846154,1
31,1,0.3225806451612903,0.25806451612903225,1
17,3,0.5882352941176471,0.6470588235294118,1
17,1,0.6470588235294118,0.5882352941176471,1
17,1,0.5882352941176471,0.5294117647058824,1
17,1,0.5882352941176471,0.5294117647058824,1
17,4,0.5882352941176471,0.7058823529411765,1
17,1,0.5882352941176471,0.5294117647058824,0
19,2,0.5789473684210527,0.47368421052631576,0
20,2,0.55,0.45,1
19,2,0.5789473684210527,0.47368421052631576,0
10,4,0.6,0.8,0
27,5,0.5555555555555556,0.5185185185185185,1
22,5,0.5,0.3181818181818182,1
15,1,0.26666666666666666,0.2,0
10,0,0.3,0.2,0
21,4,0.5238095238095238,0.6190476190476191,1
13,3,0.23076923076923078,0.07692307692307693,0
10,1,0.5,0.2,0
21,6,0.5238095238095238,0.5238095238095238,0
22,4,0.2727272727272727,0.2727272727272727,0
35,6,0.3142857142857143,0.37142857142857144,0
22,4,0.5454545454545454,0.5454545454545454,1
23,4,0.5217391304347826,0.5217391304347826,1
25,8,0.52,0.64,1
10,1,0.7,0.8,1
16,4,0.625,0.625,1
25,9,0.48,0.56,1
45,6,0.4444444444444444,0.4666666666666667,0
12,2,0.5833333333333334,0.6666666666666666,0
15,3,0.4666666666666667,0.6666666666666666,1
11,2,0.6363636363636364,0.6363636363636364,0
13,2,0.6923076923076923,0.6923076923076923,1
19,1,0.631578947368421,0.47368421052631576,0
19,2,0.631578947368421,0.47368421052631576,0
14,1,0.6428571428571429,0.6428571428571429,1
14,2,0.7142857142857143,0.6428571428571429,1
13,1,0.6923076923076923,0.5384615384615384,1
13,2,0.6153846153846154,0.7692307692307693,1
13,2,0.6153846153846154,0.7692307692307693,1
13,2,0.6153846153846154,0.7692307692307693,1
16,2,0.5625,0.5,1
20,5,0.5,0.6,1
17,1,0.5882352941176471,0.5294117647058824,0
17,1,0.5882352941176471,0.5294117647058824,0
14,0,0.6428571428571429,0.5,1
15,0,0.6,0.4666666666666667,1
15,1,0.6,0.5333333333333333,1
24,4,0.5416666666666666,0.5416666666666666,1
22,2,0.5909090909090909,0.36363636363636365,0
20,2,0.65,0.5,1
18,2,0.6111111111111112,0.6111111111111112,0
15,4,0.4,0.5333333333333333,0
25,10,0.44,0.56,1
22,6,0.45454545454545453,0.5,1
25,10,0.44,0.56,0
25,10,0.44,0.6,1
25,9,0.4,0.6,0
25,12,0.36,0.56,1
21,6,0.5238095238095238,0.5714285714285714,1
23,8,0.4782608695652174,0.6086956521739131,1
25,10,0.44,0.64,1
25,9,0.44,0.56,1
25,11,0.4,0.64,0
25,10,0.44,0.72,1
25,11,0.4,0.64,1
23,7,0.43478260869565216,0.43478260869565216,0
25,10,0.4,0.56,1
23,7,0.43478260869565216,0.43478260869565216,1
8,4,0.375,0.75,0
12,4,0.5833333333333334,0.6666666666666666,0
14,2,0.5714285714285714,0.6428571428571429,1
21,1,0.5238095238095238,0.47619047619047616,1
13,5,0.6153846153846154,0.9230769230769231,1
18,0,0.7222222222222222,0.4444444444444444,0
14,3,0.5714285714285714,0.6428571428571429,1
14,1,0.7142857142857143,0.7142857142857143,1
10,0,0.7,0.7,1
21,2,0.38095238095238093,0.2857142857142857,0
40,3,0.35,0.4,1
26,3,0.5,0.38461538461538464,1
45,12,0.24444444444444444,0.5111111111111111,1
20,2,0.55,0.55,0
8,1,0.75,0.875,0
13,1,0.6923076923076923,0.6153846153846154,1
13,1,0.6923076923076923,0.5384615384615384,1
48,1,0.3541666666666667,0.3541666666666667,1
49,3,0.3673469387755102,0.3469387755102041,1
17,4,0.47058823529411764,0.7058823529411765,1
20,4,0.6,0.65,0
16,4,0.5625,0.625,0
15,6,0.4666666666666667,0.5333333333333333,1
15,5,0.4666666666666667,0.4666666666666667,1
15,5,0.4666666666666667,0.4666666666666667,1
15,6,0.4666666666666667,0.5333333333333333,1
15,5,0.4666666666666667,0.4666666666666667,1
9,4,0.3333333333333333,0.5555555555555556,1
15,6,0.4,0.5333333333333333,1
15,5,0.4666666666666667,0.4666666666666667,1
15,5,0.4666666666666667,0.4666666666666667,1
12,6,0.3333333333333333,0.5833333333333334,0
15,6,0.4,0.4666666666666667,1
15,6,0.4666666666666667,0.5333333333333333,1
15,6,0.4,0.5333333333333333,1
22,7,0.36363636363636365,0.45454545454545453,0
25,8,0.4,0.48,1
26,8,0.4230769230769231,0.46153846153846156,0
17,4,0.47058823529411764,0.7058823529411765,0
49,7,0.4489795918367347,0.42857142857142855,0
20,5,0.6,0.65,0
16,4,0.5625,0.625,0
16,4,0.5625,0.625,0
16,4,0.5625,0.625,0
16,5,0.5,0.6875,0
16,4,0.5625,0.625,0
16,4,0.5625,0.6875,0
63,4,0.31746031746031744,0.2222222222222222,0
7,4,0.42857142857142855,1.0,0
44,5,0.5909090909090909,0.4318181818181818,1
17,6,0.47058823529411764,0.7647058823529411,0
15,8,0.4666666666666667,1.0,1
15,6,0.4666666666666667,0.7333333333333333,0
24,6,0.2916666666666667,0.5416666666666666,0
26,6,0.2692307692307692,0.5,0
20,6,0.35,0.6,0
18,6,0.3888888888888889,0.6666666666666666,0
24,14,0.2916666666666667,0.7916666666666666,0
17,7,0.5294117647058824,0.8235294117647058,1
45,7,0.37777777777777777,0.4666666666666667,1
15,5,0.6666666666666666,0.8,0
52,-4,0.36538461538461536,0.3269230769230769,0
13,4,0.46153846153846156,0.6923076923076923,1
13,4,0.38461538461538464,0.6923076923076923,1
13,5,0.38461538461538464,0.6923076923076923,1
13,4,0.46153846153846156,0.7692307692307693,1
13,4,0.38461538461538464,0.7692307692307693,1
13,5,0.38461538461538464,0.7692307692307693,1
13,4,0.46153846153846156,0.8461538461538461,0
13,4,0.38461538461538464,0.7692307692307693,1
13,4,0.38461538461538464,0.7692307692307693,1
13,4,0.38461538461538464,0.7692307692307693,1
13,5,0.5384615384615384,0.8461538461538461,0
13,4,0.46153846153846156,0.7692307692307693,0
13,3,0.5384615384615384,0.7692307692307693,0
13,5,0.5384615384615384,0.8461538461538461,0
13,4,0.46153846153846156,0.6923076923076923,1
13,4,0.46153846153846156,0.6923076923076923,1
13,4,0.46153846153846156,0.6923076923076923,1
13,4,0.46153846153846156,0.7692307692307693,1
16,4,0.5,0.6875,1
13,4,0.38461538461538464,0.6923076923076923,1
13,5,0.38461538461538464,0.6923076923076923,1
13,4,0.46153846153846156,0.7692307692307693,0
13,4,0.38461538461538464,0.6923076923076923,1
13,4,0.38461538461538464,0.6923076923076923,1
13,4,0.38461538461538464,0.6923076923076923,1
13,3,0.5384615384615384,0.7692307692307693,0
13,4,0.46153846153846156,0.7692307692307693,0
15,7,0.4666666666666667,0.7333333333333333,1
15,7,0.4666666666666667,0.8,1
17,8,0.35294117647058826,0.7647058823529411,1
13,4,0.38461538461538464,0.6923076923076923,1
13,4,0.38461538461538464,0.6923076923076923,1
13,4,0.38461538461538464,0.6923076923076923,1
13,6,0.46153846153846156,0.6923076923076923,1
22,2,0.2727272727272727,0.22727272727272727,1
22,2,0.2727272727272727,0.22727272727272727,1
6,2,0.5,0.6666666666666666,0
19,3,0.2631578947368421,0.42105263157894735,0
19,3,0.3157894736842105,0.42105263157894735,1
21,12,0.42857142857142855,0.6190476190476191,0
22,4,0.5454545454545454,0.36363636363636365,0
16,5,0.375,0.3125,0
27,13,0.5185185185185185,0.6296296296296297,0
13,1,0.6923076923076923,0.5384615384615384,0
18,4,0.7777777777777778,0.4444444444444444,0
48,8,0.3958333333333333,0.375,1
47,10,0.2765957446808511,0.3617021276595745,1
23,9,0.6086956521739131,0.8695652173913043,0
18,6,0.6111111111111112,0.7777777777777778,0
18,5,0.6111111111111112,0.7777777777777778,0
18,5,0.6111111111111112,0.7777777777777778,0
19,6,0.5789473684210527,0.7368421052631579,1
19,6,0.5789473684210527,0.7368421052631579,1
19,3,0.5789473684210527,0.47368421052631576,0
14,1,0.6428571428571429,0.6428571428571429,1
20,6,0.55,0.65,1
18,2,0.6111111111111112,0.5555555555555556,1
18,2,0.6111111111111112,0.5555555555555556,1
18,2,0.6111111111111112,0.6111111111111112,1
18,1,0.6111111111111112,0.5555555555555556,1
19,1,0.631578947368421,0.47368421052631576,1
18,1,0.6111111111111112,0.5555555555555556,1
19,1,0.631578947368421,0.47368421052631576,1
20,1,0.7,0.3,1
24,4,0.5833333333333334,0.5,1
16,1,0.625,0.5,0
28,5,0.5357142857142857,0.42857142857142855,0
13,1,0.6923076923076923,0.6153846153846154,1
13,2,0.6923076923076923,0.5384615384615384,0
13,2,0.6923076923076923,0.6153846153846154,0
13,2,0.6923076923076923,0.6153846153846154,0
13,2,0.6923076923076923,0.6923076923076923,0
24,4,0.5416666666666666,0.4583333333333333,1
24,4,0.5416666666666666,0.4583333333333333,1
24,5,0.5,0.4583333333333333,0
11,2,0.6363636363636364,0.5454545454545454,0
24,6,0.4583333333333333,0.4166666666666667,1
10,1,0.7,0.7,1
13,0,0.6923076923076923,0.38461538461538464,1
13,2,0.6923076923076923,0.46153846153846156,0
13,2,0.6923076923076923,0.5384615384615384,0
13,2,0.6923076923076923,0.5384615384615384,0
13,2,0.6923076923076923,0.6153846153846154,0
13,3,0.6923076923076923,0.5384615384615384,1
13,2,0.6923076923076923,0.46153846153846156,1
13,1,0.6153846153846154,0.38461538461538464,1
13,2,0.6923076923076923,0.46153846153846156,1
13,2,0.6923076923076923,0.46153846153846156,1
13,1,0.6923076923076923,0.46153846153846156,1
13,1,0.6923076923076923,0.38461538461538464,1
13,1,0.6923076923076923,0.38461538461538464,1
13,1,0.6923076923076923,0.46153846153846156,1
13,2,0.6153846153846154,0.46153846153846156,1
13,1,0.6923076923076923,0.46153846153846156,1
13,1,0.6923076923076923,0.38461538461538464,1
13,2,0.6923076923076923,0.46153846153846156,1
13,0,0.6153846153846154,0.38461538461538464,1
13,0,0.6153846153846154,0.38461538461538464,1
9,2,0.6666666666666666,0.6666666666666666,0
9,1,0.6666666666666666,0.7777777777777778,0
13,0,0.5384615384615384,0.5384615384615384,1
20,3,0.5,0.45,1
18,1,0.5555555555555556,0.5555555555555556,1
19,3,0.5789473684210527,0.47368421052631576,1
20,3,0.55,0.45,1
16,4,0.5,0.5,1
14,3,0.5,0.5,1
13,3,0.5384615384615384,0.5384615384615384,1
13,1,0.6153846153846154,0.6153846153846154,1
20,3,0.55,0.45,1
20,3,0.55,0.45,1
20,3,0.55,0.45,1
13,1,0.6153846153846154,0.46153846153846156,1
25,7,0.48,0.52,1
9,0,0.6666666666666666,0.6666666666666666,1
24,8,0.4583333333333333,0.375,1
9,0,0.6666666666666666,0.6666666666666666,1
9,0,0.6666666666666666,0.6666666666666666,1
19,2,0.5789473684210527,0.47368421052631576,0
17,1,0.5882352941176471,0.5294117647058824,1
17,5,0.5882352941176471,0.7647058823529411,1
24,4,0.5,0.5833333333333334,1
26,3,0.5769230769230769,0.5,0
22,2,0.5454545454545454,0.45454545454545453,1
21,3,0.5714285714285714,0.5714285714285714,1
24,4,0.4583333333333333,0.5416666666666666,1
24,4,0.4583333333333333,0.5,1
20,3,0.65,0.45,1
11,2,0.6363636363636364,0.5454545454545454,0
9,3,0.6666666666666666,0.6666666666666666,0
21,3,0.47619047619047616,0.42857142857142855,0
17,3,0.47058823529411764,0.5294117647058824,1
17,2,0.47058823529411764,0.5294117647058824,1
13,2,0.6923076923076923,0.7692307692307693,1
21,0,0.47619047619047616,0.2857142857142857,0
20,7,0.45,0.75,0
13,4,0.6923076923076923,0.6153846153846154,1
13,3,0.6923076923076923,0.5384615384615384,1
13,3,0.6923076923076923,0.5384615384615384,1
13,2,0.6923076923076923,0.46153846153846156,1
15,3,0.4,0.5333333333333333,0
18,4,0.3888888888888889,0.4444444444444444,1
13,1,0.5384615384615384,0.6153846153846154,0
13,0,0.5384615384615384,0.46153846153846156,0
13,2,0.6153846153846154,0.6153846153846154,0
13,2,0.6923076923076923,0.6923076923076923,0
13,4,0.6923076923076923,0.8461538461538461,0
24,6,0.5416666666666666,0.6666666666666666,0
9,3,0.6666666666666666,1.0,1
14,2,0.6428571428571429,0.6428571428571429,1
17,1,0.47058823529411764,0.29411764705882354,0
19,2,0.5789473684210527,0.47368421052631576,0
21,5,0.47619047619047616,0.5714285714285714,1
17,1,0.6470588235294118,0.5294117647058824,0
19,2,0.5789473684210527,0.5263157894736842,0
24,4,0.5833333333333334,0.5,1
24,4,0.5833333333333334,0.5,1
24,4,0.5416666666666666,0.4583333333333333,1
24,4,0.5833333333333334,0.5,1
24,4,0.5833333333333334,0.5,1
24,4,0.5416666666666666,0.5,1
24,3,0.5416666666666666,0.4583333333333333,1
16,1,0.6875,0.5625,0
18,2,0.6111111111111112,0.5555555555555556,0
24,4,0.5416666666666666,0.5416666666666666,1
24,3,0.5833333333333334,0.375,1
24,3,0.5833333333333334,0.375,1
24,3,0.5833333333333334,0.375,1
24,4,0.5833333333333334,0.4166666666666667,1
24,4,0.5833333333333334,0.4166666666666667,1
24,3,0.5833333333333334,0.3333333333333333,1
13,1,0.6923076923076923,0.6923076923076923,0
24,4,0.5833333333333334,0.5416666666666666,1
24,3,0.5833333333333334,0.5,1
24,4,0.5833333333333334,0.5416666666666666,1
24,4,0.5416666666666666,0.5,1
24,4,0.5416666666666666,0.5833333333333334,0
13,1,0.6923076923076923,0.6153846153846154,1
13,1,0.6923076923076923,0.6153846153846154,1
13,1,0.6923076923076923,0.6153846153846154,1
13,1,0.6923076923076923,0.6153846153846154,1
16,0,0.625,0.5625,1
13,2,0.6153846153846154,0.7692307692307693,0
20,3,0.55,0.6,1
13,1,0.6153846153846154,0.6153846153846154,0
13,0,0.6153846153846154,0.5384615384615384,0
13,1,0.6923076923076923,0.5384615384615384,1
10,0,0.7,0.6,1
16,1,0.5625,0.5625,1
17,2,0.6470588235294118,0.6470588235294118,1
12,1,0.6666666666666666,0.5833333333333334,1
24,3,0.5833333333333334,0.4583333333333333,1
24,4,0.5833333333333334,0.4583333333333333,1
24,4,0.5416666666666666,0.5833333333333334,1
24,4,0.5833333333333334,0.5416666666666666,1
20,3,0.6,0.45,1
24,4,0.5833333333333334,0.5,1
24,4,0.5833333333333334,0.5,1
24,4,0.5833333333333334,0.5,1
13,1,0.6923076923076923,0.6923076923076923,1
13,1,0.6923076923076923,0.6153846153846154,1
24,4,0.5416666666666666,0.5,1
24,4,0.5833333333333334,0.5,1
24,4,0.5833333333333334,0.5,1
24,3,0.5833333333333334,0.4583333333333333,1
13,1,0.6153846153846154,0.6923076923076923,1
13,0,0.6153846153846154,0.6153846153846154,1
13,1,0.6153846153846154,0.6923076923076923,1
24,4,0.5833333333333334,0.5416666666666666,1
24,4,0.5416666666666666,0.5,1
24,3,0.5416666666666666,0.5,1
24,4,0.5416666666666666,0.5416666666666666,1
24,4,0.5416666666666666,0.5416666666666666,0
24,4,0.5416666666666666,0.5416666666666666,1
24,3,0.5416666666666666,0.5416666666666666,1
13,1,0.6153846153846154,0.6923076923076923,0
13,1,0.6153846153846154,0.6923076923076923,1
13,1,0.6153846153846154,0.6923076923076923,0
13,0,0.6153846153846154,0.6153846153846154,0
13,0,0.6153846153846154,0.6153846153846154,1
14,2,0.6428571428571429,0.7142857142857143,1
13,1,0.6153846153846154,0.6923076923076923,1
24,4,0.5416666666666666,0.5,1
13,1,0.6923076923076923,0.6153846153846154,1
23,9,0.391304347826087,0.6956521739130435,1
13,1,0.6153846153846154,0.6153846153846154,0
13,1,0.6153846153846154,0.6153846153846154,1
16,1,0.5625,0.5625,1
16,1,0.5,0.5,1
13,2,0.6153846153846154,0.6923076923076923,1
13,1,0.6153846153846154,0.6153846153846154,1
13,1,0.6153846153846154,0.6153846153846154,1
15,1,0.5333333333333333,0.5333333333333333,1
14,2,0.5714285714285714,0.6428571428571429,1
18,6,0.5,0.6111111111111112,1
19,6,0.47368421052631576,0.5789473684210527,1
20,3,0.55,0.6,0
21,6,0.3333333333333333,0.42857142857142855,1
45,12,0.24444444444444444,0.5111111111111111,1
24,4,0.5416666666666666,0.5416666666666666,1
13,1,0.6923076923076923,0.6923076923076923,1
17,3,0.5294117647058824,0.6470588235294118,1
24,3,0.5833333333333334,0.5416666666666666,1
24,4,0.5416666666666666,0.5833333333333334,0
24,3,0.5833333333333334,0.5416666666666666,1
24,3,0.5833333333333334,0.5416666666666666,1
24,4,0.5416666666666666,0.5416666666666666,1
24,3,0.5416666666666666,0.4583333333333333,0
24,4,0.5416666666666666,0.5,1
15,2,0.5333333333333333,0.6666666666666666,1
13,1,0.6153846153846154,0.6153846153846154,1
13,1,0.6153846153846154,0.6153846153846154,1
13,2,0.6923076923076923,0.6923076923076923,1
12,3,0.5833333333333334,0.8333333333333334,0
17,2,0.5294117647058824,0.4117647058823529,0
24,4,0.5416666666666666,0.5833333333333334,1
24,4,0.5416666666666666,0.5833333333333334,1
24,4,0.5416666666666666,0.5833333333333334,1
24,4,0.5833333333333334,0.5833333333333334,0
24,4,0.5416666666666666,0.5833333333333334,0
24,4,0.5416666666666666,0.5833333333333334,0
24,3,0.5833333333333334,0.5416666666666666,0
24,2,0.5833333333333334,0.5,1
24,3,0.5833333333333334,0.5,1
13,0,0.6923076923076923,0.6153846153846154,1
13,1,0.6923076923076923,0.6923076923076923,1
13,1,0.6923076923076923,0.6923076923076923,1
13,1,0.6923076923076923,0.6153846153846154,1
18,2,0.5555555555555556,0.6111111111111112,0
20,3,0.6,0.65,0
20,3,0.6,0.7,1
20,3,0.6,0.7,1
20,3,0.6,0.7,1
20,2,0.6,0.6,0
20,2,0.6,0.6,1
20,2,0.55,0.55,1
20,2,0.55,0.55,1
13,1,0.6153846153846154,0.6153846153846154,1
17,1,0.6470588235294118,0.5882352941176471,1
23,4,0.5217391304347826,0.43478260869565216,1
23,4,0.5652173913043478,0.43478260869565216,1
13,0,0.6153846153846154,0.5384615384615384,1
13,1,0.6923076923076923,0.6153846153846154,1
24,2,0.5416666666666666,0.5,1
24,4,0.5416666666666666,0.5,1
24,4,0.5416666666666666,0.5416666666666666,1
24,4,0.5416666666666666,0.5416666666666666,1
24,3,0.5833333333333334,0.4166666666666667,1
24,3,0.5833333333333334,0.4166666666666667,1
15,2,0.6,0.6,0
14,1,0.2857142857142857,0.35714285714285715,1
14,1,0.2857142857142857,0.35714285714285715,0
24,4,0.5833333333333334,0.5,1
24,4,0.5833333333333334,0.5,1
24,3,0.5833333333333334,0.4583333333333333,1
13,1,0.6923076923076923,0.5384615384615384,1
24,4,0.5833333333333334,0.4583333333333333,1
17,1,0.6470588235294118,0.5882352941176471,1
19,2,0.5789473684210527,0.5789473684210527,0
17,1,0.6470588235294118,0.5882352941176471,1
24,4,0.5833333333333334,0.4583333333333333,1
24,3,0.5,0.4583333333333333,1
12,1,0.6666666666666666,0.4166666666666667,1
24,4,0.5833333333333334,0.4583333333333333,0
24,3,0.4583333333333333,0.4583333333333333,1
24,3,0.5833333333333334,0.375,1
13,2,0.6153846153846154,0.6923076923076923,1
13,3,0.5384615384615384,0.6923076923076923,1
13,2,0.6153846153846154,0.6153846153846154,1
13,3,0.5384615384615384,0.7692307692307693,1
13,3,0.6153846153846154,0.7692307692307693,1
13,3,0.5384615384615384,0.6923076923076923,1
13,2,0.6923076923076923,0.46153846153846156,1
23,5,0.5652173913043478,0.43478260869565216,1
46,12,0.2826086956521739,0.32608695652173914,1
13,1,0.6923076923076923,0.5384615384615384,1
13,1,0.6153846153846154,0.6153846153846154,1
13,1,0.6153846153846154,0.6153846153846154,1
13,1,0.7692307692307693,0.5384615384615384,0
29,5,0.3448275862068966,0.3103448275862069,0
23,3,0.5652173913043478,0.5217391304347826,1
13,1,0.7692307692307693,0.5384615384615384,0
13,1,0.6153846153846154,0.5384615384615384,1
15,2,0.5333333333333333,0.5333333333333333,1
15,2,0.5333333333333333,0.5333333333333333,1
13,1,0.6923076923076923,0.6153846153846154,1
20,3,0.65,0.6,1
20,3,0.65,0.65,1
19,0,0.6842105263157895,0.3684210526315789,0
19,1,0.6842105263157895,0.3684210526315789,0
19,1,0.631578947368421,0.42105263157894735,0
19,3,0.631578947368421,0.42105263157894735,0
19,2,0.631578947368421,0.42105263157894735,0
19,2,0.631578947368421,0.42105263157894735,0
19,4,0.5789473684210527,0.3684210526315789,0
19,3,0.631578947368421,0.42105263157894735,1
20,3,0.6,0.4,1
19,3,0.5789473684210527,0.3684210526315789,1
19,3,0.5789473684210527,0.3684210526315789,0
19,3,0.631578947368421,0.42105263157894735,0
19,2,0.5789473684210527,0.3157894736842105,1
19,3,0.631578947368421,0.3684210526315789,0
19,3,0.5789473684210527,0.3684210526315789,1
20,3,0.5,0.3,0
19,1,0.631578947368421,0.42105263157894735,0
19,3,0.631578947368421,0.42105263157894735,0
19,2,0.631578947368421,0.42105263157894735,0
19,2,0.5789473684210527,0.47368421052631576,0
19,3,0.631578947368421,0.47368421052631576,0
20,3,0.6,0.4,1
19,2,0.631578947368421,0.3684210526315789,0
19,3,0.5789473684210527,0.42105263157894735,1
20,3,0.55,0.4,0
20,2,0.6,0.4,0
19,3,0.5789473684210527,0.42105263157894735,0
20,3,0.55,0.4,0
19,2,0.631578947368421,0.47368421052631576,0
19,2,0.631578947368421,0.5263157894736842,0
19,2,0.631578947368421,0.42105263157894735,0
19,3,0.631578947368421,0.5263157894736842,0
19,2,0.631578947368421,0.5263157894736842,0
19,2,0.5789473684210527,0.5263157894736842,0
19,3,0.631578947368421,0.5263157894736842,0
19,3,0.631578947368421,0.631578947368421,0
19,2,0.631578947368421,0.5789473684210527,0
17,5,0.5882352941176471,0.7647058823529411,1
17,1,0.5294117647058824,0.47058823529411764,1
19,2,0.631578947368421,0.42105263157894735,0
19,2,0.5789473684210527,0.47368421052631576,0
20,2,0.55,0.45,1
19,1,0.631578947368421,0.47368421052631576,0
19,2,0.5789473684210527,0.47368421052631576,0
19,3,0.631578947368421,0.3684210526315789,0
13,1,0.5384615384615384,0.6153846153846154,1
18,1,0.5555555555555556,0.5,0
20,2,0.5,0.45,0
24,4,0.5,0.4166666666666667,1
13,1,0.5384615384615384,0.5384615384615384,1
13,1,0.5384615384615384,0.5384615384615384,1
24,4,0.4583333333333333,0.4583333333333333,1
24,3,0.4583333333333333,0.4166666666666667,1
13,1,0.6153846153846154,0.46153846153846156,1
21,5,0.5238095238095238,0.6190476190476191,0
19,2,0.5789473684210527,0.47368421052631576,1
24,5,0.6666666666666666,0.625,0
19,2,0.5789473684210527,0.47368421052631576,0
13,1,0.7692307692307693,0.6153846153846154,1
20,-1,0.5,0.3,0
24,4,0.5416666666666666,0.4166666666666667,1
24,4,0.5416666666666666,0.375,1
24,4,0.5833333333333334,0.4583333333333333,1
13,1,0.5384615384615384,0.46153846153846156,1
13,3,0.38461538461538464,0.5384615384615384,1
36,-4,0.4444444444444444,0.3888888888888889,0
43,-4,0.4418604651162791,0.37209302325581395,0
50,-5,0.44,0.38,0
6,0,0.16666666666666666,0.3333333333333333,0
10,1,0.2,0.5,0
51,12,0.3137254901960784,0.4117647058823529,1
20,0,0.45,0.15,0
33,6,0.42424242424242425,0.3939393939393939,1
35,-3,0.37142857142857144,0.2571428571428571,0
57,0,0.3333333333333333,0.22807017543859648,0
43,3,0.3023255813953488,0.23255813953488372,1
10,1,0.6,0.5,0
18,2,0.6111111111111112,0.6111111111111112,1
18,2,0.5555555555555556,0.5,1
4,0,0.75,0.5,0
12,2,0.5,0.5,0
45,-5,0.35555555555555557,0.4,0
20,-2,0.45,0.2,1
5,0,0.6,0.4,0
6,0,0.6666666666666666,0.3333333333333333,0
7,0,0.5714285714285714,0.42857142857142855,0
13,3,0.5384615384615384,0.6923076923076923,0
13,2,0.5384615384615384,0.23076923076923078,0
13,3,0.5384615384615384,0.3076923076923077,0
12,2,0.4166666666666667,0.3333333333333333,0
12,3,0.3333333333333333,0.3333333333333333,0
12,2,0.4166666666666667,0.25,0
12,2,0.4166666666666667,0.25,0
13,3,0.5384615384615384,0.3076923076923077,0
27,7,0.5185185185185185,0.3333333333333333,0
13,3,0.5384615384615384,0.3076923076923077,0
13,2,0.5384615384615384,0.23076923076923078,0
10,1,0.6,0.4,0
10,1,0.6,0.3,0
7,0,0.7142857142857143,0.2857142857142857,1
4,0,0.5,0.25,0
10,5,0.3,0.6,0
10,3,0.4,0.4,1
11,4,0.36363636363636365,0.45454545454545453,1
16,4,0.3125,0.3125,1
11,4,0.2727272727272727,0.45454545454545453,1
10,5,0.3,0.8,1
47,7,0.40425531914893614,0.44680851063829785,1
25,12,0.52,0.88,0
14,7,0.35714285714285715,0.8571428571428571,1
48,10,0.4791666666666667,0.4791666666666667,1
7,3,0.5714285714285714,0.7142857142857143,1
20,5,0.55,0.55,1
20,7,0.5,0.75,1
15,7,0.5333333333333333,0.8,1
12,5,0.4166666666666667,0.5833333333333334,1
15,0,0.4666666666666667,0.3333333333333333,0
27,7,0.37037037037037035,0.6666666666666666,0
12,4,0.4166666666666667,0.5833333333333334,0
14,4,0.42857142857142855,0.5714285714285714,0
15,6,0.6,0.9333333333333333,0
15,6,0.5333333333333333,0.8666666666666667,0
15,6,0.5333333333333333,0.8666666666666667,0
15,6,0.4666666666666667,0.8,0
12,4,0.5,0.5,0
15,6,0.5333333333333333,0.8666666666666667,0
15,6,0.4666666666666667,0.8,0
23,4,0.4782608695652174,0.4782608695652174,1
6,2,0.5,0.6666666666666666,0
37,8,0.4864864864864865,0.40540540540540543,0
12,4,0.4166666666666667,0.4166666666666667,0
6,3,0.5,0.5,0
66,9,0.22727272727272727,0.25757575757575757,1
27,-1,0.5185185185185185,0.5925925925925926,1
56,7,0.39285714285714285,0.4107142857142857,1
17,5,0.17647058823529413,0.47058823529411764,1
32,4,0.46875,0.40625,0
27,7,0.25925925925925924,0.4074074074074074,0
19,8,0.05263157894736842,0.47368421052631576,0
15,1,0.3333333333333333,0.2,0
12,3,0.5833333333333334,0.5833333333333334,0
62,2,0.3064516129032258,0.2903225806451613,1
14,0,0.5714285714285714,0.42857142857142855,1
10,-1,0.4,0.2,0
5,0,0.4,0.2,0
56,0,0.26785714285714285,0.23214285714285715,0
5,0,0.6,0.4,0
5,0,0.4,0.4,0
59,2,0.288135593220339,0.2711864406779661,1
24,1,0.2916666666666667,0.25,1
25,5,0.32,0.48,1
61,2,0.29508196721311475,0.26229508196721313,0
13,3,0.5384615384615384,0.3076923076923077,0
44,5,0.22727272727272727,0.3409090909090909,0
38,5,0.2631578947368421,0.2894736842105263,0
40,4,0.325,0.25,1
43,4,0.37209302325581395,0.27906976744186046,1
43,3,0.37209302325581395,0.2558139534883721,1
50,3,0.36,0.3,0
12,4,0.5,0.8333333333333334,0
37,-6,0.40540540540540543,0.3783783783783784,0
45,-4,0.3333333333333333,0.4222222222222222,1
21,2,0.6190476190476191,0.5714285714285714,0
21,2,0.5714285714285714,0.6190476190476191,0
21,2,0.5714285714285714,0.6190476190476191,0
45,-5,0.35555555555555557,0.4,0
21,2,0.5714285714285714,0.6190476190476191,0
25,1,0.48,0.56,0
44,-4,0.3409090909090909,0.4090909090909091,0
45,-2,0.35555555555555557,0.4444444444444444,0
21,2,0.5238095238095238,0.5714285714285714,0
5,0,0.6,0.4,0
70,11,0.44285714285714284,0.2714285714285714,1
44,10,0.22727272727272727,0.3409090909090909,1
22,2,0.5,0.5454545454545454,1
15,1,0.6,0.6,0
17,2,0.5294117647058824,0.5882352941176471,1
17,3,0.5294117647058824,0.6470588235294118,0
5,0,1.0,0.6,0
20,2,0.7,0.35,1
24,4,0.5416666666666666,0.4583333333333333,1
21,7,0.47619047619047616,0.5714285714285714,0
17,5,0.5294117647058824,0.7058823529411765,0
17,5,0.5882352941176471,0.8235294117647058,0
17,5,0.5294117647058824,0.7647058823529411,0
13,4,0.6153846153846154,0.6153846153846154,1
17,3,0.5294117647058824,0.4117647058823529,0
13,2,0.6153846153846154,0.6153846153846154,1
13,3,0.6153846153846154,0.6923076923076923,1
13,2,0.6153846153846154,0.6153846153846154,1
13,2,0.6923076923076923,0.6153846153846154,1
39,5,0.2564102564102564,0.23076923076923078,1
13,2,0.6153846153846154,0.6153846153846154,1
13,2,0.6153846153846154,0.46153846153846156,1
5,1,0.6,0.6,0
13,4,0.6153846153846154,0.6153846153846154,1
13,4,0.6153846153846154,0.6153846153846154,1
22,7,0.45454545454545453,0.5,0
30,2,0.4666666666666667,0.3333333333333333,1
24,3,0.5416666666666666,0.4166666666666667,1
20,5,0.45,0.5,0
24,3,0.5,0.5,1
24,5,0.5416666666666666,0.5,1
26,4,0.5384615384615384,0.23076923076923078,1
13,1,0.5384615384615384,0.38461538461538464,1
23,3,0.6086956521739131,0.391304347826087,1
22,5,0.5909090909090909,0.4090909090909091,1
18,5,0.6111111111111112,0.5555555555555556,1
22,12,0.36363636363636365,0.7272727272727273,0
18,1,0.6666666666666666,0.3888888888888889,0
17,8,0.47058823529411764,0.8235294117647058,0
18,-1,0.6111111111111112,0.3333333333333333,0
27,1,0.4074074074074074,0.37037037037037035,0
35,-2,0.42857142857142855,0.3142857142857143,0
5,0,0.8,0.4,0
5,0,0.6,0.4,0
5,0,0.8,0.6,0
5,0,0.8,0.4,0
31,6,0.3225806451612903,0.3870967741935484,0
5,0,0.6,0.2,0
12,0,0.4166666666666667,0.16666666666666666,0
22,7,0.45454545454545453,0.45454545454545453,1
14,0,0.2857142857142857,0.2857142857142857,0
7,-5,0.14285714285714285,0.0,1
20,2,0.15,0.15,0
30,3,0.43333333333333335,0.36666666666666664,1
30,5,0.4666666666666667,0.4666666666666667,1
30,5,0.43333333333333335,0.43333333333333335,1
32,0,0.34375,0.1875,0
18,0,0.4444444444444444,0.16666666666666666,0
12,2,0.3333333333333333,0.3333333333333333,1
30,4,0.43333333333333335,0.4,1
77,-1,0.44155844155844154,0.3246753246753247,1
12,0,0.4166666666666667,0.3333333333333333,0
13,0,0.46153846153846156,0.38461538461538464,0
13,0,0.46153846153846156,0.38461538461538464,0
18,1,0.5555555555555556,0.2222222222222222,0
17,-3,0.4117647058823529,0.23529411764705882,0
20,4,0.55,0.4,1
32,14,0.28125,0.46875,0
17,-3,0.35294117647058826,0.23529411764705882,0
20,4,0.65,0.45,1
20,4,0.7,0.4,1
27,5,0.5925925925925926,0.48148148148148145,0
27,5,0.4444444444444444,0.37037037037037035,0
17,4,0.23529411764705882,0.35294117647058826,0
17,4,0.23529411764705882,0.29411764705882354,1
42,2,0.5238095238095238,0.19047619047619047,1
16,4,0.5625,0.375,0
20,4,0.6,0.5,1
20,4,0.6,0.45,1
20,4,0.6,0.4,1
20,5,0.6,0.6,1
20,3,0.6,0.4,1
29,1,0.2413793103448276,0.13793103448275862,0
70,6,0.21428571428571427,0.2714285714285714,0
69,5,0.21739130434782608,0.2898550724637681,0
39,6,0.41025641025641024,0.5128205128205128,0
39,6,0.41025641025641024,0.5384615384615384,0
39,7,0.41025641025641024,0.5641025641025641,0
40,4,0.35,0.4,0
29,0,0.20689655172413793,0.13793103448275862,1
17,5,0.47058823529411764,0.47058823529411764,1
50,1,0.3,0.24,0
20,4,0.5,0.4,1
31,0,0.3225806451612903,0.06451612903225806,0
31,0,0.3548387096774194,0.16129032258064516,0
31,-1,0.2903225806451613,0.16129032258064516,0
7,-1,0.5714285714285714,0.14285714285714285,0
25,4,0.4,0.4,1
12,5,0.4166666666666667,0.4166666666666667,0
15,3,0.5333333333333333,0.2,0
22,7,0.18181818181818182,0.5454545454545454,0
2,0,0.0,0.0,0
34,10,0.2647058823529412,0.35294117647058826,1
75,5,0.25333333333333335,0.22666666666666666,1
75,4,0.22666666666666666,0.25333333333333335,1
16,8,0.0625,0.5,0
25,7,0.48,0.36,0
20,8,0.4,0.6,0
34,4,0.29411764705882354,0.4411764705882353,1
20,1,0.1,0.1,1
18,4,0.3333333333333333,0.2777777777777778,1
21,2,0.19047619047619047,0.19047619047619047,1
13,3,0.3076923076923077,0.38461538461538464,0
13,2,0.38461538461538464,0.46153846153846156,0
13,3,0.3076923076923077,0.38461538461538464,0
12,2,0.4166666666666667,0.4166666666666667,0
13,3,0.3076923076923077,0.3076923076923077,0
18,6,0.2222222222222222,0.3888888888888889,1
18,6,0.2222222222222222,0.3888888888888889,1
18,6,0.2222222222222222,0.3888888888888889,1
20,6,0.2,0.35,1
18,6,0.2222222222222222,0.3888888888888889,1
18,6,0.2222222222222222,0.3888888888888889,1
18,6,0.2222222222222222,0.3333333333333333,1
13,3,0.3076923076923077,0.3076923076923077,0
16,2,0.3125,0.375,1
17,3,0.29411764705882354,0.29411764705882354,0
37,2,0.2702702702702703,0.1891891891891892,0
37,2,0.24324324324324326,0.16216216216216217,0
25,3,0.4,0.36,1
29,-1,0.20689655172413793,0.13793103448275862,1
26,-1,0.19230769230769232,0.07692307692307693,1
38,-1,0.2631578947368421,0.13157894736842105,0
7,-6,0.0,0.0,1
28,6,0.32142857142857145,0.6428571428571429,0
12,0,0.3333333333333333,0.25,0
10,-1,0.0,0.0,0
45,1,0.4666666666666667,0.17777777777777778,1
38,-4,0.39473684210526316,0.34210526315789475,0
5,-1,0.2,0.0,0
37,-1,0.24324324324324326,0.21621621621621623,0
30,1,0.3,0.06666666666666667,0
31,1,0.3870967741935484,0.2903225806451613,1
90,-3,0.43333333333333335,0.13333333333333333,1
62,3,0.1935483870967742,0.3064516129032258,1
27,-4,0.48148148148148145,0.2222222222222222,0
30,-1,0.2,0.2,1
77,0,0.42857142857142855,0.38961038961038963,1
27,2,0.2962962962962963,0.4444444444444444,0
29,0,0.3448275862068966,0.20689655172413793,0
18,6,0.3333333333333333,0.7222222222222222,0
18,6,0.3333333333333333,0.7222222222222222,0
18,6,0.3333333333333333,0.7222222222222222,0
18,5,0.3333333333333333,0.6666666666666666,0
14,1,0.42857142857142855,0.2857142857142857,1
84,-3,0.36904761904761907,0.15476190476190477,1
35,-1,0.34285714285714286,0.3142857142857143,0
29,0,0.27586206896551724,0.1724137931034483,1
2,0,0.5,0.5,0
27,3,0.48148148148148145,0.37037037037037035,0
21,5,0.42857142857142855,0.23809523809523808,1
18,4,0.2222222222222222,0.4444444444444444,0
18,5,0.2222222222222222,0.4444444444444444,1
18,5,0.2222222222222222,0.4444444444444444,1
33,0,0.45454545454545453,0.3939393939393939,0
10,-1,0.6,0.5,0
33,1,0.45454545454545453,0.3939393939393939,0
27,2,0.5555555555555556,0.48148148148148145,1
33,0,0.45454545454545453,0.3939393939393939,0
33,0,0.45454545454545453,0.3939393939393939,0
33,1,0.45454545454545453,0.3939393939393939,1
19,2,0.5263157894736842,0.47368421052631576,1
30,2,0.4,0.43333333333333335,1
5,0,0.6,0.6,0
28,9,0.42857142857142855,0.6428571428571429,1
28,10,0.39285714285714285,0.6785714285714286,0
69,15,0.4057971014492754,0.4927536231884058,1
69,15,0.4057971014492754,0.4927536231884058,1
69,14,0.4492753623188406,0.4927536231884058,1
69,15,0.42028985507246375,0.4782608695652174,1
71,17,0.38028169014084506,0.49295774647887325,1
69,14,0.43478260869565216,0.4782608695652174,1
71,16,0.39436619718309857,0.49295774647887325,1
69,15,0.42028985507246375,0.463768115942029,1
69,15,0.42028985507246375,0.463768115942029,1
75,18,0.4,0.48,1
69,14,0.43478260869565216,0.463768115942029,1
69,14,0.43478260869565216,0.4782608695652174,1
75,17,0.41333333333333333,0.48,1
69,14,0.42028985507246375,0.4782608695652174,1
69,15,0.4057971014492754,0.4782608695652174,1
37,5,0.43243243243243246,0.4594594594594595,1
31,3,0.3548387096774194,0.2903225806451613,1
30,3,0.4666666666666667,0.43333333333333335,0
35,7,0.5142857142857142,0.37142857142857144,1
40,3,0.25,0.2,1
37,12,0.2702702702702703,0.40540540540540543,0
38,8,0.23684210526315788,0.2894736842105263,0
37,9,0.24324324324324326,0.32432432432432434,1
38,9,0.23684210526315788,0.3157894736842105,1
38,11,0.21052631578947367,0.39473684210526316,0
37,8,0.21621621621621623,0.32432432432432434,0
37,4,0.2702702702702703,0.1891891891891892,0
37,5,0.21621621621621623,0.21621621621621623,0
43,4,0.23255813953488372,0.23255813953488372,0
43,5,0.23255813953488372,0.2558139534883721,1
37,2,0.21621621621621623,0.16216216216216217,0
38,5,0.21052631578947367,0.23684210526315788,1
38,8,0.23684210526315788,0.2894736842105263,1
36,7,0.2222222222222222,0.2777777777777778,1
37,9,0.24324324324324326,0.32432432432432434,1
38,9,0.23684210526315788,0.3157894736842105,1
36,8,0.2222222222222222,0.3055555555555556,0
38,8,0.18421052631578946,0.21052631578947367,1
38,9,0.18421052631578946,0.23684210526315788,1
43,4,0.23255813953488372,0.23255813953488372,0
36,5,0.2222222222222222,0.19444444444444445,0
38,7,0.2631578947368421,0.2631578947368421,1
19,6,0.3684210526315789,0.3684210526315789,1
13,3,0.6153846153846154,0.6153846153846154,1
13,3,0.6153846153846154,0.6153846153846154,0
19,5,0.3684210526315789,0.3157894736842105,1
27,2,0.48148148148148145,0.37037037037037035,0
27,3,0.4444444444444444,0.37037037037037035,0
27,2,0.48148148148148145,0.37037037037037035,0
27,3,0.48148148148148145,0.37037037037037035,0
15,0,0.4,0.4,0
15,0,0.4,0.4666666666666667,1
35,7,0.4857142857142857,0.4,1
35,7,0.45714285714285713,0.4,1
35,8,0.4857142857142857,0.37142857142857144,1
35,9,0.4857142857142857,0.37142857142857144,1
16,2,0.5,0.4375,0
17,2,0.47058823529411764,0.5294117647058824,0
17,2,0.5294117647058824,0.47058823529411764,1
17,4,0.5294117647058824,0.5882352941176471,1
25,-1,0.48,0.52,0
21,5,0.5714285714285714,0.5238095238095238,1
29,2,0.3793103448275862,0.27586206896551724,1
19,4,0.5263157894736842,0.5789473684210527,0
19,3,0.631578947368421,0.5263157894736842,1
19,4,0.5263157894736842,0.5263157894736842,0
19,3,0.5789473684210527,0.5263157894736842,1
19,4,0.5263157894736842,0.5789473684210527,0
19,4,0.5789473684210527,0.5789473684210527,0
24,4,0.5,0.4166666666666667,1
24,4,0.4583333333333333,0.4166666666666667,1
24,3,0.4583333333333333,0.4166666666666667,1
24,4,0.4583333333333333,0.4166666666666667,1
24,4,0.4583333333333333,0.4166666666666667,1
23,2,0.5217391304347826,0.34782608695652173,1
23,3,0.4782608695652174,0.34782608695652173,1
33,5,0.45454545454545453,0.3939393939393939,1
19,5,0.5789473684210527,0.5789473684210527,0
34,4,0.35294117647058826,0.3235294117647059,1
13,4,0.6153846153846154,0.6923076923076923,0
24,4,0.4166666666666667,0.4166666666666667,0
17,4,0.47058823529411764,0.6470588235294118,0
13,0,0.5384615384615384,0.5384615384615384,0
32,3,0.34375,0.40625,1
21,2,0.5714285714285714,0.42857142857142855,1
24,2,0.4166666666666667,0.4166666666666667,0
33,3,0.42424242424242425,0.36363636363636365,1
33,3,0.42424242424242425,0.36363636363636365,1
33,3,0.45454545454545453,0.3939393939393939,1
33,4,0.48484848484848486,0.42424242424242425,0
23,3,0.5217391304347826,0.34782608695652173,1
23,3,0.5217391304347826,0.34782608695652173,1
26,8,0.34615384615384615,0.4230769230769231,1
27,5,0.48148148148148145,0.4444444444444444,1
27,4,0.4444444444444444,0.5185185185185185,1
27,5,0.4444444444444444,0.48148148148148145,1
18,2,0.4444444444444444,0.5,1
40,5,0.475,0.325,0
40,3,0.475,0.3,0
17,4,0.5882352941176471,0.5294117647058824,1
37,6,0.4594594594594595,0.4594594594594595,0
18,5,0.5555555555555556,0.5,1
29,2,0.3793103448275862,0.27586206896551724,0
31,3,0.3548387096774194,0.2903225806451613,1
31,3,0.3548387096774194,0.2903225806451613,1
12,1,0.5833333333333334,0.3333333333333333,0
29,3,0.4482758620689655,0.3448275862068966,1
29,3,0.4482758620689655,0.3448275862068966,1
29,2,0.3793103448275862,0.3448275862068966,1
29,3,0.41379310344827586,0.3448275862068966,1
29,3,0.4482758620689655,0.3448275862068966,1
29,3,0.41379310344827586,0.3448275862068966,1
29,3,0.41379310344827586,0.3103448275862069,1
29,3,0.41379310344827586,0.3448275862068966,1
29,3,0.41379310344827586,0.3103448275862069,1
30,3,0.4666666666666667,0.3333333333333333,1
21,2,0.5714285714285714,0.42857142857142855,1
29,3,0.41379310344827586,0.3103448275862069,1
17,-4,0.47058823529411764,0.35294117647058826,0
30,2,0.3333333333333333,0.26666666666666666,0
30,2,0.3333333333333333,0.23333333333333334,0
18,4,0.6111111111111112,0.4444444444444444,0
18,3,0.4444444444444444,0.16666666666666666,0
18,3,0.5,0.2777777777777778,0
23,4,0.5217391304347826,0.34782608695652173,1
24,4,0.5416666666666666,0.375,1
23,3,0.4782608695652174,0.34782608695652173,1
24,4,0.5,0.375,1
72,8,0.3194444444444444,0.3055555555555556,1
72,8,0.3194444444444444,0.3055555555555556,1
24,4,0.5416666666666666,0.375,1
14,2,0.2857142857142857,0.42857142857142855,0
30,3,0.5,0.43333333333333335,0
37,5,0.43243243243243246,0.43243243243243246,1
37,5,0.43243243243243246,0.43243243243243246,0
37,6,0.43243243243243246,0.43243243243243246,1
37,9,0.43243243243243246,0.4864864864864865,0
33,5,0.45454545454545453,0.3333333333333333,0
34,5,0.47058823529411764,0.3235294117647059,1
17,5,0.5882352941176471,0.6470588235294118,1
18,1,0.5555555555555556,0.3333333333333333,1
19,2,0.5263157894736842,0.42105263157894735,1
16,3,0.625,0.4375,0
31,2,0.3870967741935484,0.3548387096774194,1
33,4,0.42424242424242425,0.15151515151515152,1
21,5,0.5238095238095238,0.5714285714285714,1
14,1,0.5,0.35714285714285715,1
14,1,0.5,0.35714285714285715,1
14,0,0.5,0.21428571428571427,1
34,6,0.5294117647058824,0.2647058823529412,1
43,5,0.4186046511627907,0.37209302325581395,1
25,2,0.4,0.4,1
17,0,0.47058823529411764,0.17647058823529413,0
33,4,0.48484848484848486,0.21212121212121213,0
2,0,0.0,0.0,0
21,0,0.42857142857142855,0.19047619047619047,1
60,0,0.43333333333333335,0.1,1
12,0,0.4166666666666667,0.16666666666666666,0
46,5,0.1956521739130435,0.21739130434782608,0
38,0,0.2631578947368421,0.13157894736842105,0
55,10,0.23636363636363636,0.2909090909090909,0
55,10,0.21818181818181817,0.2909090909090909,0
35,16,0.45714285714285713,0.45714285714285713,0
10,0,0.0,0.0,0
17,-1,0.058823529411764705,0.11764705882352941,0
10,1,0.3,0.1,1
7,3,0.0,0.42857142857142855,1
17,-1,0.058823529411764705,0.17647058823529413,0
17,1,0.29411764705882354,0.29411764705882354,0
17,9,0.23529411764705882,0.7647058823529411,0
7,3,0.0,0.42857142857142855,1
39,-3,0.4358974358974359,0.3333333333333333,0
25,1,0.32,0.24,1
44,1,0.20454545454545456,0.22727272727272727,1
13,5,0.46153846153846156,0.7692307692307693,0
20,2,0.35,0.3,0
14,3,0.35714285714285715,0.5,1
18,3,0.5,0.3888888888888889,1
35,7,0.42857142857142855,0.45714285714285713,1
34,7,0.4117647058823529,0.47058823529411764,1
36,8,0.4166666666666667,0.4722222222222222,1
34,6,0.47058823529411764,0.4117647058823529,1
35,6,0.45714285714285713,0.4,1
35,7,0.42857142857142855,0.45714285714285713,1
36,8,0.4166666666666667,0.4722222222222222,1
35,7,0.4,0.45714285714285713,1
18,6,0.3888888888888889,0.5555555555555556,1
28,7,0.4642857142857143,0.5714285714285714,1
27,7,0.3333333333333333,0.4074074074074074,1
73,11,0.2191780821917808,0.273972602739726,1
74,10,0.22972972972972974,0.25675675675675674,1
72,10,0.2777777777777778,0.2777777777777778,1
73,11,0.2328767123287671,0.273972602739726,1
73,11,0.2328767123287671,0.2602739726027397,1
73,12,0.2602739726027397,0.273972602739726,1
32,0,0.3125,0.1875,0
33,-2,0.2727272727272727,0.15151515151515152,0
33,-2,0.24242424242424243,0.21212121212121213,0
33,-1,0.24242424242424243,0.21212121212121213,0
33,-2,0.2727272727272727,0.15151515151515152,0
33,-2,0.24242424242424243,0.15151515151515152,0
34,2,0.20588235294117646,0.23529411764705882,0
34,1,0.23529411764705882,0.20588235294117646,0
34,2,0.20588235294117646,0.23529411764705882,0
34,2,0.20588235294117646,0.23529411764705882,0
34,3,0.17647058823529413,0.2647058823529412,0
34,3,0.17647058823529413,0.2647058823529412,0
34,2,0.17647058823529413,0.23529411764705882,0
34,3,0.17647058823529413,0.2647058823529412,0
34,3,0.17647058823529413,0.2647058823529412,0
34,5,0.17647058823529413,0.29411764705882354,0
34,5,0.17647058823529413,0.29411764705882354,0
57,1,0.21052631578947367,0.19298245614035087,1
64,-4,0.234375,0.21875,1
17,8,0.35294117647058826,0.7058823529411765,0
8,0,0.375,0.125,0
17,2,0.23529411764705882,0.23529411764705882,0
37,8,0.2972972972972973,0.35135135135135137,1
39,9,0.3076923076923077,0.358974358974359,0
37,9,0.2702702702702703,0.35135135135135137,1
9,3,0.1111111111111111,0.0,0
53,12,0.20754716981132076,0.2830188679245283,1
53,11,0.20754716981132076,0.2830188679245283,1
15,2,0.5333333333333333,0.26666666666666666,0
15,3,0.4666666666666667,0.3333333333333333,0
15,3,0.4666666666666667,0.26666666666666666,0
15,3,0.4666666666666667,0.26666666666666666,0
9,3,0.3333333333333333,0.4444444444444444,0
15,3,0.5333333333333333,0.3333333333333333,0
12,3,0.3333333333333333,0.3333333333333333,0
15,3,0.4666666666666667,0.3333333333333333,0
15,3,0.4666666666666667,0.26666666666666666,0
15,3,0.4666666666666667,0.3333333333333333,0
8,0,0.5,0.5,0
28,1,0.35714285714285715,0.21428571428571427,0
28,1,0.35714285714285715,0.2857142857142857,0
78,8,0.3717948717948718,0.41025641025641024,0
10,0,0.6,0.6,0
12,1,0.4166666666666667,0.4166666666666667,1
16,4,0.5625,0.4375,0
34,7,0.3235294117647059,0.38235294117647056,1
34,8,0.2647058823529412,0.35294117647058826,1
18,3,0.3333333333333333,0.4444444444444444,1
18,4,0.3333333333333333,0.4444444444444444,1
27,2,0.37037037037037035,0.25925925925925924,0
37,6,0.4594594594594595,0.40540540540540543,1
13,0,0.5384615384615384,0.5384615384615384,0
29,4,0.3793103448275862,0.41379310344827586,1
19,1,0.5263157894736842,0.42105263157894735,0
19,2,0.47368421052631576,0.47368421052631576,0
33,3,0.3939393939393939,0.36363636363636365,1
21,3,0.42857142857142855,0.47619047619047616,1
21,2,0.38095238095238093,0.42857142857142855,1
21,3,0.42857142857142855,0.42857142857142855,1
21,3,0.42857142857142855,0.42857142857142855,1
19,3,0.5263157894736842,0.47368421052631576,0
19,4,0.47368421052631576,0.5263157894736842,0
30,4,0.4,0.43333333333333335,1
21,3,0.47619047619047616,0.42857142857142855,1
33,5,0.3939393939393939,0.36363636363636365,1
27,4,0.48148148148148145,0.5185185185185185,0
27,6,0.48148148148148145,0.5555555555555556,0
48,4,0.3541666666666667,0.375,1
48,4,0.3541666666666667,0.375,1
45,5,0.35555555555555557,0.37777777777777777,1
46,4,0.41304347826086957,0.45652173913043476,1
46,5,0.391304347826087,0.43478260869565216,1
46,5,0.391304347826087,0.43478260869565216,1
46,6,0.3695652173913043,0.45652173913043476,1
46,6,0.3695652173913043,0.45652173913043476,1
46,5,0.391304347826087,0.391304347826087,1
46,5,0.391304347826087,0.391304347826087,1
46,5,0.391304347826087,0.391304347826087,1
46,7,0.391304347826087,0.391304347826087,1
45,5,0.37777777777777777,0.4444444444444444,1
21,5,0.42857142857142855,0.6190476190476191,0
46,5,0.391304347826087,0.43478260869565216,1
18,4,0.4444444444444444,0.6111111111111112,0
46,5,0.391304347826087,0.43478260869565216,1
46,5,0.391304347826087,0.43478260869565216,1
46,6,0.3695652173913043,0.45652173913043476,1
37,7,0.43243243243243246,0.40540540540540543,1
37,4,0.43243243243243246,0.3783783783783784,1
37,4,0.43243243243243246,0.3783783783783784,1
37,6,0.43243243243243246,0.3783783783783784,1
37,5,0.4594594594594595,0.4594594594594595,1
37,5,0.4594594594594595,0.43243243243243246,0
52,8,0.17307692307692307,0.3269230769230769,1
38,3,0.18421052631578946,0.2631578947368421,1
25,6,0.24,0.4,1
21,2,0.42857142857142855,0.38095238095238093,1
20,-1,0.4,0.3,1
20,-1,0.4,0.3,1
46,6,0.3695652173913043,0.45652173913043476,1
37,4,0.43243243243243246,0.40540540540540543,1
37,4,0.43243243243243246,0.40540540540540543,1
25,3,0.52,0.4,1
25,2,0.52,0.4,1
26,5,0.46153846153846156,0.5,0
27,3,0.48148148148148145,0.37037037037037035,1
24,3,0.5,0.375,1
27,3,0.48148148148148145,0.37037037037037035,1
27,3,0.48148148148148145,0.37037037037037035,0
26,5,0.46153846153846156,0.46153846153846156,1
26,6,0.4230769230769231,0.46153846153846156,0
30,1,0.3333333333333333,0.2,0
41,7,0.24390243902439024,0.3170731707317073,1
41,7,0.24390243902439024,0.3170731707317073,1
27,3,0.5185185185185185,0.37037037037037035,1
27,3,0.5185185185185185,0.37037037037037035,1
25,3,0.52,0.4,1
25,3,0.48,0.4,1
27,3,0.48148148148148145,0.37037037037037035,1
27,3,0.48148148148148145,0.37037037037037035,1
27,3,0.48148148148148145,0.37037037037037035,1
25,2,0.56,0.36,1
27,4,0.4444444444444444,0.4074074074074074,1
19,-2,0.3684210526315789,0.21052631578947367,1
27,3,0.5555555555555556,0.37037037037037035,1
18,3,0.6666666666666666,0.4444444444444444,0
23,4,0.43478260869565216,0.4782608695652174,0
23,4,0.43478260869565216,0.43478260869565216,0
23,4,0.43478260869565216,0.43478260869565216,1
23,4,0.43478260869565216,0.43478260869565216,1
42,11,0.38095238095238093,0.42857142857142855,0
23,4,0.43478260869565216,0.391304347826087,1
23,5,0.43478260869565216,0.391304347826087,0
22,7,0.5,0.6363636363636364,0
22,9,0.45454545454545453,0.7272727272727273,1
23,5,0.34782608695652173,0.4782608695652174,1
23,5,0.34782608695652173,0.4782608695652174,1
23,4,0.43478260869565216,0.391304347826087,0
27,6,0.37037037037037035,0.4444444444444444,1
23,4,0.43478260869565216,0.391304347826087,0
27,3,0.48148148148148145,0.37037037037037035,1
22,3,0.5,0.45454545454545453,0
25,3,0.48,0.44,0
17,2,0.6470588235294118,0.35294117647058826,0
23,3,0.4782608695652174,0.4782608695652174,1
17,2,0.5882352941176471,0.47058823529411764,0
29,4,0.41379310344827586,0.3793103448275862,1
27,3,0.4444444444444444,0.37037037037037035,1
27,3,0.4444444444444444,0.37037037037037035,1
27,3,0.4444444444444444,0.37037037037037035,1
27,3,0.4444444444444444,0.37037037037037035,1
26,3,0.5769230769230769,0.38461538461538464,0
12,3,0.4166666666666667,0.4166666666666667,1
12,2,0.3333333333333333,0.3333333333333333,1
12,2,0.3333333333333333,0.3333333333333333,1
12,1,0.4166666666666667,0.3333333333333333,1
12,2,0.3333333333333333,0.4166666666666667,1
12,2,0.4166666666666667,0.4166666666666667,1
12,1,0.4166666666666667,0.3333333333333333,1
12,2,0.4166666666666667,0.4166666666666667,1
12,2,0.4166666666666667,0.4166666666666667,1
12,2,0.3333333333333333,0.4166666666666667,1
12,4,0.3333333333333333,0.4166666666666667,1
13,0,0.5384615384615384,0.5384615384615384,0
19,2,0.5263157894736842,0.5263157894736842,1
6,2,0.5,0.8333333333333334,0
11,4,0.5454545454545454,0.9090909090909091,0
16,6,0.5625,0.9375,0
21,8,0.5714285714285714,0.9523809523809523,0
10,4,0.5,0.9,0
13,6,0.46153846153846156,0.9230769230769231,0
14,6,0.5,0.8571428571428571,0
14,5,0.42857142857142855,0.8571428571428571,0
14,6,0.5,0.9285714285714286,0
18,8,0.5,0.9444444444444444,0
14,7,0.42857142857142855,0.9285714285714286,0
14,6,0.5,0.8571428571428571,0
16,2,0.4375,0.5625,1
45,10,0.26666666666666666,0.4444444444444444,1
45,11,0.24444444444444444,0.4222222222222222,1
45,13,0.24444444444444444,0.4222222222222222,0
45,11,0.24444444444444444,0.4222222222222222,1
17,4,0.35294117647058826,0.4117647058823529,1
22,3,0.22727272727272727,0.3181818181818182,0
24,4,0.4583333333333333,0.4166666666666667,1
24,4,0.4583333333333333,0.375,1
23,3,0.43478260869565216,0.43478260869565216,0
20,3,0.4,0.65,0
20,4,0.45,0.65,0
35,2,0.34285714285714286,0.22857142857142856,1
20,4,0.45,0.6,0
13,6,0.46153846153846156,0.8461538461538461,1
30,6,0.3333333333333333,0.4666666666666667,0
20,6,0.6,0.6,1
13,6,0.46153846153846156,0.9230769230769231,1
20,5,0.45,0.65,0
14,1,0.6428571428571429,0.42857142857142855,1
10,-1,0.6,0.5,0
10,-1,0.6,0.5,0
19,1,0.5263157894736842,0.42105263157894735,1
33,3,0.42424242424242425,0.3939393939393939,1
32,4,0.40625,0.46875,1
37,4,0.40540540540540543,0.3783783783783784,1
29,3,0.41379310344827586,0.4482758620689655,0
29,3,0.41379310344827586,0.41379310344827586,0
29,3,0.3793103448275862,0.41379310344827586,1
33,3,0.45454545454545453,0.3333333333333333,1
41,5,0.4146341463414634,0.34146341463414637,1
33,3,0.3939393939393939,0.3939393939393939,1
33,5,0.36363636363636365,0.36363636363636365,1
33,3,0.42424242424242425,0.3333333333333333,1
33,4,0.3939393939393939,0.36363636363636365,1
33,4,0.36363636363636365,0.3939393939393939,0
37,4,0.40540540540540543,0.35135135135135137,1
23,3,0.4782608695652174,0.43478260869565216,1
23,3,0.4782608695652174,0.391304347826087,1
37,5,0.43243243243243246,0.35135135135135137,1
19,2,0.5263157894736842,0.47368421052631576,1
17,1,0.47058823529411764,0.4117647058823529,1
12,1,0.4166666666666667,0.4166666666666667,0
14,1,0.5,0.5,0
14,1,0.5,0.5,1
14,1,0.5,0.5,1
14,3,0.5,0.5714285714285714,1
21,2,0.42857142857142855,0.38095238095238093,1
21,2,0.42857142857142855,0.3333333333333333,1
21,1,0.42857142857142855,0.2857142857142857,1
21,2,0.42857142857142855,0.38095238095238093,1
25,10,0.36,0.52,1
16,6,0.5,0.8125,1
34,4,0.38235294117647056,0.4117647058823529,1
30,4,0.43333333333333335,0.43333333333333335,1
84,13,0.38095238095238093,0.2976190476190476,1
21,1,0.42857142857142855,0.38095238095238093,1
21,2,0.42857142857142855,0.42857142857142855,1
21,2,0.42857142857142855,0.42857142857142855,1
21,1,0.47619047619047616,0.38095238095238093,1
21,1,0.47619047619047616,0.38095238095238093,1
21,3,0.42857142857142855,0.42857142857142855,1
21,2,0.42857142857142855,0.38095238095238093,1
20,7,0.5,0.5,1
16,6,0.5,0.8125,1
37,5,0.43243243243243246,0.3783783783783784,1
37,4,0.43243243243243246,0.40540540540540543,0
37,5,0.4594594594594595,0.4594594594594595,1
36,4,0.4444444444444444,0.4166666666666667,0
21,2,0.42857142857142855,0.38095238095238093,1
32,4,0.40625,0.4375,1
32,4,0.40625,0.4375,1
32,4,0.4375,0.375,1
16,5,0.5,0.75,1
16,5,0.5,0.6875,1
16,5,0.5,0.6875,1
16,5,0.5,0.6875,1
16,5,0.5,0.625,1
16,5,0.4375,0.625,1
16,5,0.5,0.6875,1
32,4,0.40625,0.46875,1
33,3,0.42424242424242425,0.3939393939393939,1
21,2,0.42857142857142855,0.38095238095238093,1
30,3,0.4,0.4,1
16,4,0.625,0.4375,0
28,3,0.39285714285714285,0.42857142857142855,1
28,2,0.42857142857142855,0.35714285714285715,1
28,3,0.39285714285714285,0.39285714285714285,1
28,3,0.39285714285714285,0.39285714285714285,1
28,3,0.39285714285714285,0.4642857142857143,0
33,4,0.36363636363636365,0.3333333333333333,1
33,4,0.36363636363636365,0.36363636363636365,1
33,4,0.3939393939393939,0.3333333333333333,1
28,3,0.42857142857142855,0.35714285714285715,0
27,2,0.37037037037037035,0.37037037037037035,1
28,2,0.42857142857142855,0.39285714285714285,0
28,2,0.39285714285714285,0.39285714285714285,1
22,2,0.45454545454545453,0.4090909090909091,1
28,3,0.42857142857142855,0.39285714285714285,1
28,2,0.42857142857142855,0.35714285714285715,0
28,3,0.42857142857142855,0.39285714285714285,1
16,4,0.625,0.5,1
37,7,0.40540540540540543,0.40540540540540543,1
16,4,0.625,0.4375,0
33,4,0.45454545454545453,0.3333333333333333,1
33,4,0.45454545454545453,0.3333333333333333,1
33,5,0.3939393939393939,0.36363636363636365,1
16,4,0.5625,0.375,0
16,4,0.5625,0.4375,0
16,3,0.625,0.375,0
16,3,0.625,0.375,0
16,4,0.5625,0.375,0
16,3,0.625,0.4375,0
16,4,0.5625,0.375,0
16,3,0.625,0.375,0
16,4,0.5625,0.4375,1
16,5,0.5,0.5,1
16,3,0.625,0.5,1
16,5,0.5,0.5,1
16,4,0.5625,0.5625,1
16,5,0.5,0.625,1
16,5,0.5,0.5,1
16,6,0.4375,0.5625,1
16,5,0.5,0.625,1
16,6,0.4375,0.6875,1
23,0,0.43478260869565216,0.34782608695652173,0
30,-2,0.43333333333333335,0.36666666666666664,0
37,-3,0.40540540540540543,0.35135135135135137,0
47,1,0.3617021276595745,0.2553191489361702,1
23,4,0.43478260869565216,0.391304347826087,1
23,3,0.391304347826087,0.391304347826087,1
31,0,0.3548387096774194,0.16129032258064516,0
30,0,0.36666666666666664,0.16666666666666666,0
31,-1,0.3870967741935484,0.22580645161290322,0
31,0,0.3870967741935484,0.22580645161290322,0
30,0,0.36666666666666664,0.16666666666666666,0
30,-1,0.36666666666666664,0.13333333333333333,0
30,-1,0.36666666666666664,0.13333333333333333,0
32,0,0.34375,0.15625,1
30,0,0.36666666666666664,0.23333333333333334,0
30,-1,0.36666666666666664,0.23333333333333334,0
30,-1,0.36666666666666664,0.16666666666666666,0
30,0,0.36666666666666664,0.16666666666666666,0
30,0,0.3,0.26666666666666666,0
30,2,0.3,0.26666666666666666,0
30,1,0.3,0.23333333333333334,0
30,0,0.3333333333333333,0.23333333333333334,0
30,2,0.3,0.26666666666666666,0
30,2,0.3333333333333333,0.26666666666666666,1
30,2,0.3,0.26666666666666666,1
30,2,0.3,0.26666666666666666,0
30,2,0.3,0.23333333333333334,0
30,1,0.3,0.26666666666666666,0
30,2,0.3,0.26666666666666666,0
30,2,0.3,0.23333333333333334,0
31,1,0.3225806451612903,0.25806451612903225,0
30,2,0.3333333333333333,0.23333333333333334,0
30,2,0.3333333333333333,0.23333333333333334,1
30,2,0.3,0.23333333333333334,0
30,2,0.3,0.23333333333333334,0
30,2,0.3,0.23333333333333334,0
30,1,0.3,0.23333333333333334,0
30,2,0.3,0.23333333333333334,0
30,2,0.3,0.2,0
30,2,0.3,0.2,0
30,2,0.26666666666666666,0.2,0
30,2,0.3333333333333333,0.23333333333333334,0
31,2,0.3548387096774194,0.22580645161290322,0
30,2,0.3,0.23333333333333334,0
30,2,0.3,0.2,0
31,1,0.3225806451612903,0.22580645161290322,0
30,10,0.43333333333333335,0.5333333333333333,1
12,2,0.3333333333333333,0.5,1
23,4,0.5217391304347826,0.34782608695652173,1
25,6,0.48,0.4,0
25,8,0.52,0.44,0
30,2,0.3,0.26666666666666666,0
41,7,0.24390243902439024,0.3170731707317073,0
38,4,0.2894736842105263,0.3157894736842105,0
91,9,0.38461538461538464,0.23076923076923078,0
19,2,0.5263157894736842,0.47368421052631576,1
19,2,0.5263157894736842,0.42105263157894735,1
17,1,0.5882352941176471,0.4117647058823529,0
21,2,0.47619047619047616,0.42857142857142855,1
21,1,0.47619047619047616,0.3333333333333333,1
26,5,0.46153846153846156,0.38461538461538464,1
26,7,0.46153846153846156,0.5,1
14,6,0.5,0.7142857142857143,0
21,4,0.47619047619047616,0.47619047619047616,0
13,0,0.5384615384615384,0.5384615384615384,0
60,0,0.4666666666666667,0.26666666666666666,0
16,5,0.5,0.6875,1
59,3,0.4576271186440678,0.23728813559322035,1
17,5,0.35294117647058826,0.5882352941176471,0
17,5,0.4117647058823529,0.47058823529411764,0
17,5,0.4117647058823529,0.5882352941176471,0
12,4,0.5,0.6666666666666666,0
37,7,0.3783783783783784,0.5135135135135135,1
37,8,0.3783783783783784,0.4864864864864865,1
37,8,0.3783783783783784,0.4864864864864865,1
8,1,0.375,0.625,0
24,3,0.4166666666666667,0.4583333333333333,1
13,2,0.38461538461538464,0.38461538461538464,1
13,4,0.5384615384615384,0.7692307692307693,1
20,3,0.4,0.4,0
41,11,0.4146341463414634,0.43902439024390244,1
42,12,0.42857142857142855,0.4523809523809524,1
43,12,0.3488372093023256,0.4883720930232558,1
42,12,0.38095238095238093,0.4523809523809524,1
11,7,0.09090909090909091,0.8181818181818182,0
20,4,0.4,0.45,0
18,7,0.3333333333333333,0.7222222222222222,0
20,8,0.45,0.65,0
23,10,0.391304347826087,0.5652173913043478,0
20,2,0.6,0.65,0
18,2,0.5555555555555556,0.4444444444444444,1
21,10,0.42857142857142855,0.6666666666666666,0
37,7,0.3783783783783784,0.4864864864864865,1
16,6,0.4375,0.6875,1
25,9,0.4,0.64,0
26,3,0.34615384615384615,0.2692307692307692,1
64,6,0.3125,0.28125,1
64,7,0.28125,0.265625,1
29,3,0.1724137931034483,0.27586206896551724,0
29,4,0.1724137931034483,0.27586206896551724,0
19,6,0.21052631578947367,0.3684210526315789,1
19,6,0.15789473684210525,0.3157894736842105,1
29,3,0.13793103448275862,0.2413793103448276,0
28,9,0.32142857142857145,0.42857142857142855,0
3,2,0.0,0.6666666666666666,0
35,6,0.2857142857142857,0.4,1
17,11,0.058823529411764705,0.7058823529411765,0
8,3,0.25,0.5,0
8,3,0.25,0.375,0
8,3,0.125,0.375,0
44,5,0.4318181818181818,0.3409090909090909,1
44,4,0.4318181818181818,0.2727272727272727,1
44,4,0.4090909090909091,0.3181818181818182,1
44,4,0.4090909090909091,0.3181818181818182,1
42,6,0.3333333333333333,0.42857142857142855,1
12,5,0.4166666666666667,0.6666666666666666,0
12,5,0.4166666666666667,0.75,0
12,5,0.4166666666666667,0.6666666666666666,0
12,4,0.5,0.6666666666666666,0
12,5,0.5,0.6666666666666666,0
12,4,0.5,0.5833333333333334,0
12,4,0.5,0.5833333333333334,1
12,4,0.5,0.5,0
12,4,0.5,0.5,0
12,4,0.5,0.6666666666666666,0
12,4,0.5,0.5,0
12,4,0.5,0.5833333333333334,0
12,4,0.4166666666666667,0.5833333333333334,0
12,4,0.4166666666666667,0.6666666666666666,0
29,3,0.1724137931034483,0.2413793103448276,0
22,5,0.22727272727272727,0.36363636363636365,0
2,0,0.5,0.5,0
18,4,0.4444444444444444,0.5555555555555556,1
19,1,0.5263157894736842,0.3684210526315789,1
28,4,0.42857142857142855,0.35714285714285715,1
23,4,0.4782608695652174,0.4782608695652174,0
18,5,0.5555555555555556,0.4444444444444444,0
21,5,0.42857142857142855,0.5238095238095238,0
12,3,0.6666666666666666,0.5,1
27,4,0.48148148148148145,0.4074074074074074,0
27,4,0.4444444444444444,0.4074074074074074,0
27,4,0.4444444444444444,0.4074074074074074,0
25,3,0.44,0.4,1
25,3,0.44,0.4,1
19,3,0.5789473684210527,0.3684210526315789,0
39,-3,0.5897435897435898,0.1794871794871795,1
51,0,0.23529411764705882,0.37254901960784315,0
51,2,0.23529411764705882,0.37254901960784315,1
51,1,0.2549019607843137,0.37254901960784315,0
61,4,0.3114754098360656,0.32786885245901637,0
55,2,0.32727272727272727,0.2727272727272727,0
17,-1,0.35294117647058826,0.4117647058823529,0
23,-1,0.08695652173913043,0.043478260869565216,1
51,3,0.23529411764705882,0.37254901960784315,0
16,7,0.3125,0.8125,0
51,4,0.27450980392156865,0.39215686274509803,1
51,3,0.29411764705882354,0.37254901960784315,1
14,2,0.6428571428571429,0.5714285714285714,0
16,2,0.625,0.3125,0
16,2,0.625,0.375,0
16,2,0.625,0.375,0
16,4,0.6875,0.5625,0
16,4,0.6875,0.5625,0
16,5,0.625,0.625,0
16,2,0.625,0.4375,1
16,3,0.625,0.5,0
16,4,0.625,0.5625,1
16,1,0.5625,0.5,1
13,0,0.5384615384615384,0.6153846153846154,1
27,1,0.5185185185185185,0.6296296296296297,1
13,0,0.5384615384615384,0.6153846153846154,1
11,1,0.5454545454545454,0.5454545454545454,1
16,1,0.5625,0.5,1
16,1,0.5625,0.4375,1
13,0,0.5384615384615384,0.6153846153846154,1
13,0,0.5384615384615384,0.5384615384615384,1
13,1,0.5384615384615384,0.6153846153846154,0
14,2,0.5714285714285714,0.5,1
17,2,0.5294117647058824,0.47058823529411764,1
17,2,0.5294117647058824,0.47058823529411764,1
17,2,0.5294117647058824,0.47058823529411764,1
13,2,0.5384615384615384,0.6923076923076923,0
13,2,0.5384615384615384,0.6923076923076923,0
13,0,0.5384615384615384,0.5384615384615384,1
14,3,0.5714285714285714,0.7142857142857143,0
14,3,0.5714285714285714,0.7142857142857143,0
16,1,0.5625,0.4375,1
16,1,0.5625,0.4375,1
16,1,0.5625,0.4375,1
16,1,0.5625,0.4375,0
16,1,0.5625,0.4375,1
13,2,0.6153846153846154,0.46153846153846156,0
13,1,0.5384615384615384,0.6153846153846154,0
13,4,0.46153846153846156,0.6923076923076923,0
13,4,0.46153846153846156,0.6153846153846154,0
13,3,0.5384615384615384,0.5384615384615384,0
13,0,0.46153846153846156,0.5384615384615384,1
13,3,0.5384615384615384,0.46153846153846156,0
13,4,0.38461538461538464,0.6923076923076923,0
16,0,0.625,0.375,1
16,2,0.625,0.5,1
19,0,0.47368421052631576,0.2631578947368421,0
16,0,0.625,0.375,0
16,1,0.625,0.4375,0
16,1,0.5625,0.4375,1
18,1,0.5555555555555556,0.3888888888888889,1
16,2,0.5625,0.5,0
16,3,0.5625,0.5625,0
33,3,0.3939393939393939,0.36363636363636365,1
33,3,0.3939393939393939,0.36363636363636365,1
55,8,0.32727272727272727,0.4,1
25,3,0.56,0.32,0
25,3,0.52,0.28,1
21,3,0.42857142857142855,0.42857142857142855,1
26,10,0.46153846153846156,0.5769230769230769,0
26,10,0.4230769230769231,0.5769230769230769,1
26,9,0.4230769230769231,0.5769230769230769,1
26,10,0.46153846153846156,0.6153846153846154,0
26,11,0.38461538461538464,0.5769230769230769,0
26,10,0.38461538461538464,0.5384615384615384,0
23,3,0.4782608695652174,0.30434782608695654,1
23,3,0.5217391304347826,0.30434782608695654,1
55,10,0.3090909090909091,0.4,1
34,5,0.35294117647058826,0.5588235294117647,1
21,2,0.6666666666666666,0.2857142857142857,1
23,2,0.6086956521739131,0.2608695652173913,1
25,3,0.56,0.4,0
25,3,0.56,0.36,1
10,1,0.6,0.6,0
13,4,0.5384615384615384,0.6923076923076923,0
21,11,0.38095238095238093,0.9047619047619048,1
36,13,0.3888888888888889,0.6666666666666666,1
30,4,0.36666666666666664,0.36666666666666664,1
16,6,0.5625,0.6875,0
16,3,0.5625,0.5,0
25,4,0.56,0.44,1
25,4,0.56,0.4,1
25,4,0.56,0.4,1
31,3,0.3870967741935484,0.45161290322580644,1
31,3,0.41935483870967744,0.45161290322580644,1
27,4,0.4074074074074074,0.5185185185185185,1
32,6,0.375,0.375,1
33,4,0.3939393939393939,0.36363636363636365,1
46,5,0.3695652173913043,0.45652173913043476,1
46,6,0.34782608695652173,0.45652173913043476,1
88,10,0.2727272727272727,0.23863636363636365,0
20,5,0.65,0.75,1
34,8,0.3235294117647059,0.6470588235294118,1
79,4,0.26582278481012656,0.25316455696202533,1
37,5,0.40540540540540543,0.4864864864864865,0
37,5,0.43243243243243246,0.4594594594594595,1
37,5,0.43243243243243246,0.4594594594594595,1
46,6,0.43478260869565216,0.43478260869565216,1
46,7,0.43478260869565216,0.43478260869565216,1
25,6,0.36,0.52,1
46,6,0.391304347826087,0.43478260869565216,1
46,5,0.391304347826087,0.43478260869565216,1
20,0,0.5,0.45,1
46,7,0.3695652173913043,0.5217391304347826,1
46,7,0.3695652173913043,0.5217391304347826,1
46,6,0.3695652173913043,0.43478260869565216,1
46,7,0.43478260869565216,0.43478260869565216,1
49,7,0.32653061224489793,0.42857142857142855,0
46,7,0.3695652173913043,0.5217391304347826,1
25,3,0.6,0.32,1
25,3,0.56,0.4,1
25,3,0.56,0.36,1
33,4,0.36363636363636365,0.36363636363636365,0
33,3,0.42424242424242425,0.3333333333333333,0
37,4,0.40540540540540543,0.32432432432432434,1
38,5,0.39473684210526316,0.34210526315789475,1
19,3,0.5789473684210527,0.42105263157894735,0
46,6,0.43478260869565216,0.43478260869565216,1
20,1,0.55,0.35,1
37,5,0.3783783783783784,0.40540540540540543,1
37,4,0.43243243243243246,0.40540540540540543,1
39,8,0.46153846153846156,0.46153846153846156,1
37,4,0.43243243243243246,0.40540540540540543,0
37,4,0.43243243243243246,0.35135135135135137,1
20,1,0.5,0.35,1
20,1,0.45,0.3,1
23,2,0.5652173913043478,0.2608695652173913,1
22,2,0.6818181818181818,0.2727272727272727,1
13,1,0.6153846153846154,0.3076923076923077,1
28,4,0.5357142857142857,0.5,0
34,-1,0.3235294117647059,0.29411764705882354,0
32,6,0.375,0.375,1
18,3,0.6666666666666666,0.4444444444444444,0
9,1,0.5555555555555556,0.2222222222222222,0
65,3,0.38461538461538464,0.3230769230769231,1
65,7,0.36923076923076925,0.35384615384615387,1
31,3,0.41935483870967744,0.3870967741935484,1
31,3,0.41935483870967744,0.3870967741935484,1
31,3,0.41935483870967744,0.3548387096774194,1
28,4,0.42857142857142855,0.39285714285714285,0
28,3,0.39285714285714285,0.39285714285714285,0
28,4,0.39285714285714285,0.39285714285714285,0
28,4,0.39285714285714285,0.39285714285714285,0
27,3,0.4074074074074074,0.4074074074074074,0
22,2,0.45454545454545453,0.5454545454545454,0
17,2,0.5294117647058824,0.47058823529411764,0
20,4,0.5,0.5,1
56,7,0.44642857142857145,0.35714285714285715,1
17,2,0.5294117647058824,0.47058823529411764,1
24,3,0.4583333333333333,0.375,0
12,2,0.5,0.3333333333333333,0
18,3,0.3888888888888889,0.3333333333333333,0
23,5,0.43478260869565216,0.4782608695652174,1
18,6,0.5,0.4444444444444444,0
78,8,0.34615384615384615,0.4230769230769231,1
33,3,0.42424242424242425,0.3333333333333333,1
22,2,0.5,0.5,1
26,2,0.5,0.4230769230769231,1
53,9,0.2830188679245283,0.2830188679245283,1
17,3,0.5294117647058824,0.4117647058823529,1
75,1,0.21333333333333335,0.25333333333333335,0
21,2,0.42857142857142855,0.42857142857142855,1
21,1,0.47619047619047616,0.38095238095238093,1
21,1,0.47619047619047616,0.38095238095238093,1
28,3,0.35714285714285715,0.32142857142857145,0
23,3,0.5217391304347826,0.391304347826087,1
23,3,0.5217391304347826,0.391304347826087,1
24,5,0.375,0.5,1
15,4,0.4,0.4666666666666667,0
30,5,0.5,0.36666666666666664,1
28,4,0.4642857142857143,0.35714285714285715,1
28,3,0.42857142857142855,0.35714285714285715,1
23,3,0.5217391304347826,0.391304347826087,1
23,3,0.5217391304347826,0.391304347826087,1
23,4,0.391304347826087,0.391304347826087,1
23,6,0.34782608695652173,0.4782608695652174,1
16,4,0.5,0.625,0
17,4,0.47058823529411764,0.5882352941176471,0
16,4,0.5,0.6875,0
17,4,0.47058823529411764,0.6470588235294118,0
17,6,0.47058823529411764,0.6470588235294118,0
17,6,0.47058823529411764,0.7058823529411765,0
19,7,0.47368421052631576,0.8421052631578947,1
13,4,0.5384615384615384,0.7692307692307693,0
25,8,0.52,0.44,0
17,0,0.5294117647058824,0.47058823529411764,0
28,2,0.42857142857142855,0.4642857142857143,1
12,-1,0.5833333333333334,0.5,1
17,2,0.5294117647058824,0.47058823529411764,1
20,1,0.5,0.5,1
21,0,0.5238095238095238,0.47619047619047616,1
33,2,0.42424242424242425,0.3333333333333333,1
18,-1,0.5,0.2222222222222222,0
16,1,0.5625,0.4375,0
16,2,0.5625,0.5,1
33,4,0.42424242424242425,0.42424242424242425,1
33,3,0.42424242424242425,0.3939393939393939,1
33,3,0.42424242424242425,0.36363636363636365,1
33,3,0.3939393939393939,0.36363636363636365,1
31,2,0.3548387096774194,0.3870967741935484,1
33,1,0.42424242424242425,0.3333333333333333,1
33,3,0.45454545454545453,0.3939393939393939,0
33,3,0.42424242424242425,0.36363636363636365,1
33,3,0.3939393939393939,0.36363636363636365,0
33,4,0.45454545454545453,0.3333333333333333,1
33,3,0.45454545454545453,0.3333333333333333,1
33,3,0.42424242424242425,0.3333333333333333,0
28,3,0.42857142857142855,0.39285714285714285,1
33,2,0.3939393939393939,0.30303030303030304,1
33,3,0.42424242424242425,0.3333333333333333,1
33,3,0.42424242424242425,0.3333333333333333,1
28,3,0.39285714285714285,0.42857142857142855,1
25,2,0.48,0.36,1
33,2,0.42424242424242425,0.3333333333333333,0
33,3,0.3939393939393939,0.3333333333333333,1
33,3,0.45454545454545453,0.3333333333333333,0
33,4,0.45454545454545453,0.36363636363636365,0
28,3,0.4642857142857143,0.39285714285714285,1
27,5,0.4074074074074074,0.6666666666666666,0
24,5,0.2916666666666667,0.5416666666666666,0
25,3,0.56,0.32,1
22,0,0.36363636363636365,0.36363636363636365,1
21,3,0.42857142857142855,0.42857142857142855,0
21,3,0.5238095238095238,0.5238095238095238,0
18,5,0.5555555555555556,0.6666666666666666,1
18,3,0.5555555555555556,0.5555555555555556,1
21,2,0.5238095238095238,0.3333333333333333,1
21,2,0.5714285714285714,0.2857142857142857,1
18,4,0.5555555555555556,0.6111111111111112,1
18,3,0.5555555555555556,0.5555555555555556,1
18,3,0.5555555555555556,0.5555555555555556,1
18,2,0.5555555555555556,0.5,1
18,3,0.5,0.5555555555555556,1
21,2,0.47619047619047616,0.42857142857142855,1
21,2,0.47619047619047616,0.38095238095238093,1
15,0,0.4666666666666667,0.4666666666666667,1
25,3,0.56,0.28,1
15,1,0.5333333333333333,0.26666666666666666,0
10,3,0.6,0.9,1
18,6,0.5555555555555556,0.7222222222222222,1
14,6,0.5,0.9285714285714286,0
18,3,0.5555555555555556,0.5555555555555556,1
5,2,0.4,0.8,1
6,2,0.5,0.8333333333333334,1
7,3,0.42857142857142855,0.8571428571428571,1
10,3,0.6,0.8,1
8,3,0.375,0.75,1
9,3,0.4444444444444444,0.7777777777777778,1
10,3,0.5,0.8,1
25,4,0.56,0.44,0
31,3,0.41935483870967744,0.4838709677419355,1
24,8,0.4583333333333333,0.7083333333333334,1
33,3,0.3939393939393939,0.3939393939393939,1
31,2,0.3548387096774194,0.25806451612903225,0
13,1,0.6153846153846154,0.6923076923076923,1
26,0,0.4230769230769231,0.4230769230769231,1
23,3,0.5217391304347826,0.30434782608695654,1
33,6,0.30303030303030304,0.5454545454545454,1
19,7,0.42105263157894735,0.631578947368421,1
22,6,0.4090909090909091,0.7272727272727273,1
18,6,0.3888888888888889,0.7222222222222222,1
19,6,0.47368421052631576,0.5789473684210527,1
33,5,0.42424242424242425,0.3939393939393939,1
21,3,0.47619047619047616,0.42857142857142855,1
21,2,0.42857142857142855,0.42857142857142855,1
21,2,0.42857142857142855,0.38095238095238093,1
21,3,0.42857142857142855,0.42857142857142855,1
38,4,0.34210526315789475,0.3157894736842105,1
23,3,0.43478260869565216,0.34782608695652173,1
21,1,0.42857142857142855,0.38095238095238093,1
21,2,0.38095238095238093,0.38095238095238093,1
23,0,0.43478260869565216,0.391304347826087,1
26,-1,0.38461538461538464,0.34615384615384615,0
23,0,0.43478260869565216,0.391304347826087,1
26,-1,0.38461538461538464,0.34615384615384615,0
33,5,0.3939393939393939,0.36363636363636365,1
12,1,0.3333333333333333,0.3333333333333333,1
21,2,0.42857142857142855,0.38095238095238093,1
21,1,0.38095238095238093,0.3333333333333333,1
21,2,0.42857142857142855,0.38095238095238093,1
20,6,0.5,0.6,0
21,3,0.42857142857142855,0.38095238095238093,1
13,1,0.6153846153846154,0.6923076923076923,1
37,3,0.32432432432432434,0.5675675675675675,1
10,0,0.5,0.3,1
25,3,0.52,0.28,1
37,5,0.40540540540540543,0.3783783783783784,0
24,2,0.5833333333333334,0.4166666666666667,1
25,3,0.56,0.28,0
25,3,0.64,0.28,0
25,3,0.56,0.28,1
25,3,0.56,0.32,1
25,5,0.56,0.32,0
25,2,0.56,0.24,1
25,3,0.56,0.28,1
37,6,0.3783783783783784,0.40540540540540543,1
24,3,0.5,0.5,0
19,3,0.5789473684210527,0.47368421052631576,1
18,3,0.7222222222222222,0.5,0
28,2,0.4642857142857143,0.35714285714285715,1
33,3,0.3939393939393939,0.36363636363636365,1
28,3,0.42857142857142855,0.35714285714285715,1
28,2,0.39285714285714285,0.32142857142857145,1
28,4,0.39285714285714285,0.35714285714285715,0
28,4,0.4642857142857143,0.42857142857142855,1
13,3,0.38461538461538464,0.46153846153846156,1
38,5,0.3684210526315789,0.39473684210526316,1
37,5,0.3783783783783784,0.40540540540540543,1
25,2,0.44,0.36,1
33,3,0.3939393939393939,0.36363636363636365,1
29,3,0.41379310344827586,0.3103448275862069,0
29,3,0.41379310344827586,0.3103448275862069,0
20,2,0.5,0.3,1
37,6,0.3783783783783784,0.3783783783783784,1
24,4,0.4583333333333333,0.4166666666666667,1
42,9,0.23809523809523808,0.38095238095238093,0
24,4,0.4166666666666667,0.4166666666666667,1
30,0,0.3,0.2,0
30,1,0.3,0.2,0
30,2,0.2,0.23333333333333334,0
27,7,0.14814814814814814,0.4074074074074074,0
12,1,0.25,0.25,1
29,0,0.1724137931034483,0.10344827586206896,0
29,0,0.20689655172413793,0.13793103448275862,0
29,0,0.1724137931034483,0.10344827586206896,0
29,0,0.1724137931034483,0.10344827586206896,0
29,0,0.20689655172413793,0.10344827586206896,0
13,2,0.5384615384615384,0.5384615384615384,0
39,10,0.3076923076923077,0.4358974358974359,0
36,10,0.3055555555555556,0.4722222222222222,1
41,4,0.1951219512195122,0.3170731707317073,1
12,2,0.4166666666666667,0.4166666666666667,0
27,9,0.3333333333333333,0.5555555555555556,1
30,-1,0.13333333333333333,0.13333333333333333,0
30,-2,0.13333333333333333,0.13333333333333333,0
30,-1,0.13333333333333333,0.06666666666666667,0
31,-1,0.12903225806451613,0.0967741935483871,0
29,2,0.1724137931034483,0.2413793103448276,0
29,3,0.1724137931034483,0.2413793103448276,0
29,1,0.1724137931034483,0.20689655172413793,0
29,2,0.1724137931034483,0.20689655172413793,0
29,-1,0.2413793103448276,0.13793103448275862,1
29,-1,0.20689655172413793,0.13793103448275862,0
30,-2,0.2,0.1,0
29,0,0.2413793103448276,0.10344827586206896,0
29,0,0.1724137931034483,0.10344827586206896,1
29,1,0.1724137931034483,0.1724137931034483,0
30,-2,0.2,0.1,0
30,-1,0.2,0.13333333333333333,0
30,-1,0.16666666666666666,0.1,0
30,-1,0.16666666666666666,0.1,0
30,0,0.16666666666666666,0.13333333333333333,0
29,0,0.1724137931034483,0.13793103448275862,0
29,-2,0.13793103448275862,0.13793103448275862,0
29,-1,0.1724137931034483,0.13793103448275862,0
30,-1,0.16666666666666666,0.1,1
29,0,0.1724137931034483,0.13793103448275862,0
29,0,0.20689655172413793,0.10344827586206896,0
30,-1,0.2,0.1,0
29,1,0.27586206896551724,0.13793103448275862,0
29,1,0.1724137931034483,0.1724137931034483,0
29,1,0.20689655172413793,0.1724137931034483,0
29,-1,0.1724137931034483,0.06896551724137931,0
29,0,0.1724137931034483,0.06896551724137931,0
29,0,0.20689655172413793,0.06896551724137931,0
29,0,0.1724137931034483,0.06896551724137931,0
29,1,0.1724137931034483,0.10344827586206896,0
29,0,0.20689655172413793,0.10344827586206896,0
29,0,0.1724137931034483,0.06896551724137931,0
29,1,0.13793103448275862,0.10344827586206896,0
29,-1,0.1724137931034483,0.06896551724137931,0
29,0,0.1724137931034483,0.06896551724137931,1
30,0,0.2,0.06666666666666667,0
29,0,0.1724137931034483,0.06896551724137931,0
29,0,0.20689655172413793,0.06896551724137931,0
29,0,0.20689655172413793,0.06896551724137931,0
29,0,0.20689655172413793,0.06896551724137931,0
19,-1,0.3157894736842105,0.10526315789473684,0
18,0,0.7222222222222222,0.5555555555555556,0
68,8,0.3235294117647059,0.3235294117647059,1
20,8,0.4,0.75,0
43,16,0.3023255813953488,0.5581395348837209,1
20,10,0.3,0.8,1
16,6,0.375,0.8125,0
16,7,0.3125,0.8125,0
15,7,0.4,0.8666666666666667,0
16,7,0.4375,0.875,0
12,7,0.25,0.8333333333333334,0
16,7,0.3125,0.8125,0
16,8,0.25,0.8125,0
20,10,0.3,0.85,0
37,12,0.32432432432432434,0.6216216216216216,1
37,12,0.32432432432432434,0.6486486486486487,1
16,8,0.375,0.875,0
16,9,0.3125,0.875,0
15,9,0.26666666666666666,0.8666666666666667,0
20,11,0.3,0.85,1
20,7,0.55,0.8,1
21,7,0.5238095238095238,0.7619047619047619,0
19,7,0.47368421052631576,0.8421052631578947,0
25,3,0.48,0.36,1
24,4,0.5416666666666666,0.5,1
24,4,0.5416666666666666,0.5,0
23,-4,0.2608695652173913,0.21739130434782608,1
10,2,0.5,0.6,1
20,4,0.6,0.6,1
10,2,0.5,0.6,1
25,1,0.48,0.32,1
18,2,0.5,0.5,1
19,2,0.47368421052631576,0.47368421052631576,1
16,2,0.5,0.4375,0
16,2,0.5,0.4375,0
12,2,0.5833333333333334,0.4166666666666667,0
29,2,0.20689655172413793,0.20689655172413793,0
74,6,0.21621621621621623,0.28378378378378377,0
34,4,0.35294117647058826,0.5588235294117647,1
25,1,0.4,0.4,1
26,-1,0.4230769230769231,0.34615384615384615,1
29,-2,0.3793103448275862,0.3103448275862069,1
25,1,0.44,0.32,1
25,2,0.44,0.32,1
25,2,0.44,0.32,1
25,1,0.44,0.32,1
25,2,0.44,0.32,1
23,3,0.4782608695652174,0.34782608695652173,1
23,1,0.43478260869565216,0.43478260869565216,1
26,2,0.38461538461538464,0.34615384615384615,1
24,4,0.75,0.5416666666666666,0
29,4,0.4482758620689655,0.4482758620689655,1
31,3,0.3548387096774194,0.3870967741935484,1
29,4,0.41379310344827586,0.4482758620689655,1
13,0,0.5384615384615384,0.5384615384615384,0
22,0,0.4090909090909091,0.36363636363636365,1
22,0,0.4090909090909091,0.36363636363636365,1
22,0,0.4090909090909091,0.36363636363636365,1
22,0,0.4090909090909091,0.3181818181818182,1
29,6,0.3448275862068966,0.5172413793103449,1
29,5,0.3448275862068966,0.4827586206896552,1
14,2,0.5,0.2857142857142857,0
10,3,0.5,0.6,0
21,4,0.6190476190476191,0.38095238095238093,0
21,6,0.5238095238095238,0.42857142857142855,0
21,5,0.5714285714285714,0.42857142857142855,0
26,2,0.5384615384615384,0.34615384615384615,0
26,3,0.5384615384615384,0.34615384615384615,0
28,3,0.5,0.2857142857142857,1
29,3,0.5172413793103449,0.27586206896551724,0
29,3,0.4827586206896552,0.27586206896551724,0
28,2,0.5357142857142857,0.25,0
26,2,0.5384615384615384,0.3076923076923077,1
22,4,0.5,0.5454545454545454,0
29,5,0.4482758620689655,0.4482758620689655,1
36,4,0.3888888888888889,0.3888888888888889,1
39,6,0.38461538461538464,0.38461538461538464,1
29,5,0.4482758620689655,0.4482758620689655,1
29,4,0.4482758620689655,0.41379310344827586,1
31,4,0.3870967741935484,0.41935483870967744,1
29,3,0.4482758620689655,0.4482758620689655,1
22,1,0.4090909090909091,0.36363636363636365,1
23,1,0.43478260869565216,0.34782608695652173,1
23,1,0.4782608695652174,0.34782608695652173,1
23,1,0.43478260869565216,0.34782608695652173,1
33,4,0.5757575757575758,0.2727272727272727,1
28,0,0.5357142857142857,0.25,1
32,2,0.4375,0.25,1
25,2,0.52,0.28,1
25,2,0.52,0.28,1
25,1,0.56,0.28,1
29,3,0.5517241379310345,0.27586206896551724,0
29,4,0.5517241379310345,0.27586206896551724,0
29,2,0.5517241379310345,0.27586206896551724,1
29,3,0.4827586206896552,0.3448275862068966,1
33,3,0.5454545454545454,0.2727272727272727,1
21,3,0.6190476190476191,0.3333333333333333,0
33,4,0.5454545454545454,0.30303030303030304,1
29,6,0.5517241379310345,0.27586206896551724,1
33,3,0.5454545454545454,0.2727272727272727,0
21,2,0.6190476190476191,0.2857142857142857,1
25,2,0.56,0.32,1
25,2,0.52,0.32,1
33,3,0.5454545454545454,0.30303030303030304,0
29,3,0.5517241379310345,0.3103448275862069,1
33,2,0.5454545454545454,0.2727272727272727,0
33,2,0.5151515151515151,0.2727272727272727,0
24,9,0.5416666666666666,0.4583333333333333,0
20,5,0.65,0.55,0
21,4,0.6190476190476191,0.38095238095238093,1
21,3,0.5714285714285714,0.38095238095238093,0
21,3,0.5238095238095238,0.38095238095238093,0
21,3,0.5714285714285714,0.3333333333333333,0
22,4,0.5909090909090909,0.3181818181818182,0
22,4,0.5454545454545454,0.4090909090909091,0
22,3,0.5909090909090909,0.2727272727272727,1
25,4,0.44,0.4,1
26,4,0.5384615384615384,0.38461538461538464,0
26,3,0.5384615384615384,0.34615384615384615,1
35,3,0.2571428571428571,0.2,0
31,6,0.3870967741935484,0.3870967741935484,1
33,6,0.3939393939393939,0.36363636363636365,1
20,1,0.45,0.15,0
27,4,0.4444444444444444,0.2222222222222222,1
12,4,0.5,0.5833333333333334,0
12,4,0.5,0.6666666666666666,0
31,3,0.4838709677419355,0.2903225806451613,0
33,4,0.5757575757575758,0.2727272727272727,0
33,6,0.5151515151515151,0.30303030303030304,1
32,5,0.5625,0.25,1
12,3,0.5,0.5,0
12,3,0.5,0.5,1
12,4,0.4166666666666667,0.5,0
12,3,0.5,0.5833333333333334,0
12,4,0.5,0.5833333333333334,0
12,3,0.5,0.5,0
32,3,0.53125,0.25,1
30,-1,0.43333333333333335,0.23333333333333334,1
35,5,0.11428571428571428,0.0,0
36,2,0.4722222222222222,0.3333333333333333,1
25,2,0.36,0.24,1
25,2,0.32,0.24,1
24,1,0.3333333333333333,0.25,1
24,3,0.3333333333333333,0.2916666666666667,1
22,2,0.5454545454545454,0.3181818181818182,0
29,-1,0.27586206896551724,0.2413793103448276,0
33,-3,0.36363636363636365,0.2727272727272727,0
14,3,0.6428571428571429,0.5,1
14,3,0.6428571428571429,0.5714285714285714,1
14,4,0.5714285714285714,0.6428571428571429,1
18,5,0.16666666666666666,0.2777777777777778,0
18,4,0.2222222222222222,0.3333333333333333,1
18,4,0.2222222222222222,0.2777777777777778,1
18,4,0.2222222222222222,0.2777777777777778,1
89,-2,0.3258426966292135,0.3146067415730337,0
30,0,0.26666666666666666,0.06666666666666667,0
24,3,0.375,0.125,1
17,4,0.23529411764705882,0.29411764705882354,1
2,0,0.0,0.0,0
13,1,0.5384615384615384,0.38461538461538464,0
6,0,0.6666666666666666,0.3333333333333333,0
35,4,0.37142857142857144,0.3142857142857143,1
35,0,0.2857142857142857,0.2,0
15,5,0.06666666666666667,0.4666666666666667,0
15,5,0.06666666666666667,0.4666666666666667,0
6,0,0.5,0.3333333333333333,0
36,6,0.3055555555555556,0.3055555555555556,1
51,4,0.3333333333333333,0.2549019607843137,0
16,1,0.4375,0.1875,0
38,6,0.2631578947368421,0.2894736842105263,1
38,6,0.23684210526315788,0.2894736842105263,1
38,7,0.23684210526315788,0.3157894736842105,1
55,8,0.2,0.2909090909090909,0
60,9,0.38333333333333336,0.4166666666666667,1
37,-4,0.4594594594594595,0.32432432432432434,0
53,7,0.3584905660377358,0.37735849056603776,1
54,6,0.4074074074074074,0.37037037037037035,1
35,-4,0.37142857142857144,0.34285714285714286,0
66,7,0.30303030303030304,0.25757575757575757,1
66,7,0.3181818181818182,0.25757575757575757,1
19,0,0.3157894736842105,0.15789473684210525,1
77,8,0.36363636363636365,0.35064935064935066,1
18,1,0.16666666666666666,0.05555555555555555,0
19,-1,0.15789473684210525,0.15789473684210525,0
19,4,0.10526315789473684,0.2631578947368421,0
19,3,0.21052631578947367,0.2631578947368421,0
19,1,0.15789473684210525,0.15789473684210525,0
19,5,0.10526315789473684,0.3157894736842105,0
20,-1,0.5,0.1,0
101,0,0.40594059405940597,0.27722772277227725,1
15,3,0.26666666666666666,0.26666666666666666,0
7,2,0.14285714285714285,0.0,0
15,3,0.26666666666666666,0.3333333333333333,0
30,6,0.36666666666666664,0.43333333333333335,1
14,2,0.2857142857142857,0.35714285714285715,0
14,1,0.21428571428571427,0.35714285714285715,0
14,1,0.21428571428571427,0.2857142857142857,0
14,3,0.21428571428571427,0.35714285714285715,0
14,2,0.14285714285714285,0.2857142857142857,0
83,11,0.3132530120481928,0.3253012048192771,1
11,4,0.0,0.5454545454545454,0
15,9,0.3333333333333333,0.9333333333333333,0
18,10,0.3333333333333333,0.8888888888888888,0
18,10,0.3333333333333333,0.8888888888888888,1
26,11,0.4230769230769231,0.7692307692307693,1
27,11,0.4074074074074074,0.7407407407407407,1
27,11,0.4074074074074074,0.5925925925925926,0
18,9,0.3333333333333333,0.8333333333333334,0
18,10,0.3333333333333333,0.8888888888888888,0
19,9,0.3157894736842105,0.7368421052631579,1
20,12,0.25,0.8,1
34,13,0.35294117647058826,0.6470588235294118,1
35,13,0.34285714285714286,0.6285714285714286,1
36,13,0.3333333333333333,0.6111111111111112,1
24,14,0.0,0.625,0
17,-1,0.058823529411764705,0.23529411764705882,0
5,0,0.0,0.2,0
8,2,0.0,0.375,0
24,14,0.0,0.625,0
12,4,0.0,0.4166666666666667,0
24,4,0.25,0.4166666666666667,0
14,2,0.5,0.5714285714285714,1
24,11,0.2916666666666667,0.5833333333333334,0
22,8,0.22727272727272727,0.45454545454545453,0
11,8,0.0,0.7272727272727273,0
12,8,0.0,0.6666666666666666,0
14,8,0.0,0.5714285714285714,0
30,10,0.23333333333333334,0.4666666666666667,0
24,17,0.0,0.7083333333333334,0
10,9,0.0,0.9,0
39,9,0.3333333333333333,0.48717948717948717,1
33,5,0.36363636363636365,0.45454545454545453,1
39,9,0.3076923076923077,0.5128205128205128,1
40,8,0.325,0.475,1
35,8,0.45714285714285713,0.45714285714285713,1
34,8,0.4411764705882353,0.4411764705882353,1
18,2,0.5555555555555556,0.4444444444444444,1
16,4,0.125,0.25,1
16,3,0.1875,0.25,1
17,9,0.058823529411764705,0.6470588235294118,0
26,9,0.38461538461538464,0.5769230769230769,1
11,4,0.2727272727272727,0.36363636363636365,1
49,9,0.2857142857142857,0.30612244897959184,0
48,8,0.2916666666666667,0.2916666666666667,1
34,8,0.4117647058823529,0.4117647058823529,1
25,2,0.24,0.28,0
7,2,0.2857142857142857,0.2857142857142857,0
29,-1,0.3103448275862069,0.1724137931034483,0
30,3,0.2,0.3,0
19,2,0.3684210526315789,0.15789473684210525,0
39,6,0.1282051282051282,0.20512820512820512,1
20,-2,0.2,0.1,0
25,2,0.28,0.36,0
7,0,0.14285714285714285,0.2857142857142857,1
42,5,0.2619047619047619,0.2857142857142857,1
11,3,0.45454545454545453,0.7272727272727273,0
14,6,0.07142857142857142,0.35714285714285715,0
14,5,0.14285714285714285,0.42857142857142855,0
95,5,0.14736842105263157,0.12631578947368421,0
37,5,0.10810810810810811,0.24324324324324326,0
32,4,0.4375,0.375,0
27,7,0.2222222222222222,0.37037037037037035,0
19,8,0.0,0.42105263157894735,0
25,1,0.32,0.2,1
78,-8,0.358974358974359,0.3076923076923077,0
31,3,0.22580645161290322,0.22580645161290322,0
31,1,0.3548387096774194,0.1935483870967742,0
31,1,0.3548387096774194,0.1935483870967742,0
31,1,0.3225806451612903,0.25806451612903225,0
31,1,0.3225806451612903,0.25806451612903225,0
31,1,0.3225806451612903,0.25806451612903225,0
31,1,0.3225806451612903,0.22580645161290322,0
31,2,0.3225806451612903,0.25806451612903225,0
18,5,0.2222222222222222,0.3888888888888889,1
19,5,0.21052631578947367,0.3684210526315789,1
20,6,0.2,0.4,1
21,6,0.23809523809523808,0.38095238095238093,1
38,6,0.39473684210526316,0.42105263157894735,0
28,-2,0.25,0.17857142857142858,0
66,11,0.19696969696969696,0.24242424242424243,0
7,0,0.42857142857142855,0.42857142857142855,0
16,-1,0.375,0.25,1
18,0,0.4444444444444444,0.2777777777777778,1
18,1,0.4444444444444444,0.3333333333333333,1
18,0,0.4444444444444444,0.2777777777777778,1
4,-1,0.0,0.0,0
32,-1,0.3125,0.25,0
32,0,0.28125,0.25,0
43,5,0.18604651162790697,0.3023255813953488,0
13,3,0.15384615384615385,0.15384615384615385,0
20,2,0.35,0.2,1
18,2,0.3888888888888889,0.2222222222222222,1
18,0,0.3333333333333333,0.2777777777777778,0
22,3,0.3181818181818182,0.2727272727272727,1
63,9,0.1746031746031746,0.30158730158730157,1
8,0,0.5,0.5,0
31,0,0.22580645161290322,0.12903225806451613,0
30,3,0.2,0.3,0
31,1,0.22580645161290322,0.1935483870967742,0
31,1,0.3225806451612903,0.16129032258064516,0
66,3,0.16666666666666666,0.21212121212121213,0
22,3,0.36363636363636365,0.36363636363636365,0
19,-2,0.47368421052631576,0.3684210526315789,0
17,-4,0.4117647058823529,0.17647058823529413,0
28,0,0.25,0.14285714285714285,0
49,6,0.22448979591836735,0.30612244897959184,0
7,0,0.5714285714285714,0.42857142857142855,0
31,2,0.2903225806451613,0.25806451612903225,0
31,3,0.3225806451612903,0.25806451612903225,0
17,3,0.4117647058823529,0.4117647058823529,0
30,3,0.13333333333333333,0.13333333333333333,0
31,2,0.2903225806451613,0.25806451612903225,0
13,0,0.38461538461538464,0.23076923076923078,0
17,-3,0.35294117647058826,0.17647058823529413,0
17,-3,0.4117647058823529,0.23529411764705882,0
17,-2,0.4117647058823529,0.23529411764705882,0
17,-3,0.35294117647058826,0.23529411764705882,0
17,-3,0.35294117647058826,0.17647058823529413,0
17,-3,0.4117647058823529,0.23529411764705882,0
17,-3,0.35294117647058826,0.17647058823529413,0
17,-3,0.4117647058823529,0.23529411764705882,0
17,-2,0.4117647058823529,0.23529411764705882,0
13,0,0.38461538461538464,0.3076923076923077,0
17,-2,0.4117647058823529,0.23529411764705882,0
17,-3,0.35294117647058826,0.23529411764705882,0
12,0,0.4166666666666667,0.16666666666666666,0
17,-3,0.29411764705882354,0.23529411764705882,0
17,-2,0.4117647058823529,0.11764705882352941,0
12,0,0.4166666666666667,0.25,0
12,0,0.4166666666666667,0.3333333333333333,0
17,-2,0.4117647058823529,0.23529411764705882,0
15,-1,0.4,0.26666666666666666,0
30,2,0.3,0.2,0
30,2,0.3,0.2,0
31,2,0.3225806451612903,0.1935483870967742,0
31,1,0.3225806451612903,0.1935483870967742,0
31,1,0.2903225806451613,0.1935483870967742,0
30,0,0.3333333333333333,0.2,0
30,2,0.26666666666666666,0.16666666666666666,0
30,0,0.3333333333333333,0.16666666666666666,0
19,1,0.3157894736842105,0.3157894736842105,1
32,1,0.375,0.1875,1
47,11,0.2978723404255319,0.3191489361702128,1
47,12,0.2978723404255319,0.3191489361702128,1
47,10,0.3191489361702128,0.3191489361702128,1
30,3,0.3,0.26666666666666666,1
30,1,0.23333333333333334,0.23333333333333334,0
42,2,0.3333333333333333,0.21428571428571427,0
31,1,0.3548387096774194,0.1935483870967742,1
32,2,0.34375,0.21875,1
31,0,0.3225806451612903,0.22580645161290322,0
31,1,0.3225806451612903,0.22580645161290322,0
39,5,0.358974358974359,0.3076923076923077,1
2,0,0.5,0.0,0
9,-2,0.5555555555555556,0.1111111111111111,0
77,10,0.35064935064935066,0.3116883116883117,0
18,6,0.2222222222222222,0.4444444444444444,0
32,2,0.4375,0.375,0
22,3,0.5,0.4090909090909091,1
37,5,0.43243243243243246,0.35135135135135137,1
20,-1,0.4,0.25,1
50,-1,0.4,0.34,0
37,4,0.3783783783783784,0.43243243243243246,1
37,2,0.3783783783783784,0.40540540540540543,1
37,3,0.3783783783783784,0.40540540540540543,1
37,4,0.3783783783783784,0.40540540540540543,1
37,3,0.3783783783783784,0.40540540540540543,1
19,1,0.47368421052631576,0.3684210526315789,0
17,2,0.47058823529411764,0.4117647058823529,1
17,2,0.5882352941176471,0.4117647058823529,1
17,2,0.5294117647058824,0.4117647058823529,1
23,4,0.43478260869565216,0.391304347826087,0
17,3,0.5294117647058824,0.29411764705882354,1
15,1,0.4666666666666667,0.3333333333333333,0
20,-3,0.5,0.05,0
4,1,0.25,0.0,0
17,3,0.6470588235294118,0.4117647058823529,1
17,1,0.6470588235294118,0.35294117647058826,1
17,1,0.6470588235294118,0.35294117647058826,1
17,2,0.5882352941176471,0.4117647058823529,1
17,2,0.5294117647058824,0.35294117647058826,1
25,2,0.52,0.44,0
30,4,0.43333333333333335,0.36666666666666664,0
19,3,0.5789473684210527,0.3684210526315789,0
31,2,0.3548387096774194,0.25806451612903225,0
31,1,0.3225806451612903,0.25806451612903225,0
31,2,0.3225806451612903,0.2903225806451613,1
31,2,0.3225806451612903,0.25806451612903225,0
57,5,0.2807017543859649,0.3333333333333333,1
18,0,0.7222222222222222,0.4444444444444444,0
30,4,0.43333333333333335,0.3333333333333333,1
23,3,0.4782608695652174,0.30434782608695654,0
30,4,0.4,0.3333333333333333,0
29,6,0.4482758620689655,0.41379310344827586,1
33,1,0.3939393939393939,0.30303030303030304,1
33,1,0.36363636363636365,0.2727272727272727,1
17,2,0.5882352941176471,0.4117647058823529,1
17,2,0.5882352941176471,0.4117647058823529,1
17,2,0.5882352941176471,0.35294117647058826,1
22,1,0.5454545454545454,0.4090909090909091,1
16,1,0.5,0.375,1
22,2,0.5454545454545454,0.36363636363636365,1
25,3,0.52,0.4,1
25,2,0.48,0.44,1
21,1,0.5714285714285714,0.38095238095238093,1
25,1,0.48,0.4,1
33,2,0.45454545454545453,0.36363636363636365,1
33,2,0.42424242424242425,0.3333333333333333,1
33,2,0.36363636363636365,0.3333333333333333,1
33,3,0.42424242424242425,0.36363636363636365,0
33,3,0.3939393939393939,0.3333333333333333,1
20,0,0.55,0.5,0
24,3,0.5,0.375,1
4,0,0.75,0.25,0
5,0,0.6,0.2,0
53,5,0.39622641509433965,0.39622641509433965,1
53,7,0.39622641509433965,0.39622641509433965,1
31,-1,0.3870967741935484,0.1935483870967742,0
31,0,0.3870967741935484,0.1935483870967742,0
30,-1,0.3333333333333333,0.16666666666666666,0
30,0,0.3,0.2,0
29,0,0.2413793103448276,0.10344827586206896,0
29,0,0.1724137931034483,0.06896551724137931,0
30,-1,0.16666666666666666,0.06666666666666667,0
12,0,0.4166666666666667,0.16666666666666666,0
12,3,0.16666666666666666,0.0,1
23,4,0.43478260869565216,0.43478260869565216,0
23,4,0.5217391304347826,0.34782608695652173,1
25,3,0.52,0.36,1
25,3,0.52,0.36,1
25,3,0.52,0.36,0
25,2,0.48,0.4,1
25,2,0.48,0.4,1
14,0,0.5714285714285714,0.42857142857142855,0
14,6,0.5,0.42857142857142855,0
17,4,0.4117647058823529,0.47058823529411764,0
9,1,0.4444444444444444,0.3333333333333333,1
23,1,0.43478260869565216,0.391304347826087,1
23,1,0.43478260869565216,0.34782608695652173,1
23,-1,0.43478260869565216,0.2608695652173913,1
43,4,0.4418604651162791,0.3023255813953488,1
25,3,0.44,0.36,1
15,2,0.3333333333333333,0.26666666666666666,0
18,2,0.3333333333333333,0.2222222222222222,0
13,4,0.5384615384615384,0.6153846153846154,1
20,2,0.45,0.25,0
12,5,0.4166666666666667,0.4166666666666667,0
25,4,0.44,0.36,0
25,4,0.4,0.44,1
25,3,0.4,0.36,0
18,6,0.2222222222222222,0.4444444444444444,1
13,0,0.5384615384615384,0.5384615384615384,0
14,3,0.5714285714285714,0.6428571428571429,0
13,1,0.6153846153846154,0.23076923076923078,1
31,7,0.4838709677419355,0.3870967741935484,1
38,12,0.39473684210526316,0.39473684210526316,1
30,8,0.4666666666666667,0.4,1
20,7,0.4,0.35,0
30,8,0.36666666666666664,0.3333333333333333,0
30,8,0.36666666666666664,0.3333333333333333,0
23,4,0.4782608695652174,0.34782608695652173,1
23,4,0.43478260869565216,0.391304347826087,1
54,-1,0.42592592592592593,0.14814814814814814,1
25,7,0.48,0.32,0
25,7,0.48,0.32,1
25,7,0.48,0.32,0
25,8,0.44,0.28,1
33,2,0.5151515151515151,0.24242424242424243,1
18,1,0.5555555555555556,0.2777777777777778,0
76,7,0.2894736842105263,0.3026315789473684,1
15,-1,0.26666666666666666,0.4,1
75,6,0.30666666666666664,0.25333333333333335,1
76,10,0.3157894736842105,0.3157894736842105,0
40,4,0.425,0.3,1
30,7,0.4666666666666667,0.3333333333333333,1
25,6,0.44,0.4,0
30,5,0.43333333333333335,0.36666666666666664,1
30,6,0.4,0.4,1
40,5,0.475,0.3,1
26,6,0.4230769230769231,0.34615384615384615,1
18,5,0.3333333333333333,0.4444444444444444,1
19,7,0.42105263157894735,0.47368421052631576,1
23,7,0.43478260869565216,0.43478260869565216,1
26,6,0.4230769230769231,0.38461538461538464,1
98,5,0.40816326530612246,0.29591836734693877,1
21,3,0.5714285714285714,0.42857142857142855,1
21,3,0.5714285714285714,0.42857142857142855,1
41,6,0.5609756097560976,0.4146341463414634,1
21,4,0.5238095238095238,0.42857142857142855,1
13,0,0.5384615384615384,0.5384615384615384,0
39,6,0.41025641025641024,0.358974358974359,1
39,6,0.41025641025641024,0.3333333333333333,1
39,6,0.41025641025641024,0.3076923076923077,1
39,6,0.4358974358974359,0.3076923076923077,1
39,6,0.41025641025641024,0.3333333333333333,1
39,6,0.4358974358974359,0.3076923076923077,1
39,5,0.41025641025641024,0.3076923076923077,1
39,6,0.41025641025641024,0.358974358974359,1
14,-1,0.7857142857142857,0.42857142857142855,1
39,2,0.41025641025641024,0.358974358974359,0
32,11,0.53125,0.4375,1
32,10,0.53125,0.40625,1
39,6,0.4358974358974359,0.3333333333333333,1
15,3,0.5333333333333333,0.4666666666666667,1
39,6,0.4358974358974359,0.358974358974359,1
76,10,0.34210526315789475,0.34210526315789475,1
19,1,0.42105263157894735,0.2631578947368421,1
20,1,0.4,0.25,1
25,7,0.48,0.4,0
23,6,0.4782608695652174,0.4782608695652174,1
30,-1,0.5333333333333333,0.13333333333333333,1
12,4,0.5,0.3333333333333333,0
56,1,0.4107142857142857,0.14285714285714285,0
12,4,0.5,0.3333333333333333,0
12,5,0.4166666666666667,0.4166666666666667,0
12,4,0.5,0.3333333333333333,0
12,4,0.5,0.3333333333333333,0
12,5,0.4166666666666667,0.4166666666666667,0
16,6,0.375,0.375,0
16,5,0.3125,0.375,0
30,7,0.4,0.3,0
15,3,0.6,0.2,0
15,3,0.5333333333333333,0.2,0
14,3,0.5714285714285714,0.5714285714285714,0
78,6,0.358974358974359,0.41025641025641024,0
38,9,0.2894736842105263,0.3157894736842105,0
19,-2,0.42105263157894735,0.15789473684210525,0
37,8,0.21621621621621623,0.24324324324324326,0
37,6,0.24324324324324326,0.21621621621621623,0
37,7,0.21621621621621623,0.21621621621621623,0
28,8,0.03571428571428571,0.0,1
15,5,0.13333333333333333,0.4,0
38,18,0.21052631578947367,0.47368421052631576,0
38,8,0.07894736842105263,0.0,1
22,3,0.5454545454545454,0.18181818181818182,0
8,-2,0.625,0.25,0
20,4,0.6,0.55,1
20,4,0.6,0.4,1
5,0,0.6,0.2,0
5,0,0.6,0.2,0
29,-1,0.2413793103448276,0.10344827586206896,0
29,-1,0.1724137931034483,0.034482758620689655,0
13,6,0.3076923076923077,0.5384615384615384,0
10,-1,0.4,0.2,0
7,0,0.5714285714285714,0.14285714285714285,0
20,2,0.25,0.2,0
34,2,0.35294117647058826,0.20588235294117646,1
6,2,0.6666666666666666,0.3333333333333333,0
20,9,0.4,0.6,0
6,1,0.6666666666666666,0.16666666666666666,0
51,7,0.2549019607843137,0.1568627450980392,0
6,2,0.5,0.16666666666666666,0
6,2,0.5,0.3333333333333333,0
6,2,0.5,0.3333333333333333,0
6,2,0.5,0.5,0
6,2,0.5,0.5,0
6,2,0.5,0.3333333333333333,0
8,3,0.375,0.5,1
69,1,0.2898550724637681,0.30434782608695654,0
85,1,0.23529411764705882,0.23529411764705882,0
37,5,0.05405405405405406,0.1891891891891892,0
37,5,0.05405405405405406,0.1891891891891892,0
41,5,0.04878048780487805,0.17073170731707318,0
41,5,0.04878048780487805,0.17073170731707318,0
43,5,0.3023255813953488,0.27906976744186046,0
45,5,0.044444444444444446,0.15555555555555556,0
42,7,0.047619047619047616,0.21428571428571427,0
45,5,0.044444444444444446,0.15555555555555556,0
29,0,0.27586206896551724,0.1724137931034483,0
29,1,0.27586206896551724,0.1724137931034483,0
2,1,0.5,0.5,0
13,7,0.46153846153846156,0.7692307692307693,1
14,4,0.5714285714285714,0.6428571428571429,1
14,3,0.5714285714285714,0.5714285714285714,1
15,4,0.4666666666666667,0.4,0
2,1,0.0,0.0,0
40,12,0.25,0.375,0
19,4,0.6842105263157895,0.47368421052631576,0
20,1,0.3,0.3,0
46,3,0.2391304347826087,0.2391304347826087,1
8,3,0.125,0.0,0
18,2,0.3333333333333333,0.1111111111111111,0
17,0,0.23529411764705882,0.11764705882352941,0
5,2,0.2,0.0,0
7,2,0.14285714285714285,0.0,0
8,2,0.125,0.0,0
10,3,0.1,0.0,0
11,3,0.18181818181818182,0.0,0
13,4,0.15384615384615385,0.0,0
42,8,0.2619047619047619,0.3333333333333333,1
4,4,0.0,0.0,0
35,35,0.0,0.42857142857142855,0
31,31,0.0,0.4838709677419355,0
27,27,0.0,0.5555555555555556,0
16,16,0.0,0.5,0
23,23,0.0,0.6521739130434783,0
28,8,0.21428571428571427,0.2857142857142857,0
11,11,0.0,0.7272727272727273,0
23,10,0.391304347826087,0.6086956521739131,1
5,3,0.0,0.0,0
10,6,0.0,0.0,0
15,9,0.0,0.0,0
20,12,0.0,0.0,0
90,-1,0.35555555555555557,0.2222222222222222,1
88,7,0.25,0.23863636363636365,1
21,4,0.5238095238095238,0.47619047619047616,0
49,-1,0.16326530612244897,0.1836734693877551,0
20,8,0.5,0.7,0
20,8,0.5,0.5,0
26,6,0.2692307692307692,0.3076923076923077,0
17,7,0.4117647058823529,0.35294117647058826,1
20,-2,0.45,0.25,0
26,4,0.5,0.46153846153846156,1
10,1,0.4,0.3,1
20,8,0.45,0.4,0
17,5,0.5294117647058824,0.4117647058823529,0
20,8,0.5,0.5,0
18,3,0.5,0.5555555555555556,1
18,4,0.5,0.6111111111111112,1
18,4,0.5555555555555556,0.6111111111111112,1
18,3,0.4444444444444444,0.5,1
18,5,0.4444444444444444,0.5555555555555556,1
18,4,0.4444444444444444,0.5555555555555556,1
18,4,0.3888888888888889,0.5,1
18,4,0.5,0.5555555555555556,1
18,5,0.5,0.6111111111111112,1
20,7,0.45,0.6,0
71,1,0.28169014084507044,0.2112676056338028,0
83,9,0.25301204819277107,0.24096385542168675,0
29,11,0.1724137931034483,0.3103448275862069,0
50,4,0.36,0.22,1
50,4,0.38,0.28,1
40,10,0.25,0.275,1
12,3,0.4166666666666667,0.3333333333333333,0
7,2,0.14285714285714285,0.14285714285714285,1
24,3,0.20833333333333334,0.16666666666666666,0
12,4,0.5,0.4166666666666667,0
26,4,0.19230769230769232,0.2692307692307692,1
12,4,0.5,0.4166666666666667,0
35,-2,0.4,0.4,0
12,4,0.5,0.5,0
12,4,0.5,0.4166666666666667,0
12,3,0.5833333333333334,0.4166666666666667,0
8,4,0.5,0.75,0
12,4,0.5833333333333334,0.5,0
12,4,0.5,0.5,0
12,4,0.5,0.5,0
12,4,0.5833333333333334,0.5,0
12,4,0.5,0.5,0
20,6,0.4,0.6,0
14,3,0.5,0.35714285714285715,0
22,10,0.36363636363636365,0.6363636363636364,1
9,5,0.4444444444444444,0.3333333333333333,1
9,5,0.4444444444444444,0.4444444444444444,1
26,3,0.3076923076923077,0.19230769230769232,0
29,11,0.27586206896551724,0.4482758620689655,0
28,4,0.42857142857142855,0.35714285714285715,0
38,10,0.39473684210526316,0.42105263157894735,0
40,9,0.3,0.175,1
25,4,0.36,0.28,0
36,-4,0.3611111111111111,0.2777777777777778,0
6,1,0.16666666666666666,0.0,1
47,7,0.2765957446808511,0.3191489361702128,1
47,7,0.2978723404255319,0.3404255319148936,1
26,0,0.7307692307692307,0.038461538461538464,0
8,0,0.125,0.125,0
15,1,0.26666666666666666,0.2,0
27,4,0.37037037037037035,0.2962962962962963,0
71,8,0.23943661971830985,0.2676056338028169,0
81,5,0.2962962962962963,0.1728395061728395,0
82,4,0.45121951219512196,0.36585365853658536,0
21,5,0.5238095238095238,0.5714285714285714,0
25,6,0.52,0.6,1
19,-3,0.3684210526315789,0.21052631578947367,1
22,1,0.6363636363636364,0.22727272727272727,0
74,10,0.28378378378378377,0.32432432432432434,0
2,1,0.5,0.0,0
20,8,0.45,0.55,0
66,14,0.24242424242424243,0.24242424242424243,0
20,-1,0.35,0.2,0
37,4,0.43243243243243246,0.3783783783783784,1
12,-1,0.4166666666666667,0.5,0
14,-1,0.42857142857142855,0.42857142857142855,0
17,0,0.23529411764705882,0.11764705882352941,1
22,2,0.3181818181818182,0.2727272727272727,1
22,2,0.3181818181818182,0.2727272727272727,1
38,7,0.3684210526315789,0.3684210526315789,1
17,5,0.5294117647058824,0.5882352941176471,0
20,4,0.2,0.3,1
4,1,0.5,0.75,0
53,2,0.24528301886792453,0.2830188679245283,0
22,-3,0.4090909090909091,0.22727272727272727,0
35,-4,0.4,0.37142857142857144,0
24,1,0.5416666666666666,0.16666666666666666,1
23,-2,0.391304347826087,0.43478260869565216,0
50,8,0.26,0.36,1
58,4,0.29310344827586204,0.25862068965517243,0
14,1,0.5,0.5714285714285714,1
14,2,0.5,0.5714285714285714,1
14,2,0.5714285714285714,0.6428571428571429,1
14,1,0.5714285714285714,0.5714285714285714,1
14,2,0.5714285714285714,0.5714285714285714,1
26,7,0.4230769230769231,0.5,1
14,0,0.6428571428571429,0.5,1
14,0,0.6428571428571429,0.42857142857142855,1
21,-1,0.23809523809523808,0.47619047619047616,0
24,-1,0.25,0.5,0
31,-1,0.22580645161290322,0.4838709677419355,0
52,-1,0.28846153846153844,0.21153846153846154,0
18,2,0.5,0.5,0
20,-1,0.5,0.3,0
39,7,0.2564102564102564,0.48717948717948717,0
13,1,0.6923076923076923,0.6153846153846154,1
18,2,0.6666666666666666,0.6111111111111112,1
13,1,0.6153846153846154,0.5384615384615384,1
13,1,0.6153846153846154,0.5384615384615384,1
48,9,0.2708333333333333,0.3333333333333333,1
25,5,0.44,0.6,1
25,5,0.44,0.6,1
12,1,0.5833333333333334,0.6666666666666666,0
22,7,0.45454545454545453,0.45454545454545453,1
13,3,0.5384615384615384,0.6153846153846154,0
13,2,0.6153846153846154,0.6153846153846154,1
48,9,0.2708333333333333,0.3333333333333333,1
13,0,0.6923076923076923,0.5384615384615384,1
13,1,0.6153846153846154,0.6153846153846154,1
7,0,0.5714285714285714,0.5714285714285714,0
34,2,0.5294117647058824,0.4411764705882353,1
10,0,0.6,0.4,0
13,1,0.6923076923076923,0.5384615384615384,0
16,3,0.3125,0.375,0
43,3,0.4418604651162791,0.20930232558139536,1
12,2,0.5833333333333334,0.75,1
10,1,0.5,0.4,1
19,4,0.42105263157894735,0.6842105263157895,1
25,4,0.36,0.56,1
19,10,0.42105263157894735,0.8947368421052632,1
19,10,0.42105263157894735,0.8421052631578947,1
19,6,0.42105263157894735,0.7368421052631579,1
19,9,0.42105263157894735,0.8421052631578947,1
19,8,0.42105263157894735,0.7894736842105263,1
19,10,0.42105263157894735,0.8421052631578947,1
19,8,0.5263157894736842,0.8947368421052632,1
19,7,0.47368421052631576,0.7894736842105263,1
19,6,0.5263157894736842,0.7894736842105263,1
20,-1,0.6,0.35,0
20,1,0.5,0.5,0
42,8,0.2857142857142857,0.2857142857142857,1
25,-9,0.24,0.24,0
34,-6,0.2647058823529412,0.3235294117647059,1
6,0,0.6666666666666666,0.3333333333333333,0
11,1,0.5454545454545454,0.36363636363636365,0
23,0,0.43478260869565216,0.43478260869565216,0
12,6,0.5,0.6666666666666666,1
14,10,0.21428571428571427,0.8571428571428571,0
7,5,0.2857142857142857,0.2857142857142857,1
14,10,0.2857142857142857,0.2857142857142857,1
21,15,0.2857142857142857,0.2857142857142857,1
28,20,0.2857142857142857,0.2857142857142857,1
7,4,0.42857142857142855,0.42857142857142855,1
14,8,0.42857142857142855,0.42857142857142855,1
21,12,0.42857142857142855,0.42857142857142855,1
28,16,0.42857142857142855,0.42857142857142855,1
18,9,0.3888888888888889,0.6666666666666666,1
14,6,0.42857142857142855,0.5714285714285714,1
14,6,0.42857142857142855,0.5714285714285714,1
12,6,0.5,0.6666666666666666,1
15,5,0.5333333333333333,0.6666666666666666,0
21,-1,0.23809523809523808,0.2857142857142857,1
71,8,0.23943661971830985,0.30985915492957744,0
16,0,0.5625,0.5,1
11,1,0.6363636363636364,0.5454545454545454,0
20,2,0.65,0.4,1
26,5,0.5,0.5,0
21,8,0.42857142857142855,0.6666666666666666,1
5,1,0.4,0.6,1
15,2,0.6,0.6,1
15,2,0.6,0.5333333333333333,1
24,5,0.4166666666666667,0.4166666666666667,1
17,1,0.5882352941176471,0.5294117647058824,0
17,1,0.5882352941176471,0.47058823529411764,0
18,-1,0.5,0.4444444444444444,1
20,2,0.55,0.5,1
20,2,0.55,0.45,1
43,7,0.3023255813953488,0.3488372093023256,1
8,4,0.5,1.0,0
15,7,0.5333333333333333,1.0,0
10,2,0.4,0.4,0
4,1,0.75,1.0,0
12,6,0.5,1.0,0
13,6,0.5384615384615384,1.0,0
32,6,0.4375,0.40625,0
24,1,0.5833333333333334,0.20833333333333334,1
13,2,0.5384615384615384,0.5384615384615384,1
24,11,0.4166666666666667,0.8333333333333334,0
8,4,0.5,1.0,1
74,8,0.36486486486486486,0.35135135135135137,0
74,9,0.35135135135135137,0.35135135135135137,0
14,4,0.2857142857142857,0.42857142857142855,1
9,1,0.5555555555555556,0.5555555555555556,0
32,3,0.40625,0.375,0
31,3,0.3225806451612903,0.3548387096774194,1
36,8,0.5833333333333334,0.3888888888888889,1
12,6,0.5,1.0,0
38,17,0.5526315789473685,0.8421052631578947,0
17,3,0.6470588235294118,0.5294117647058824,1
28,4,0.5357142857142857,0.39285714285714285,0
28,4,0.5357142857142857,0.35714285714285715,0
28,4,0.4642857142857143,0.42857142857142855,1
29,5,0.4827586206896552,0.5172413793103449,0
29,7,0.4827586206896552,0.5517241379310345,0
12,6,0.5,1.0,0
17,4,0.5882352941176471,0.47058823529411764,1
14,6,0.42857142857142855,0.6428571428571429,0
19,4,0.47368421052631576,0.3684210526315789,0
15,7,0.5333333333333333,1.0,0
13,6,0.46153846153846156,0.9230769230769231,0
29,6,0.4827586206896552,0.4827586206896552,1
29,8,0.4827586206896552,0.5172413793103449,1
29,8,0.4827586206896552,0.5172413793103449,1
29,10,0.4827586206896552,0.5517241379310345,0
29,5,0.4827586206896552,0.4482758620689655,1
29,7,0.4827586206896552,0.4827586206896552,1
29,7,0.4827586206896552,0.4827586206896552,1
29,9,0.4827586206896552,0.5172413793103449,1
16,4,0.5,0.25,0
5,0,0.4,0.6,0
25,7,0.56,0.48,1
12,0,0.8333333333333334,0.6666666666666666,0
14,3,0.6428571428571429,0.5714285714285714,1
14,6,0.5714285714285714,0.7857142857142857,1
9,4,0.5555555555555556,0.5555555555555556,0
13,1,0.7692307692307693,0.23076923076923078,0
13,3,0.7692307692307693,0.38461538461538464,1
39,7,0.2564102564102564,0.48717948717948717,0
24,4,0.4166666666666667,0.5,1
37,2,0.21621621621621623,0.40540540540540543,0
18,0,0.6111111111111112,0.4444444444444444,0
48,-2,0.4166666666666667,0.5,1
16,1,0.625,0.5,1
17,1,0.5882352941176471,0.5294117647058824,1
17,1,0.5882352941176471,0.5294117647058824,1
13,0,0.5384615384615384,0.6153846153846154,0
12,1,0.5833333333333334,0.6666666666666666,1
13,1,0.46153846153846156,0.6153846153846154,0
13,1,0.5384615384615384,0.6153846153846154,1
10,3,0.6,0.7,1
13,1,0.5384615384615384,0.6923076923076923,1
13,4,0.5384615384615384,0.8461538461538461,1
13,2,0.5384615384615384,0.6153846153846154,0
13,1,0.5384615384615384,0.6153846153846154,1
13,1,0.5384615384615384,0.6153846153846154,1
13,3,0.5384615384615384,0.6923076923076923,1
13,1,0.5384615384615384,0.5384615384615384,0
13,1,0.5384615384615384,0.5384615384615384,0
12,4,0.5833333333333334,0.8333333333333334,1
13,2,0.5384615384615384,0.6153846153846154,0
16,2,0.5625,0.5625,0
16,3,0.5625,0.625,0
16,2,0.5625,0.5625,0
16,2,0.5625,0.5625,0
16,1,0.5625,0.5,1
16,3,0.5625,0.625,0
16,2,0.5625,0.5625,0
16,2,0.625,0.5625,0
16,2,0.5625,0.5625,0
16,1,0.5625,0.5,0
16,3,0.5625,0.625,0
16,2,0.5625,0.5625,0
16,1,0.5625,0.5,0
16,1,0.625,0.5,0
13,1,0.5384615384615384,0.6153846153846154,1
13,3,0.38461538461538464,0.5384615384615384,0
16,0,0.5625,0.4375,1
17,0,0.5882352941176471,0.47058823529411764,1
20,1,0.5,0.45,1
20,2,0.5,0.5,1
20,2,0.5,0.5,1
20,2,0.5,0.5,1
20,1,0.5,0.45,1
20,1,0.5,0.5,1
20,2,0.55,0.5,1
20,0,0.5,0.4,1
20,1,0.55,0.45,1
20,2,0.55,0.5,1
20,-3,0.55,0.4,1
20,2,0.55,0.5,1
20,2,0.55,0.5,1
20,1,0.55,0.45,1
20,1,0.55,0.45,1
20,3,0.55,0.55,0
20,2,0.55,0.5,1
20,0,0.5,0.4,1
20,2,0.55,0.5,1
20,2,0.55,0.45,1
12,1,0.5833333333333334,0.6666666666666666,1
12,1,0.5833333333333334,0.6666666666666666,1
75,9,0.3333333333333333,0.38666666666666666,0
6,3,0.5,1.0,0
8,3,0.625,1.0,0
11,3,0.7272727272727273,1.0,0
71,5,0.29577464788732394,0.39436619718309857,0
71,5,0.30985915492957744,0.4084507042253521,0
71,6,0.30985915492957744,0.4084507042253521,0
13,5,0.6153846153846154,0.8461538461538461,1
13,5,0.5384615384615384,0.8461538461538461,1
12,2,0.5,0.6666666666666666,1
12,4,0.5,0.75,1
12,6,0.5,0.9166666666666666,1
12,5,0.5,0.8333333333333334,1
16,2,0.5625,0.5625,0
12,2,0.5,0.5833333333333334,1
13,5,0.46153846153846156,0.5384615384615384,1
19,8,0.5789473684210527,0.9473684210526315,1
18,6,0.5555555555555556,0.6666666666666666,0
13,6,0.5384615384615384,0.6153846153846154,1
13,5,0.5384615384615384,0.5384615384615384,1
13,5,0.5384615384615384,0.5384615384615384,1
13,4,0.5384615384615384,0.46153846153846156,1
6,0,0.6666666666666666,0.5,0
7,0,0.7142857142857143,0.5714285714285714,0
8,-1,0.625,0.5,0
9,-1,0.5555555555555556,0.4444444444444444,0
10,-1,0.5,0.4,0
11,-2,0.45454545454545453,0.36363636363636365,0
12,-2,0.4166666666666667,0.3333333333333333,0
13,-2,0.46153846153846156,0.38461538461538464,0
14,-3,0.42857142857142855,0.35714285714285715,0
15,-3,0.4,0.3333333333333333,0
16,-3,0.4375,0.375,0
13,1,0.6923076923076923,0.6923076923076923,1
24,1,0.5833333333333334,0.20833333333333334,1
24,3,0.5833333333333334,0.25,1
24,2,0.5833333333333334,0.20833333333333334,1
24,1,0.5833333333333334,0.20833333333333334,1
13,1,0.6153846153846154,0.6923076923076923,1
15,2,0.5333333333333333,0.6666666666666666,0
13,0,0.6923076923076923,0.6153846153846154,1
13,0,0.6153846153846154,0.6153846153846154,1
13,0,0.6153846153846154,0.6153846153846154,1
12,0,0.6666666666666666,0.6666666666666666,0
14,1,0.5714285714285714,0.6428571428571429,1
12,3,0.5833333333333334,0.8333333333333334,0
17,3,0.5294117647058824,0.5294117647058824,1
13,-1,0.6153846153846154,0.5384615384615384,1
13,0,0.5384615384615384,0.15384615384615385,0
13,5,0.5384615384615384,0.5384615384615384,1
13,4,0.5384615384615384,0.46153846153846156,1
13,3,0.5384615384615384,0.38461538461538464,0
12,1,0.5833333333333334,0.25,0
13,1,0.5384615384615384,0.23076923076923078,0
13,3,0.5384615384615384,0.38461538461538464,1
30,3,0.5333333333333333,0.4,1
21,10,0.38095238095238093,0.8095238095238095,0
13,4,0.5384615384615384,0.46153846153846156,0
13,1,0.6153846153846154,0.5384615384615384,1
11,1,0.5454545454545454,0.45454545454545453,0
13,1,0.6153846153846154,0.5384615384615384,1
13,1,0.6153846153846154,0.5384615384615384,1
34,-2,0.4117647058823529,0.38235294117647056,0
14,3,0.5714285714285714,0.7142857142857143,1
17,3,0.5882352941176471,0.5294117647058824,1
5,2,0.4,0.8,0
14,3,0.7142857142857143,0.6428571428571429,1
14,3,0.7142857142857143,0.6428571428571429,1
15,3,0.6666666666666666,0.6,1
14,3,0.7142857142857143,0.5714285714285714,1
14,3,0.7142857142857143,0.6428571428571429,1
14,4,0.6428571428571429,0.7857142857142857,1
14,6,0.5,0.7857142857142857,0
14,3,0.5714285714285714,0.7142857142857143,1
14,3,0.6428571428571429,0.42857142857142855,1
45,6,0.24444444444444444,0.17777777777777778,0
45,5,0.24444444444444444,0.17777777777777778,1
31,-1,0.25806451612903225,0.45161290322580644,0
24,2,0.5416666666666666,0.16666666666666666,1
14,3,0.5,0.6428571428571429,1
38,1,0.2894736842105263,0.21052631578947367,1
17,2,0.5882352941176471,0.5294117647058824,1
14,-1,0.5,0.5714285714285714,0
14,2,0.6428571428571429,0.5,1
14,3,0.6428571428571429,0.5,1
13,3,0.6153846153846154,0.5384615384615384,1
13,3,0.46153846153846156,0.5384615384615384,1
17,2,0.5294117647058824,0.47058823529411764,1
17,2,0.47058823529411764,0.47058823529411764,1
13,2,0.46153846153846156,0.46153846153846156,1
14,2,0.5,0.5,1
15,3,0.4666666666666667,0.5333333333333333,1
16,3,0.5,0.5,1
17,3,0.5294117647058824,0.5294117647058824,1
17,3,0.5294117647058824,0.5294117647058824,1
14,2,0.5,0.5714285714285714,1
14,3,0.5,0.5714285714285714,1
14,2,0.5,0.5,1
14,2,0.5,0.5,1
14,4,0.5,0.5714285714285714,1
15,4,0.5333333333333333,0.5333333333333333,1
15,4,0.5333333333333333,0.5333333333333333,1
14,4,0.5,0.6428571428571429,1
14,2,0.5714285714285714,0.5714285714285714,1
14,3,0.6428571428571429,0.42857142857142855,0
14,2,0.5,0.5,1
14,3,0.6428571428571429,0.5,1
14,4,0.5714285714285714,0.5714285714285714,0
14,1,0.6428571428571429,0.5714285714285714,1
14,3,0.5714285714285714,0.6428571428571429,1
14,3,0.5714285714285714,0.6428571428571429,1
14,3,0.5714285714285714,0.6428571428571429,1
14,3,0.5714285714285714,0.6428571428571429,1
14,3,0.5714285714285714,0.5,1
14,3,0.5714285714285714,0.5,1
14,1,0.6428571428571429,0.5,1
14,3,0.5714285714285714,0.6428571428571429,1
14,2,0.5,0.5,1
14,1,0.5,0.42857142857142855,1
14,0,0.5,0.35714285714285715,1
14,-1,0.5,0.2857142857142857,1
2,0,0.5,0.5,0
29,3,0.3448275862068966,0.1724137931034483,1
28,0,0.32142857142857145,0.21428571428571427,1
28,1,0.35714285714285715,0.21428571428571427,1
18,-3,0.2777777777777778,0.3888888888888889,0
13,4,0.5384615384615384,0.6923076923076923,0
20,3,0.35,0.4,0
8,0,0.625,0.375,0
16,8,0.3125,0.6875,0
13,2,0.5384615384615384,0.5384615384615384,1
79,4,0.24050632911392406,0.24050632911392406,0
40,7,0.275,0.375,1
15,4,0.4,0.4,0
77,-1,0.4675324675324675,0.36363636363636365,1
8,0,0.5,0.375,0
24,4,0.3333333333333333,0.4583333333333333,1
8,0,0.5,0.25,0
20,-4,0.35,0.25,0
28,1,0.2857142857142857,0.21428571428571427,1
27,-2,0.37037037037037035,0.4444444444444444,0
33,-2,0.3939393939393939,0.42424242424242425,0
95,1,0.17894736842105263,0.12631578947368421,0
21,6,0.5238095238095238,0.47619047619047616,0
10,5,0.3,0.8,1
13,3,0.6153846153846154,0.6923076923076923,0
4,2,0.5,1.0,1
6,3,0.5,1.0,1
8,4,0.5,1.0,1
12,6,0.5,1.0,0
15,3,0.6,0.7333333333333333,0
23,11,0.391304347826087,0.8260869565217391,0
14,7,0.35714285714285715,0.8571428571428571,1
13,5,0.5384615384615384,0.6923076923076923,0
9,3,0.6666666666666666,0.7777777777777778,0
30,6,0.3,0.4666666666666667,1
13,6,0.46153846153846156,0.7692307692307693,1
13,3,0.3076923076923077,0.5384615384615384,1
19,5,0.47368421052631576,0.42105263157894735,1
7,5,0.14285714285714285,0.8571428571428571,0
14,7,0.5,0.9285714285714286,1
13,6,0.46153846153846156,0.8461538461538461,1
13,6,0.5384615384615384,0.6923076923076923,1
12,6,0.5,0.75,1
15,2,0.4,0.4666666666666667,1
42,3,0.35714285714285715,0.23809523809523808,0
25,2,0.36,0.24,0
35,-3,0.42857142857142855,0.37142857142857144,0
36,-2,0.4166666666666667,0.3888888888888889,0
31,0,0.41935483870967744,0.3870967741935484,0
10,4,0.3,0.7,0
35,-3,0.4,0.4,0
18,-1,0.6666666666666666,0.4444444444444444,0
19,0,0.5263157894736842,0.42105263157894735,1
38,7,0.34210526315789475,0.5526315789473685,1
23,5,0.21739130434782608,0.30434782608695654,0
91,8,0.38461538461538464,0.23076923076923078,0
91,8,0.38461538461538464,0.23076923076923078,0
92,10,0.34782608695652173,0.22826086956521738,0
20,0,0.4,0.2,0
18,0,0.4444444444444444,0.5555555555555556,1
18,5,0.4444444444444444,0.6666666666666666,1
15,4,0.5333333333333333,0.6666666666666666,0
35,-1,0.37142857142857144,0.34285714285714286,0
21,-1,0.5714285714285714,0.2857142857142857,1
22,1,0.22727272727272727,0.2727272727272727,1
22,1,0.2727272727272727,0.22727272727272727,1
22,2,0.22727272727272727,0.22727272727272727,1
34,5,0.29411764705882354,0.23529411764705882,1
34,4,0.29411764705882354,0.23529411764705882,1
34,4,0.29411764705882354,0.20588235294117646,1
34,4,0.29411764705882354,0.23529411764705882,1
31,4,0.25806451612903225,0.2903225806451613,1
24,0,0.125,0.041666666666666664,1
56,2,0.23214285714285715,0.23214285714285715,0
49,0,0.2653061224489796,0.22448979591836735,0
18,3,0.5,0.5,0
67,10,0.3283582089552239,0.3582089552238806,0
20,3,0.55,0.5,0
11,2,0.5454545454545454,0.36363636363636365,0
25,1,0.32,0.24,0
36,-3,0.3333333333333333,0.19444444444444445,0
7,-1,0.42857142857142855,0.42857142857142855,0
12,5,0.4166666666666667,0.5833333333333334,0
18,0,0.6111111111111112,0.3888888888888889,1
14,-1,0.5,0.5,0
16,-1,0.5,0.4375,0
9,4,0.5555555555555556,0.5555555555555556,0
25,7,0.52,0.52,1
25,6,0.52,0.56,1
24,5,0.5416666666666666,0.5833333333333334,0
35,-2,0.4,0.2857142857142857,0
17,3,0.5294117647058824,0.5294117647058824,1
9,3,0.6666666666666666,0.8888888888888888,1
12,4,0.6666666666666666,0.9166666666666666,1
15,5,0.6666666666666666,0.9333333333333333,1
13,1,0.6153846153846154,0.46153846153846156,1
24,3,0.4583333333333333,0.5,1
18,1,0.5,0.3888888888888889,0
15,-3,0.6,0.26666666666666666,0
58,-2,0.6379310344827587,0.2413793103448276,1
25,9,0.44,0.56,0
23,9,0.43478260869565216,0.5652173913043478,0
8,1,0.5,0.5,0
58,1,0.6379310344827587,0.27586206896551724,1
58,1,0.6379310344827587,0.27586206896551724,1
20,9,0.35,0.45,1
4,2,0.5,0.5,0
15,6,0.6,0.4,1
21,9,0.5714285714285714,0.42857142857142855,0
21,9,0.5714285714285714,0.42857142857142855,0
21,9,0.5714285714285714,0.42857142857142855,0
21,9,0.5714285714285714,0.42857142857142855,0
21,9,0.5714285714285714,0.42857142857142855,0
21,9,0.5714285714285714,0.42857142857142855,0
22,9,0.5909090909090909,0.4090909090909091,0
21,9,0.5714285714285714,0.42857142857142855,0
21,9,0.5714285714285714,0.42857142857142855,0
17,6,0.6470588235294118,0.47058823529411764,1
21,9,0.5714285714285714,0.42857142857142855,0
21,9,0.5714285714285714,0.42857142857142855,0
21,9,0.5714285714285714,0.42857142857142855,0
17,6,0.35294117647058826,0.47058823529411764,1
17,6,0.47058823529411764,0.5294117647058824,0
21,11,0.47619047619047616,0.5238095238095238,0
27,10,0.4074074074074074,0.4444444444444444,0
20,8,0.45,0.7,1
17,6,0.6470588235294118,0.7058823529411765,1
17,4,0.5882352941176471,0.6470588235294118,1
14,1,0.2857142857142857,0.35714285714285715,0
12,1,0.5,0.4166666666666667,0
22,9,0.2727272727272727,0.5909090909090909,0
69,30,0.36231884057971014,0.43478260869565216,1
21,9,0.5714285714285714,0.42857142857142855,0
34,4,0.5,0.4411764705882353,0
22,5,0.4090909090909091,0.4090909090909091,0
22,7,0.2727272727272727,0.4090909090909091,0
22,7,0.3181818181818182,0.4090909090909091,0
22,7,0.2727272727272727,0.4090909090909091,0
22,6,0.3181818181818182,0.36363636363636365,0
22,7,0.2727272727272727,0.4090909090909091,0
22,7,0.2727272727272727,0.4090909090909091,0
22,8,0.22727272727272727,0.45454545454545453,0
22,6,0.3181818181818182,0.36363636363636365,0
22,7,0.3181818181818182,0.4090909090909091,0
13,5,0.3076923076923077,0.46153846153846156,0
22,7,0.3181818181818182,0.4090909090909091,0
19,5,0.2631578947368421,0.3157894736842105,0
22,7,0.2727272727272727,0.4090909090909091,0
22,7,0.2727272727272727,0.4090909090909091,0
22,11,0.22727272727272727,0.5909090909090909,0
12,5,0.16666666666666666,0.16666666666666666,0
29,2,0.2413793103448276,0.1724137931034483,1
30,2,0.26666666666666666,0.16666666666666666,1
15,1,0.26666666666666666,0.2,0
18,7,0.2222222222222222,0.4444444444444444,1
17,10,0.23529411764705882,0.6470588235294118,1
19,10,0.2631578947368421,0.631578947368421,1
18,7,0.2222222222222222,0.3888888888888889,1
30,3,0.3,0.16666666666666666,1
12,5,0.16666666666666666,0.4166666666666667,0
24,12,0.20833333333333334,0.625,0
34,7,0.2647058823529412,0.47058823529411764,1
42,8,0.2857142857142857,0.4523809523809524,1
28,9,0.14285714285714285,0.4642857142857143,0
47,8,0.19148936170212766,0.40425531914893614,0
63,8,0.25396825396825395,0.3492063492063492,0
61,3,0.3114754098360656,0.26229508196721313,1
64,6,0.328125,0.1875,1
55,2,0.34545454545454546,0.36363636363636365,0
56,5,0.3392857142857143,0.375,0
14,1,0.5714285714285714,0.35714285714285715,1
14,4,0.5,0.42857142857142855,0
50,4,0.18,0.3,1
50,4,0.12,0.28,1
50,4,0.16,0.28,1
50,4,0.16,0.28,1
46,1,0.2826086956521739,0.13043478260869565,0
74,1,0.21621621621621623,0.2702702702702703,0
20,7,0.05,0.5,1
13,2,0.3076923076923077,0.46153846153846156,0
59,4,0.3050847457627119,0.3728813559322034,0
66,-1,0.3181818181818182,0.30303030303030304,1
21,5,0.2857142857142857,0.47619047619047616,1
61,7,0.22950819672131148,0.36065573770491804,0
64,3,0.25,0.25,0
3,0,0.0,0.3333333333333333,0
58,0,0.3275862068965517,0.27586206896551724,0
48,9,0.20833333333333334,0.25,0
21,3,0.2857142857142857,0.2857142857142857,1
22,3,0.2727272727272727,0.2727272727272727,0
19,8,0.5789473684210527,0.7368421052631579,1
27,4,0.4074074074074074,0.4444444444444444,0
50,5,0.26,0.24,1
50,5,0.24,0.22,1
18,-2,0.5,0.3888888888888889,0
20,10,0.45,0.75,1
30,12,0.4,0.6666666666666666,1
30,12,0.4,0.6666666666666666,1
30,12,0.43333333333333335,0.7333333333333333,1
10,6,0.3,0.8,0
15,9,0.3333333333333333,0.8,1
30,11,0.4,0.6666666666666666,1
30,13,0.4,0.7,1
12,6,0.16666666666666666,0.3333333333333333,1
51,3,0.19607843137254902,0.35294117647058826,1
51,3,0.19607843137254902,0.3333333333333333,1
51,4,0.19607843137254902,0.35294117647058826,1
25,9,0.44,0.76,1
29,10,0.41379310344827586,0.7586206896551724,1
20,8,0.4,0.7,1
9,3,0.6666666666666666,0.6666666666666666,0
13,5,0.46153846153846156,0.6153846153846154,1
17,7,0.23529411764705882,0.5294117647058824,0
27,6,0.14814814814814814,0.3333333333333333,1
20,8,0.05,0.45,1
35,10,0.11428571428571428,0.34285714285714286,1
17,6,0.6470588235294118,0.7058823529411765,1
17,7,0.5882352941176471,0.7647058823529411,1
17,5,0.6470588235294118,0.6470588235294118,1
17,4,0.6470588235294118,0.5882352941176471,1
17,6,0.5882352941176471,0.7058823529411765,1
19,3,0.3684210526315789,0.3684210526315789,1
44,4,0.22727272727272727,0.18181818181818182,1
17,5,0.4117647058823529,0.47058823529411764,1
15,0,0.26666666666666666,0.13333333333333333,0
20,-1,0.3,0.15,0
44,4,0.20454545454545456,0.18181818181818182,1
27,2,0.2962962962962963,0.18518518518518517,1
51,9,0.21568627450980393,0.21568627450980393,0
38,6,0.34210526315789475,0.34210526315789475,1
34,3,0.4411764705882353,0.2647058823529412,0
24,7,0.4583333333333333,0.7083333333333334,0
22,6,0.2727272727272727,0.36363636363636365,0
19,6,0.3157894736842105,0.42105263157894735,0
3,2,0.0,0.6666666666666666,0
31,7,0.2903225806451613,0.3225806451612903,1
31,6,0.41935483870967744,0.45161290322580644,1
16,7,0.5,0.9375,1
19,7,0.42105263157894735,0.631578947368421,1
19,8,0.15789473684210525,0.42105263157894735,1
13,4,0.15384615384615385,0.07692307692307693,0
11,2,0.2727272727272727,0.45454545454545453,1
63,6,0.2857142857142857,0.2698412698412698,1
63,7,0.2698412698412698,0.30158730158730157,1
21,6,0.5714285714285714,0.5714285714285714,1
21,4,0.5238095238095238,0.5238095238095238,0
13,7,0.46153846153846156,0.8461538461538461,1
10,3,0.7,0.6,1
13,2,0.5384615384615384,0.5384615384615384,1
46,5,0.2826086956521739,0.2391304347826087,0
43,6,0.23255813953488372,0.23255813953488372,0
46,4,0.30434782608695654,0.2826086956521739,0
48,3,0.2708333333333333,0.3541666666666667,0
50,2,0.3,0.2,0
50,3,0.3,0.2,0
47,8,0.19148936170212766,0.2978723404255319,0
47,8,0.19148936170212766,0.2978723404255319,0
38,4,0.4473684210526316,0.5789473684210527,0
38,4,0.42105263157894735,0.5526315789473685,0
25,0,0.24,0.52,0
19,3,0.631578947368421,0.5789473684210527,1
9,1,0.6666666666666666,0.6666666666666666,0
20,6,0.5,0.75,0
20,7,0.5,0.65,0
20,8,0.5,0.8,0
20,2,0.4,0.5,0
18,6,0.5,0.6666666666666666,1
15,7,0.5333333333333333,1.0,0
15,7,0.5333333333333333,1.0,0
14,7,0.5,1.0,0
15,9,0.4,1.0,0
7,3,0.5714285714285714,0.7142857142857143,1
28,9,0.39285714285714285,0.6071428571428571,1
31,6,0.4838709677419355,0.6129032258064516,0
27,7,0.4074074074074074,0.5185185185185185,1
26,7,0.4230769230769231,0.5384615384615384,1
40,4,0.475,0.35,1
12,4,0.5833333333333334,0.5833333333333334,1
20,0,0.45,0.4,0
94,11,0.23404255319148937,0.32978723404255317,0
14,4,0.5,0.6428571428571429,1
22,7,0.36363636363636365,0.6363636363636364,0
14,5,0.35714285714285715,0.6428571428571429,0
9,4,0.5555555555555556,1.0,0
14,6,0.5714285714285714,0.8571428571428571,0
27,8,0.37037037037037035,0.6296296296296297,1
27,9,0.4074074074074074,0.7037037037037037,0
23,9,0.43478260869565216,0.6956521739130435,0
27,9,0.4074074074074074,0.6666666666666666,0
27,11,0.4074074074074074,0.7037037037037037,0
27,9,0.37037037037037035,0.6666666666666666,1
27,9,0.37037037037037035,0.6666666666666666,1
19,8,0.3684210526315789,0.6842105263157895,0
23,8,0.34782608695652173,0.6521739130434783,0
17,7,0.4117647058823529,0.7058823529411765,0
23,9,0.391304347826087,0.6956521739130435,0
27,9,0.37037037037037035,0.6666666666666666,0
15,6,0.3333333333333333,0.6666666666666666,0
16,6,0.5,0.8125,1
16,4,0.375,0.5,0
43,0,0.3953488372093023,0.18604651162790697,1
43,0,0.3953488372093023,0.18604651162790697,1
30,1,0.3,0.23333333333333334,0
30,1,0.3,0.23333333333333334,0
31,2,0.2903225806451613,0.25806451612903225,0
10,1,0.4,0.5,0
40,11,0.125,0.375,1
42,5,0.38095238095238093,0.38095238095238093,1
13,6,0.38461538461538464,0.7692307692307693,0
19,8,0.3684210526315789,0.7368421052631579,0
23,8,0.34782608695652173,0.6956521739130435,0
11,5,0.2727272727272727,0.7272727272727273,0
59,0,0.288135593220339,0.23728813559322035,0
14,3,0.5,0.35714285714285715,0
13,6,0.38461538461538464,0.6153846153846154,1
13,6,0.38461538461538464,0.6153846153846154,1
8,3,0.625,0.625,1
22,9,0.45454545454545453,0.45454545454545453,0
17,6,0.6470588235294118,0.47058823529411764,1
26,8,0.6923076923076923,0.5384615384615384,0
28,9,0.39285714285714285,0.6428571428571429,0
34,13,0.3235294117647059,0.47058823529411764,0
32,5,0.21875,0.3125,0
21,7,0.38095238095238093,0.5714285714285714,1
11,6,0.45454545454545453,0.7272727272727273,1
7,3,0.0,0.42857142857142855,1
14,3,0.5,0.5714285714285714,1
14,5,0.35714285714285715,0.7142857142857143,0
15,3,0.26666666666666666,0.4666666666666667,0
10,5,0.4,0.8,0
20,7,0.35,0.7,0
20,9,0.35,0.75,0
41,11,0.21951219512195122,0.4146341463414634,1
14,5,0.42857142857142855,0.7142857142857143,0
14,6,0.42857142857142855,0.7857142857142857,0
14,6,0.42857142857142855,0.7857142857142857,0
14,5,0.42857142857142855,0.7142857142857143,0
14,5,0.42857142857142855,0.7142857142857143,0
3,3,0.0,1.0,0
17,6,0.6470588235294118,0.47058823529411764,1
17,6,0.6470588235294118,0.7058823529411765,1
11,6,0.45454545454545453,1.0,0
13,6,0.38461538461538464,0.6153846153846154,0
28,12,0.35714285714285715,0.5714285714285714,0
27,13,0.37037037037037035,0.6296296296296297,0
7,3,0.0,0.42857142857142855,1
12,6,0.5,1.0,0
11,6,0.45454545454545453,1.0,0
17,6,0.6470588235294118,0.47058823529411764,1
17,6,0.6470588235294118,0.7058823529411765,1
13,4,0.6153846153846154,0.38461538461538464,0
13,3,0.5384615384615384,0.38461538461538464,0
13,4,0.6153846153846154,0.46153846153846156,0
27,13,0.5185185185185185,0.5185185185185185,0
17,6,0.6470588235294118,0.47058823529411764,1
17,6,0.6470588235294118,0.7058823529411765,1
10,7,0.2,0.9,0
10,5,0.4,0.9,0
17,6,0.6470588235294118,0.47058823529411764,1
17,6,0.5294117647058824,0.47058823529411764,1
17,6,0.47058823529411764,0.47058823529411764,1
17,6,0.6470588235294118,0.7058823529411765,1
17,6,0.4117647058823529,0.47058823529411764,1
15,8,0.06666666666666667,0.6666666666666666,0
10,5,0.4,0.9,0
10,5,0.4,0.9,0
10,5,0.4,0.9,0
13,4,0.6923076923076923,0.8461538461538461,0
13,4,0.6153846153846154,0.8461538461538461,0
13,4,0.6153846153846154,0.7692307692307693,0
13,4,0.6153846153846154,0.7692307692307693,0
13,4,0.6923076923076923,0.9230769230769231,0
13,4,0.6923076923076923,0.8461538461538461,0
13,4,0.6923076923076923,0.9230769230769231,0
13,4,0.6923076923076923,0.8461538461538461,0
13,4,0.6153846153846154,0.8461538461538461,0
13,4,0.6153846153846154,0.9230769230769231,0
13,4,0.6153846153846154,0.9230769230769231,0
13,4,0.6153846153846154,0.8461538461538461,0
13,4,0.6153846153846154,0.8461538461538461,0
13,4,0.6153846153846154,0.8461538461538461,0
13,4,0.5384615384615384,0.7692307692307693,0
13,4,0.5384615384615384,0.7692307692307693,0
13,4,0.5384615384615384,0.7692307692307693,0
13,4,0.6923076923076923,0.5384615384615384,0
13,4,0.6153846153846154,0.46153846153846156,0
13,4,0.6153846153846154,0.5384615384615384,0
13,4,0.6153846153846154,0.7692307692307693,0
13,4,0.6923076923076923,0.8461538461538461,0
13,4,0.6153846153846154,0.5384615384615384,0
13,4,0.6153846153846154,0.8461538461538461,0
13,4,0.6153846153846154,0.7692307692307693,0
13,4,0.6153846153846154,0.7692307692307693,0
13,4,0.6153846153846154,0.8461538461538461,0
13,4,0.6153846153846154,0.7692307692307693,0
13,4,0.5384615384615384,0.7692307692307693,0
14,4,0.5,0.7857142857142857,1
13,4,0.5384615384615384,0.38461538461538464,0
26,2,0.5,0.3076923076923077,1
13,4,0.5384615384615384,0.38461538461538464,0
13,4,0.6153846153846154,0.38461538461538464,0
13,4,0.6153846153846154,0.46153846153846156,0
13,5,0.5384615384615384,0.46153846153846156,0
13,4,0.6153846153846154,0.46153846153846156,0
13,4,0.6153846153846154,0.7692307692307693,0
13,4,0.5384615384615384,0.46153846153846156,0
13,4,0.6153846153846154,0.8461538461538461,0
13,4,0.6153846153846154,0.7692307692307693,0
13,4,0.5384615384615384,0.38461538461538464,0
13,4,0.5384615384615384,0.38461538461538464,0
13,4,0.6923076923076923,0.38461538461538464,0
13,3,0.6153846153846154,0.38461538461538464,0
13,4,0.6923076923076923,0.5384615384615384,0
13,4,0.6923076923076923,0.5384615384615384,0
13,4,0.6923076923076923,0.5384615384615384,0
13,4,0.6923076923076923,0.46153846153846156,0
13,4,0.6153846153846154,0.38461538461538464,0
13,4,0.6923076923076923,0.46153846153846156,0
13,4,0.6153846153846154,0.38461538461538464,0
13,3,0.5384615384615384,0.38461538461538464,0
13,4,0.6153846153846154,0.46153846153846156,0
13,4,0.5384615384615384,0.38461538461538464,0
13,4,0.6153846153846154,0.5384615384615384,0
13,4,0.5384615384615384,0.38461538461538464,0
14,4,0.6428571428571429,0.5,0
13,4,0.6153846153846154,0.46153846153846156,0
14,4,0.6428571428571429,0.42857142857142855,0
14,8,0.35714285714285715,0.5714285714285714,0
14,6,0.5,0.42857142857142855,0
13,4,0.6153846153846154,0.46153846153846156,0
13,4,0.6153846153846154,0.3076923076923077,0
13,4,0.6153846153846154,0.38461538461538464,0
13,4,0.5384615384615384,0.3076923076923077,0
14,6,0.5,0.42857142857142855,0
13,4,0.6153846153846154,0.38461538461538464,0
13,4,0.6153846153846154,0.46153846153846156,0
14,4,0.6428571428571429,0.42857142857142855,0
13,4,0.5384615384615384,0.38461538461538464,0
13,4,0.6153846153846154,0.46153846153846156,0
13,4,0.5384615384615384,0.38461538461538464,0
13,4,0.6153846153846154,0.38461538461538464,0
14,4,0.6428571428571429,0.35714285714285715,0
14,4,0.6428571428571429,0.42857142857142855,0
13,4,0.5384615384615384,0.3076923076923077,0
13,3,0.5384615384615384,0.38461538461538464,0
13,4,0.6153846153846154,0.46153846153846156,0
13,4,0.5384615384615384,0.38461538461538464,0
13,5,0.5384615384615384,0.46153846153846156,0
13,4,0.6153846153846154,0.46153846153846156,0
13,4,0.5384615384615384,0.46153846153846156,0
13,4,0.5384615384615384,0.46153846153846156,0
13,4,0.5384615384615384,0.46153846153846156,0
13,4,0.5384615384615384,0.38461538461538464,0
13,4,0.6153846153846154,0.46153846153846156,0
13,4,0.5384615384615384,0.38461538461538464,0
13,5,0.5384615384615384,0.46153846153846156,0
13,4,0.6923076923076923,0.5384615384615384,0
13,4,0.6153846153846154,0.5384615384615384,0
13,4,0.6153846153846154,0.46153846153846156,0
13,4,0.6153846153846154,0.7692307692307693,0
13,4,0.5384615384615384,0.38461538461538464,0
7,3,0.5714285714285714,0.7142857142857143,1
7,3,0.5714285714285714,0.5714285714285714,1
10,6,0.3,0.9,0
10,5,0.4,0.9,0
10,5,0.4,0.9,0
10,5,0.4,0.9,0
10,5,0.4,0.9,0
10,5,0.4,0.9,0
10,5,0.4,0.9,0
11,6,0.45454545454545453,1.0,0
4,4,0.0,1.0,0
26,6,0.4230769230769231,0.5,1
27,4,0.2962962962962963,0.25925925925925924,1
27,4,0.2962962962962963,0.25925925925925924,1
11,6,0.45454545454545453,0.5454545454545454,0
48,6,0.22916666666666666,0.3333333333333333,1
24,8,0.6666666666666666,0.7083333333333334,1
24,8,0.625,0.6666666666666666,1
24,8,0.625,0.6666666666666666,1
24,8,0.625,0.6666666666666666,1
25,8,0.68,0.76,1
25,8,0.68,0.76,1
25,8,0.68,0.64,1
25,8,0.64,0.64,1
24,8,0.6666666666666666,0.7083333333333334,1
24,8,0.625,0.6666666666666666,1
24,8,0.625,0.6666666666666666,1
24,8,0.625,0.6666666666666666,1
25,11,0.56,0.64,1
25,8,0.68,0.76,1
25,8,0.68,0.76,1
25,8,0.68,0.76,1
25,8,0.68,0.76,1
25,8,0.64,0.72,1
11,5,0.5454545454545454,0.9090909090909091,0
11,4,0.45454545454545453,0.9090909090909091,0
11,4,0.45454545454545453,0.9090909090909091,0
11,5,0.45454545454545453,0.9090909090909091,0
11,6,0.45454545454545453,0.9090909090909091,0
11,5,0.5454545454545454,1.0,0
11,5,0.5454545454545454,1.0,0
11,5,0.45454545454545453,0.9090909090909091,0
11,6,0.45454545454545453,1.0,0
11,5,0.45454545454545453,0.9090909090909091,0
10,5,0.5,0.9,0
11,5,0.5454545454545454,0.9090909090909091,1
12,5,0.5833333333333334,0.8333333333333334,1
12,6,0.5,0.9166666666666666,0
13,7,0.46153846153846156,0.9230769230769231,0
14,7,0.5,0.9285714285714286,0
16,4,0.4375,0.4375,1
22,9,0.45454545454545453,0.6818181818181818,0
22,9,0.45454545454545453,0.6818181818181818,0
22,9,0.45454545454545453,0.6818181818181818,0
7,3,0.5714285714285714,0.7142857142857143,1
17,6,0.6470588235294118,0.7058823529411765,1
10,6,0.3,0.9,0
10,5,0.4,0.9,0
10,5,0.4,0.9,0
10,5,0.4,0.9,0
24,8,0.6666666666666666,0.7083333333333334,1
24,8,0.625,0.6666666666666666,1
24,8,0.625,0.6666666666666666,1
24,8,0.625,0.6666666666666666,1
10,5,0.4,0.9,0
10,5,0.4,0.9,0
10,5,0.4,0.9,0
10,5,0.4,0.9,0
10,5,0.4,0.9,0
10,5,0.4,0.9,0
11,5,0.5454545454545454,0.9090909090909091,1
11,5,0.5454545454545454,0.9090909090909091,1
11,4,0.6363636363636364,0.9090909090909091,1
10,5,0.4,0.9,0
15,3,0.6,0.6666666666666666,1
10,5,0.5,0.9,0
13,2,0.6153846153846154,0.38461538461538464,0
20,6,0.4,0.5,0
21,6,0.42857142857142855,0.47619047619047616,0
54,7,0.2222222222222222,0.2222222222222222,0
36,3,0.3611111111111111,0.2777777777777778,0
3,3,0.0,1.0,0
4,4,0.0,1.0,0
17,6,0.5294117647058824,0.7058823529411765,0
20,7,0.45,0.65,0
8,7,0.0,0.875,0
9,4,0.5555555555555556,0.4444444444444444,0
32,6,0.375,0.40625,1
29,7,0.3793103448275862,0.41379310344827586,1
21,6,0.47619047619047616,0.5714285714285714,0
46,8,0.2391304347826087,0.391304347826087,1
21,9,0.2857142857142857,0.42857142857142855,1
10,2,0.3,0.2,0
41,8,0.2682926829268293,0.34146341463414637,1
35,4,0.42857142857142855,0.4,1
35,4,0.4,0.4,1
23,8,0.391304347826087,0.5652173913043478,1
9,5,0.4444444444444444,0.7777777777777778,1
14,8,0.42857142857142855,0.9285714285714286,1
13,7,0.46153846153846156,0.7692307692307693,1
13,7,0.46153846153846156,0.6923076923076923,0
13,6,0.5384615384615384,0.6153846153846154,1
15,6,0.6,0.6666666666666666,1
6,3,0.5,0.6666666666666666,0
23,5,0.391304347826087,0.391304347826087,1
9,5,0.4444444444444444,0.5555555555555556,0
10,5,0.5,0.5,1
21,6,0.5714285714285714,0.5714285714285714,1
6,2,0.5,0.5,0
14,6,0.5714285714285714,0.7142857142857143,0
15,6,0.5333333333333333,0.6666666666666666,0
23,13,0.34782608695652173,0.7391304347826086,0
25,14,0.32,0.72,0
24,9,0.4166666666666667,0.5416666666666666,0
17,5,0.7058823529411765,0.6470588235294118,1
20,5,0.65,0.6,0
50,5,0.28,0.22,0
50,5,0.28,0.22,0
25,3,0.24,0.32,0
12,4,0.5,0.5833333333333334,1
50,7,0.28,0.24,0
26,6,0.5,0.5769230769230769,1
28,4,0.6071428571428571,0.5357142857142857,0
13,3,0.5384615384615384,0.46153846153846156,1
13,2,0.6153846153846154,0.38461538461538464,1
9,4,0.4444444444444444,0.6666666666666666,0
9,3,0.4444444444444444,0.5555555555555556,0
9,3,0.4444444444444444,0.5555555555555556,0
9,3,0.4444444444444444,0.5555555555555556,0
9,4,0.3333333333333333,0.6666666666666666,0
20,4,0.55,0.65,1
20,8,0.5,0.6,0
20,4,0.55,0.65,1
14,8,0.42857142857142855,1.0,0
20,4,0.4,0.45,1
20,4,0.5,0.6,1
20,4,0.55,0.6,1
10,6,0.3,0.9,0
10,5,0.4,0.9,0
10,5,0.4,0.9,0
10,5,0.4,0.9,0
12,6,0.5,0.9166666666666666,0
10,5,0.4,0.9,0
10,5,0.4,0.9,0
10,5,0.4,0.9,0
18,9,0.5,0.9444444444444444,1
20,8,0.45,0.75,1
10,5,0.4,0.9,0
10,5,0.4,0.9,0
10,5,0.4,0.9,0
10,5,0.4,0.9,0
8,2,0.75,1.0,1
11,4,0.6363636363636364,1.0,1
25,4,0.4,0.4,1
25,5,0.36,0.4,0
18,3,0.5555555555555556,0.5555555555555556,1
10,4,0.6,1.0,1
12,4,0.5833333333333334,0.6666666666666666,1
21,9,0.42857142857142855,0.7142857142857143,1
10,5,0.4,0.9,0
10,5,0.4,0.9,0
10,5,0.4,0.9,0
21,9,0.2857142857142857,0.7142857142857143,1
15,9,0.4,1.0,0
15,7,0.5333333333333333,1.0,0
11,5,0.5454545454545454,0.9090909090909091,1
11,5,0.45454545454545453,0.9090909090909091,0
15,9,0.4,0.8666666666666667,0
15,7,0.5333333333333333,0.8666666666666667,0
10,5,0.4,0.9,0
7,3,0.5714285714285714,1.0,1
14,6,0.5714285714285714,1.0,0
14,6,0.5714285714285714,1.0,0
21,8,0.47619047619047616,0.8095238095238095,1
11,5,0.5454545454545454,0.9090909090909091,1
8,3,0.625,0.875,1
9,3,0.6666666666666666,0.8888888888888888,1
10,4,0.6,0.8,1
10,5,0.4,0.9,0
10,4,0.5,0.9,0
12,5,0.5833333333333334,1.0,0
14,1,0.6428571428571429,0.6428571428571429,1
15,5,0.4,0.6,0
12,4,0.5833333333333334,0.6666666666666666,1
15,6,0.6,1.0,0
12,2,0.5833333333333334,0.5,1
5,1,0.6,0.4,0
54,4,0.4444444444444444,0.18518518518518517,1
13,5,0.5384615384615384,0.7692307692307693,0
13,3,0.23076923076923078,0.3076923076923077,0
18,6,0.4444444444444444,0.7777777777777778,0
11,6,0.45454545454545453,0.7272727272727273,0
29,7,0.5172413793103449,0.5862068965517241,1
15,4,0.4,0.3333333333333333,0
15,4,0.4,0.3333333333333333,0
20,9,0.5,0.6,0
13,5,0.23076923076923078,0.46153846153846156,1
57,7,0.22807017543859648,0.3333333333333333,0
48,6,0.25,0.3125,1
21,8,0.3333333333333333,0.38095238095238093,0
12,4,0.5,0.5833333333333334,0
15,7,0.2,0.26666666666666666,0
46,4,0.391304347826087,0.17391304347826086,1
46,4,0.3695652173913043,0.1956521739130435,1
42,10,0.23809523809523808,0.30952380952380953,1
68,5,0.35294117647058826,0.29411764705882354,0
14,4,0.6428571428571429,0.6428571428571429,1
18,8,0.3888888888888889,0.7222222222222222,1
18,8,0.4444444444444444,0.7777777777777778,1
18,8,0.3888888888888889,0.7222222222222222,1
10,0,0.3,0.3,0
61,0,0.45901639344262296,0.18032786885245902,1
23,4,0.43478260869565216,0.43478260869565216,1
17,4,0.47058823529411764,0.5294117647058824,1
15,6,0.4666666666666667,0.6666666666666666,0
15,7,0.4666666666666667,0.7333333333333333,0
36,3,0.3333333333333333,0.1388888888888889,1
43,4,0.3488372093023256,0.11627906976744186,1
43,4,0.32558139534883723,0.11627906976744186,1
43,4,0.37209302325581395,0.16279069767441862,1
2,1,0.0,0.5,0
43,4,0.3488372093023256,0.11627906976744186,1
43,3,0.3488372093023256,0.09302325581395349,1
39,7,0.38461538461538464,0.41025641025641024,1
7,1,0.7142857142857143,0.5714285714285714,0
45,5,0.28888888888888886,0.26666666666666666,0
45,10,0.26666666666666666,0.3111111111111111,0
12,3,0.25,0.4166666666666667,0
11,5,0.45454545454545453,0.9090909090909091,0
32,2,0.34375,0.3125,0
8,1,0.375,0.125,0
45,4,0.3333333333333333,0.24444444444444444,0
16,1,0.25,0.3125,0
17,1,0.29411764705882354,0.35294117647058826,0
18,1,0.3333333333333333,0.3333333333333333,0
19,1,0.3157894736842105,0.3157894736842105,0
36,3,0.3055555555555556,0.3055555555555556,0
57,9,0.2982456140350877,0.3508771929824561,0
18,5,0.2777777777777778,0.3888888888888889,1
31,12,0.45161290322580644,0.5161290322580645,0
34,5,0.2647058823529412,0.3235294117647059,1
55,4,0.36363636363636365,0.36363636363636365,1
42,11,0.16666666666666666,0.38095238095238093,0
29,9,0.20689655172413793,0.27586206896551724,0
12,6,0.4166666666666667,0.75,1
16,7,0.375,0.625,1
31,6,0.45161290322580644,0.5806451612903226,0
51,2,0.27450980392156865,0.27450980392156865,0
20,0,0.4,0.35,0
15,-1,0.4,0.26666666666666666,0
73,10,0.2328767123287671,0.2602739726027397,0
23,6,0.2608695652173913,0.4782608695652174,0
17,4,0.11764705882352941,0.35294117647058826,0
21,3,0.19047619047619047,0.3333333333333333,0
41,5,0.2682926829268293,0.3170731707317073,0
49,9,0.22448979591836735,0.3469387755102041,0
8,2,0.625,0.5,0
17,6,0.11764705882352941,0.4117647058823529,1
10,-1,0.3,0.2,0
75,7,0.3333333333333333,0.30666666666666664,1
75,8,0.3333333333333333,0.32,1
50,3,0.28,0.24,0
25,6,0.28,0.36,0
35,2,0.08571428571428572,0.2571428571428571,1
35,3,0.05714285714285714,0.2857142857142857,1
35,3,0.05714285714285714,0.2857142857142857,1
37,4,0.3783783783783784,0.6216216216216216,0
26,9,0.5,0.7307692307692307,0
40,10,0.35,0.475,0
34,16,0.38235294117647056,0.7352941176470589,0
34,15,0.38235294117647056,0.7058823529411765,1
34,15,0.38235294117647056,0.7058823529411765,1
14,8,0.35714285714285715,0.7857142857142857,0
34,15,0.4117647058823529,0.7058823529411765,1
34,14,0.38235294117647056,0.7058823529411765,1
34,16,0.3235294117647059,0.7352941176470589,1
34,17,0.3235294117647059,0.7647058823529411,1
12,7,0.4166666666666667,0.8333333333333334,1
22,11,0.2727272727272727,0.5909090909090909,0
24,7,0.5416666666666666,0.4583333333333333,1
20,7,0.55,0.6,1
6,2,0.16666666666666666,0.5,0
42,7,0.23809523809523808,0.2857142857142857,1
45,2,0.4666666666666667,0.24444444444444444,1
22,0,0.3181818181818182,0.22727272727272727,1
55,1,0.23636363636363636,0.18181818181818182,0
63,7,0.2698412698412698,0.30158730158730157,1
63,7,0.30158730158730157,0.30158730158730157,1
63,6,0.2857142857142857,0.30158730158730157,1
63,8,0.2857142857142857,0.31746031746031744,1
63,7,0.2857142857142857,0.2857142857142857,1
20,7,0.45,0.8,1
12,6,0.25,0.6666666666666666,0
12,4,0.3333333333333333,0.6666666666666666,0
29,7,0.3448275862068966,0.7241379310344828,1
12,9,0.25,0.9166666666666666,1
12,8,0.3333333333333333,0.9166666666666666,1
12,5,0.5833333333333334,0.75,0
12,6,0.5,0.8333333333333334,1
12,5,0.5833333333333334,0.8333333333333334,1
12,5,0.5833333333333334,0.8333333333333334,1
12,7,0.4166666666666667,0.9166666666666666,0
12,7,0.4166666666666667,0.8333333333333334,1
12,4,0.4166666666666667,0.75,1
20,4,0.35,0.55,1
12,4,0.4166666666666667,0.6666666666666666,1
12,6,0.4166666666666667,0.75,1
14,5,0.42857142857142855,0.7142857142857143,0
24,4,0.3333333333333333,0.375,1
7,6,0.0,0.8571428571428571,0
9,6,0.0,0.6666666666666666,0
7,6,0.14285714285714285,1.0,0
5,3,0.4,1.0,0
6,3,0.5,1.0,0
9,6,0.3333333333333333,1.0,0
7,3,0.5714285714285714,1.0,0
8,3,0.625,1.0,0
11,3,0.45454545454545453,0.7272727272727273,0
9,4,0.5555555555555556,1.0,0
10,5,0.5,1.0,0
11,6,0.45454545454545453,1.0,0
12,7,0.4166666666666667,1.0,0
13,8,0.38461538461538464,1.0,0
13,6,0.5384615384615384,1.0,0
11,3,0.7272727272727273,1.0,0
4,4,0.0,1.0,0
22,8,0.2727272727272727,0.3181818181818182,1
9,6,0.3333333333333333,0.7777777777777778,0
6,6,0.0,1.0,0
8,6,0.25,1.0,0
10,6,0.4,1.0,0
14,8,0.42857142857142855,1.0,0
15,6,0.5333333333333333,0.6666666666666666,0
28,14,0.42857142857142855,0.6785714285714286,0
37,16,0.4864864864864865,0.6486486486486487,0
27,14,0.48148148148148145,0.9259259259259259,0
13,8,0.38461538461538464,1.0,0
11,6,0.0,0.5454545454545454,0
14,6,0.5,0.8571428571428571,1
14,7,0.5,0.9285714285714286,0
11,7,0.36363636363636365,0.7272727272727273,1
33,6,0.45454545454545453,0.5454545454545454,0
15,5,0.3333333333333333,0.4,0
22,8,0.45454545454545453,0.8181818181818182,0
25,8,0.44,0.56,0
27,4,0.37037037037037035,0.5555555555555556,0
28,9,0.21428571428571427,0.5,0
7,6,0.0,0.8571428571428571,0
9,4,0.5555555555555556,0.6666666666666666,0
46,6,0.2608695652173913,0.3695652173913043,1
31,15,0.3548387096774194,0.8064516129032258,1
13,6,0.5384615384615384,0.3076923076923077,0
14,7,0.5,0.8571428571428571,0
12,7,0.4166666666666667,0.75,1
7,4,0.42857142857142855,0.5714285714285714,0
10,5,0.4,0.5,1
63,6,0.30158730158730157,0.30158730158730157,1
46,8,0.2391304347826087,0.30434782608695654,0
46,7,0.2391304347826087,0.2608695652173913,0
46,7,0.2391304347826087,0.2826086956521739,0
46,8,0.1956521739130435,0.2826086956521739,0
46,7,0.21739130434782608,0.21739130434782608,0
46,7,0.21739130434782608,0.2391304347826087,0
46,7,0.21739130434782608,0.30434782608695654,0
45,9,0.24444444444444444,0.35555555555555557,0
46,4,0.2826086956521739,0.21739130434782608,0
46,5,0.21739130434782608,0.2391304347826087,0
46,6,0.21739130434782608,0.2608695652173913,0
46,6,0.21739130434782608,0.2826086956521739,0
46,4,0.21739130434782608,0.2391304347826087,0
46,5,0.1956521739130435,0.2608695652173913,0
46,6,0.1956521739130435,0.2608695652173913,1
45,5,0.2,0.2222222222222222,0
46,5,0.2391304347826087,0.21739130434782608,0
46,7,0.2608695652173913,0.2391304347826087,0
46,7,0.21739130434782608,0.2608695652173913,0
46,5,0.1956521739130435,0.1956521739130435,0
20,4,0.2,0.25,1
46,6,0.2391304347826087,0.2391304347826087,1
47,6,0.23404255319148937,0.2978723404255319,0
45,10,0.24444444444444444,0.35555555555555557,0
45,10,0.2222222222222222,0.3333333333333333,1
45,10,0.24444444444444444,0.35555555555555557,0
44,5,0.25,0.29545454545454547,1
45,7,0.2222222222222222,0.26666666666666666,1
45,10,0.2,0.35555555555555557,0
18,6,0.2777777777777778,0.4444444444444444,0
6,1,0.0,0.3333333333333333,0
8,1,0.5,0.5,0
27,7,0.3333333333333333,0.6296296296296297,0
30,6,0.3,0.5666666666666667,1
20,5,0.3,0.45,0
20,8,0.35,0.7,1
11,5,0.36363636363636365,0.5454545454545454,1
11,5,0.36363636363636365,0.5454545454545454,1
51,5,0.35294117647058826,0.3137254901960784,0
50,4,0.18,0.16,0
53,5,0.3584905660377358,0.2641509433962264,0
60,5,0.26666666666666666,0.21666666666666667,0
26,6,0.46153846153846156,0.38461538461538464,1
14,8,0.0,0.5714285714285714,1
48,8,0.22916666666666666,0.3958333333333333,0
81,0,0.3333333333333333,0.32098765432098764,0
58,7,0.3103448275862069,0.3275862068965517,1
20,12,0.1,0.6,0
43,5,0.3488372093023256,0.16279069767441862,1
43,4,0.3488372093023256,0.16279069767441862,1
46,5,0.2391304347826087,0.21739130434782608,0
10,-2,0.3,0.2,0
20,0,0.25,0.25,1
47,3,0.19148936170212766,0.2978723404255319,1
10,-1,0.3,0.2,1
21,-1,0.19047619047619047,0.19047619047619047,0
47,4,0.14893617021276595,0.2765957446808511,0
47,4,0.1702127659574468,0.2978723404255319,0
47,5,0.14893617021276595,0.2765957446808511,1
47,4,0.14893617021276595,0.3191489361702128,0
47,5,0.14893617021276595,0.2978723404255319,0
47,3,0.1702127659574468,0.2553191489361702,0
49,2,0.14285714285714285,0.2857142857142857,0
46,8,0.2608695652173913,0.30434782608695654,1
55,-1,0.2909090909090909,0.21818181818181817,0
52,1,0.3269230769230769,0.23076923076923078,0
20,-2,0.5,0.35,0
26,3,0.38461538461538464,0.3076923076923077,1
41,6,0.2682926829268293,0.3170731707317073,1
39,8,0.3333333333333333,0.46153846153846156,1
22,4,0.45454545454545453,0.5,1
65,6,0.24615384615384617,0.2923076923076923,0
21,2,0.42857142857142855,0.2857142857142857,1
72,3,0.3333333333333333,0.2638888888888889,0
22,5,0.3181818181818182,0.5,1
58,4,0.2413793103448276,0.27586206896551724,0
15,1,0.4,0.4,0
49,4,0.32653061224489793,0.16326530612244897,1
58,12,0.3620689655172414,0.39655172413793105,1
54,8,0.37037037037037035,0.2962962962962963,1
47,6,0.2127659574468085,0.2765957446808511,0
47,6,0.2127659574468085,0.2765957446808511,0
29,2,0.3793103448275862,0.2413793103448276,0
7,2,0.5714285714285714,0.7142857142857143,1
15,1,0.6666666666666666,0.4,0
11,4,0.36363636363636365,0.36363636363636365,1
20,0,0.5,0.4,0
18,8,0.3888888888888889,0.4444444444444444,0
15,2,0.4,0.3333333333333333,0
20,4,0.45,0.5,0
15,5,0.5333333333333333,0.4666666666666667,0
31,11,0.3225806451612903,0.3870967741935484,0
39,10,0.38461538461538464,0.358974358974359,1
15,1,0.4,0.2,0
55,7,0.2545454545454545,0.32727272727272727,0
18,1,0.5555555555555556,0.4444444444444444,0
38,10,0.39473684210526316,0.3684210526315789,1
38,9,0.39473684210526316,0.3684210526315789,1
38,9,0.39473684210526316,0.3684210526315789,1
38,9,0.39473684210526316,0.2894736842105263,1
44,2,0.5,0.20454545454545456,1
13,4,0.38461538461538464,0.46153846153846156,1
12,-1,0.5833333333333334,0.5,0
15,9,0.4,0.6,0
15,7,0.5333333333333333,0.4666666666666667,0
21,8,0.47619047619047616,0.42857142857142855,1
22,10,0.36363636363636365,0.6363636363636364,0
13,5,0.38461538461538464,0.6153846153846154,1
17,6,0.5882352941176471,0.47058823529411764,1
17,6,0.47058823529411764,0.47058823529411764,1
17,6,0.4117647058823529,0.47058823529411764,1
21,9,0.5714285714285714,0.42857142857142855,0
17,6,0.35294117647058826,0.35294117647058826,1
17,6,0.35294117647058826,0.4117647058823529,1
19,2,0.5789473684210527,0.21052631578947367,0
17,5,0.4117647058823529,0.4117647058823529,1
18,5,0.2777777777777778,0.3888888888888889,1
18,4,0.3333333333333333,0.3333333333333333,1
18,6,0.3333333333333333,0.4444444444444444,0
17,6,0.35294117647058826,0.47058823529411764,1
17,6,0.35294117647058826,0.47058823529411764,1
17,7,0.29411764705882354,0.5294117647058824,1
17,6,0.29411764705882354,0.47058823529411764,1
17,6,0.47058823529411764,0.47058823529411764,1
17,6,0.4117647058823529,0.47058823529411764,1
17,6,0.35294117647058826,0.47058823529411764,1
17,6,0.29411764705882354,0.47058823529411764,1
17,7,0.29411764705882354,0.5294117647058824,1
17,6,0.29411764705882354,0.47058823529411764,1
18,6,0.2222222222222222,0.3888888888888889,0
17,4,0.47058823529411764,0.35294117647058826,1
17,5,0.4117647058823529,0.4117647058823529,1
17,6,0.4117647058823529,0.47058823529411764,1
17,6,0.35294117647058826,0.4117647058823529,1
18,7,0.3333333333333333,0.5,0
17,6,0.29411764705882354,0.4117647058823529,1
17,6,0.35294117647058826,0.47058823529411764,1
17,5,0.4117647058823529,0.4117647058823529,1
17,5,0.4117647058823529,0.4117647058823529,1
17,6,0.35294117647058826,0.47058823529411764,1
18,6,0.3333333333333333,0.4444444444444444,0
17,5,0.4117647058823529,0.4117647058823529,1
17,6,0.35294117647058826,0.47058823529411764,1
18,6,0.3333333333333333,0.4444444444444444,0
18,7,0.3333333333333333,0.5,0
18,5,0.3333333333333333,0.3888888888888889,0
18,5,0.3333333333333333,0.3888888888888889,0
17,7,0.29411764705882354,0.47058823529411764,1
17,6,0.29411764705882354,0.4117647058823529,1
18,5,0.3333333333333333,0.3888888888888889,0
18,3,0.3333333333333333,0.2777777777777778,0
17,6,0.4117647058823529,0.47058823529411764,1
16,4,0.375,0.375,1
17,6,0.29411764705882354,0.4117647058823529,1
18,6,0.2222222222222222,0.4444444444444444,1
18,7,0.16666666666666666,0.4444444444444444,1
18,8,0.16666666666666666,0.5,1
18,6,0.2222222222222222,0.3888888888888889,1
17,6,0.4117647058823529,0.47058823529411764,1
18,6,0.2222222222222222,0.3888888888888889,0
17,6,0.29411764705882354,0.4117647058823529,1
21,6,0.5714285714285714,0.3333333333333333,0
18,-1,0.4444444444444444,0.2222222222222222,0
11,0,0.8181818181818182,0.6363636363636364,0
15,3,0.3333333333333333,0.4666666666666667,0
16,7,0.375,0.6875,1
16,7,0.5,0.75,1
16,7,0.5,0.8125,1
76,9,0.32894736842105265,0.2894736842105263,1
13,6,0.46153846153846156,0.6153846153846154,1
15,7,0.4,0.6,0
28,7,0.5,0.5714285714285714,1
17,8,0.47058823529411764,0.7647058823529411,0
38,6,0.4473684210526316,0.3684210526315789,1
51,8,0.43137254901960786,0.3333333333333333,1
35,7,0.4857142857142857,0.4857142857142857,1
37,7,0.43243243243243246,0.40540540540540543,1
30,9,0.4666666666666667,0.6,1
26,6,0.38461538461538464,0.5384615384615384,1
27,9,0.4444444444444444,0.5185185185185185,1
20,8,0.5,0.75,0
18,9,0.5,0.9444444444444444,0
14,7,0.42857142857142855,0.8571428571428571,0
18,9,0.4444444444444444,0.8888888888888888,0
20,7,0.55,0.7,0
15,5,0.5333333333333333,0.6,1
15,5,0.5333333333333333,0.6,1
15,5,0.5333333333333333,0.6,1
8,4,0.5,0.875,1
26,5,0.46153846153846156,0.5,1
37,6,0.4594594594594595,0.40540540540540543,1
37,5,0.5405405405405406,0.32432432432432434,1
22,8,0.45454545454545453,0.7727272727272727,1
15,5,0.6,0.6666666666666666,1
16,5,0.5625,0.625,0
20,7,0.55,0.7,0
20,7,0.5,0.65,0
20,7,0.5,0.65,0
18,5,0.5555555555555556,0.6111111111111112,1
28,7,0.5,0.5714285714285714,1
20,5,0.5,0.55,1
26,5,0.5769230769230769,0.5769230769230769,1
26,5,0.5384615384615384,0.5384615384615384,1
29,7,0.5172413793103449,0.5862068965517241,1
19,8,0.47368421052631576,0.7894736842105263,0
20,8,0.5,0.75,0
20,8,0.45,0.7,1
20,6,0.45,0.6,0
20,8,0.4,0.65,0
37,10,0.4864864864864865,0.43243243243243246,1
17,8,0.47058823529411764,0.7647058823529411,1
18,8,0.5555555555555556,0.8333333333333334,1
17,7,0.5294117647058824,0.7647058823529411,1
15,7,0.4666666666666667,0.7333333333333333,1
13,6,0.46153846153846156,0.7692307692307693,1
14,6,0.5,0.7857142857142857,1
15,6,0.5333333333333333,0.7333333333333333,1
16,7,0.5,0.75,1
17,8,0.47058823529411764,0.7647058823529411,1
18,8,0.5,0.7777777777777778,1
18,8,0.4444444444444444,0.7222222222222222,1
14,6,0.5,0.7857142857142857,1
16,7,0.5,0.75,1
13,6,0.46153846153846156,0.8461538461538461,1
18,8,0.5,0.7777777777777778,1
16,5,0.5625,0.625,0
15,5,0.4666666666666667,0.6666666666666666,1
15,5,0.4666666666666667,0.6,1
15,7,0.4666666666666667,0.8666666666666667,0
26,8,0.4230769230769231,0.4230769230769231,0
26,8,0.4230769230769231,0.46153846153846156,0
20,8,0.4,0.6,1
20,8,0.45,0.65,1
20,8,0.45,0.7,1
26,9,0.46153846153846156,0.5384615384615384,1
25,8,0.4,0.48,1
27,7,0.48148148148148145,0.48148148148148145,1
20,7,0.4,0.65,1
20,9,0.4,0.7,1
26,6,0.46153846153846156,0.5,1
26,7,0.4230769230769231,0.46153846153846156,1
20,8,0.4,0.6,1
20,8,0.45,0.7,1
20,6,0.4,0.6,1
20,8,0.4,0.65,1
20,8,0.35,0.6,1
20,7,0.4,0.6,1
20,9,0.35,0.7,1
26,7,0.4230769230769231,0.5,1
26,6,0.46153846153846156,0.5,1
20,8,0.35,0.6,1
26,5,0.38461538461538464,0.5,1
20,7,0.4,0.6,1
20,9,0.35,0.65,1
26,7,0.5,0.46153846153846156,1
26,7,0.46153846153846156,0.46153846153846156,1
26,8,0.46153846153846156,0.5,1
26,7,0.5,0.5,1
26,7,0.46153846153846156,0.46153846153846156,1
26,6,0.4230769230769231,0.46153846153846156,0
26,7,0.4230769230769231,0.46153846153846156,1
26,8,0.4230769230769231,0.4230769230769231,0
26,8,0.4230769230769231,0.46153846153846156,0
26,8,0.4230769230769231,0.46153846153846156,0
26,8,0.4230769230769231,0.5,1
26,8,0.4230769230769231,0.5384615384615384,1
26,8,0.4230769230769231,0.5384615384615384,1
26,7,0.46153846153846156,0.5,1
26,7,0.4230769230769231,0.46153846153846156,1
26,7,0.46153846153846156,0.46153846153846156,1
26,8,0.4230769230769231,0.5384615384615384,1
26,8,0.4230769230769231,0.5769230769230769,1
26,8,0.4230769230769231,0.5769230769230769,1
26,7,0.5,0.46153846153846156,1
33,12,0.3939393939393939,0.6363636363636364,0
35,7,0.4857142857142857,0.45714285714285713,1
36,7,0.4722222222222222,0.4444444444444444,1
34,11,0.38235294117647056,0.5588235294117647,0
33,6,0.45454545454545453,0.42424242424242425,1
6,3,0.5,0.5,0
8,4,0.5,0.5,0
10,5,0.5,0.5,0
9,4,0.5555555555555556,0.5555555555555556,0
18,-2,0.5,0.3888888888888889,0
11,5,0.5454545454545454,0.9090909090909091,1
7,3,0.5714285714285714,0.7142857142857143,1
7,2,0.7142857142857143,0.7142857142857143,1
19,4,0.5263157894736842,0.3684210526315789,0
19,4,0.5263157894736842,0.47368421052631576,0
76,8,0.3157894736842105,0.27631578947368424,1
76,9,0.32894736842105265,0.3026315789473684,1
76,9,0.32894736842105265,0.2894736842105263,1
11,5,0.5454545454545454,0.5454545454545454,1
15,-2,0.4666666666666667,0.26666666666666666,0
13,-1,0.46153846153846156,0.3076923076923077,0
20,7,0.4,0.6,1
9,4,0.5555555555555556,0.6666666666666666,0
6,2,0.6666666666666666,0.5,1
17,6,0.4117647058823529,0.47058823529411764,1
19,7,0.3157894736842105,0.47368421052631576,0
22,6,0.5454545454545454,0.5,0
20,4,0.75,0.55,0
18,9,0.3888888888888889,0.7777777777777778,0
18,8,0.3888888888888889,0.7222222222222222,0
9,4,0.5555555555555556,0.5555555555555556,0
21,9,0.5714285714285714,0.42857142857142855,0
10,5,0.5,0.5,0
10,6,0.4,0.8,0
9,4,0.5555555555555556,0.4444444444444444,0
6,2,0.6666666666666666,0.3333333333333333,1
21,9,0.5714285714285714,0.42857142857142855,0
8,0,0.5,0.25,1
20,6,0.5,0.6,0
20,4,0.6,0.4,0
43,3,0.37209302325581395,0.20930232558139536,1
36,6,0.3055555555555556,0.19444444444444445,1
43,4,0.3488372093023256,0.11627906976744186,1
42,7,0.35714285714285715,0.19047619047619047,1
37,4,0.35135135135135137,0.16216216216216217,1
37,4,0.35135135135135137,0.16216216216216217,1
43,4,0.3953488372093023,0.20930232558139536,1
43,4,0.37209302325581395,0.20930232558139536,1
43,4,0.37209302325581395,0.20930232558139536,1
44,3,0.36363636363636365,0.18181818181818182,1
37,4,0.2972972972972973,0.05405405405405406,1
44,6,0.29545454545454547,0.13636363636363635,1
44,6,0.29545454545454547,0.13636363636363635,0
37,6,0.2972972972972973,0.16216216216216217,1
36,2,0.3055555555555556,0.2222222222222222,0
19,4,0.3684210526315789,0.3684210526315789,1
20,1,0.55,0.4,0
17,3,0.5294117647058824,0.5294117647058824,0
23,2,0.6086956521739131,0.17391304347826086,1
70,3,0.5857142857142857,0.32857142857142857,1
20,9,0.3,0.55,1
12,5,0.5833333333333334,0.6666666666666666,1
12,6,0.5,0.6666666666666666,1
12,5,0.5833333333333334,0.5833333333333334,1
12,6,0.5,0.6666666666666666,1
13,5,0.6153846153846154,0.6923076923076923,0
13,2,0.5384615384615384,0.6153846153846154,0
36,11,0.6944444444444444,0.6944444444444444,0
38,13,0.6578947368421053,0.7368421052631579,0
38,14,0.631578947368421,0.7368421052631579,0
35,8,0.7714285714285715,0.6285714285714286,0
14,3,0.7857142857142857,0.6428571428571429,1
19,5,0.42105263157894735,0.5789473684210527,1
15,5,0.6666666666666666,0.8,1
46,9,0.45652173913043476,0.30434782608695654,1
20,10,0.4,0.8,0
7,0,0.7142857142857143,0.2857142857142857,0
14,4,0.6428571428571429,0.7142857142857143,0
18,-1,0.6666666666666666,0.3888888888888889,0
64,5,0.59375,0.34375,1
12,3,0.5,0.4166666666666667,1
12,3,0.5833333333333334,0.5,1
12,4,0.5,0.5,1
12,2,0.5833333333333334,0.5,1
12,3,0.5,0.5,1
20,-1,0.45,0.1,0
50,1,0.26,0.22,0
3,0,0.6666666666666666,0.6666666666666666,0
74,8,0.3108108108108108,0.36486486486486486,1
4,-1,0.5,0.5,0
4,1,0.5,0.5,0
4,1,0.5,0.75,0
4,0,0.5,0.5,0
4,0,0.5,0.5,0
4,1,0.5,0.75,0
12,2,0.25,0.3333333333333333,0
5,1,0.4,0.6,0
7,1,0.42857142857142855,0.42857142857142855,0
50,5,0.2,0.18,1
85,-5,0.4,0.3411764705882353,0
18,4,0.4444444444444444,0.5555555555555556,0
22,5,0.45454545454545453,0.5909090909090909,0
48,4,0.20833333333333334,0.2708333333333333,0
56,-4,0.375,0.3392857142857143,0
36,-4,0.4722222222222222,0.3888888888888889,0
40,-4,0.425,0.35,0
40,-3,0.425,0.375,0
37,-4,0.4864864864864865,0.2972972972972973,0
21,-2,0.5238095238095238,0.2857142857142857,0
51,6,0.19607843137254902,0.3333333333333333,1
51,7,0.19607843137254902,0.35294117647058826,1
15,-5,0.3333333333333333,0.26666666666666666,0
50,11,0.32,0.34,1
27,-2,0.4074074074074074,0.2962962962962963,0
2,-1,0.5,0.5,1
20,0,0.5,0.35,0
20,0,0.55,0.4,0
20,0,0.5,0.4,0
20,0,0.5,0.4,0
20,0,0.5,0.45,0
20,0,0.5,0.45,0
20,0,0.5,0.35,0
20,0,0.5,0.4,0
20,0,0.5,0.4,0
20,0,0.45,0.35,0
20,0,0.5,0.4,0
20,-1,0.5,0.35,0
20,0,0.5,0.35,0
20,0,0.55,0.4,0
20,0,0.55,0.4,0
20,1,0.55,0.4,0
20,0,0.5,0.4,0
20,-1,0.55,0.45,0
20,-1,0.6,0.35,0
20,-1,0.55,0.35,0
20,-1,0.55,0.4,0
20,0,0.5,0.35,0
20,0,0.55,0.4,0
20,-1,0.55,0.35,0
20,0,0.55,0.4,0
20,0,0.5,0.35,0
20,0,0.5,0.4,0
20,0,0.5,0.35,0
20,0,0.5,0.4,0
28,-2,0.2857142857142857,0.4642857142857143,0
62,-1,0.22580645161290322,0.14516129032258066,0
17,1,0.29411764705882354,0.23529411764705882,0
35,-2,0.4,0.4,0
35,1,0.42857142857142855,0.2857142857142857,0
19,3,0.47368421052631576,0.3684210526315789,0
18,0,0.6111111111111112,0.4444444444444444,0
4,-1,0.5,0.25,0
5,-1,0.6,0.4,0
36,6,0.3055555555555556,0.3055555555555556,1
20,6,0.3,0.45,1
36,7,0.3055555555555556,0.3611111111111111,1
36,6,0.3611111111111111,0.3055555555555556,1
16,1,0.625,0.625,1
16,1,0.625,0.625,1
25,3,0.48,0.56,1
24,2,0.625,0.5416666666666666,1
24,2,0.625,0.5416666666666666,1
17,1,0.5882352941176471,0.5294117647058824,1
17,1,0.5882352941176471,0.4117647058823529,1
13,3,0.6923076923076923,0.6923076923076923,0
55,5,0.32727272727272727,0.2545454545454545,1
23,6,0.5217391304347826,0.4782608695652174,1
8,3,0.5,0.75,1
17,5,0.5882352941176471,0.7647058823529411,0
15,4,0.6,0.7333333333333333,0
17,4,0.7647058823529411,0.7058823529411765,1
10,1,0.5,0.3,0
20,3,0.65,0.4,1
22,2,0.6363636363636364,0.18181818181818182,1
20,1,0.4,0.4,0
42,14,0.3333333333333333,0.6190476190476191,1
35,-1,0.34285714285714286,0.3142857142857143,0
16,1,0.5625,0.4375,0
19,3,0.5263157894736842,0.42105263157894735,1
101,-2,0.31683168316831684,0.25742574257425743,0
35,0,0.34285714285714286,0.3142857142857143,0
15,4,0.3333333333333333,0.5333333333333333,0
35,-4,0.37142857142857144,0.34285714285714286,0
15,3,0.3333333333333333,0.4,0
28,4,0.5,0.2857142857142857,0
68,6,0.5588235294117647,0.36764705882352944,1
63,6,0.2857142857142857,0.30158730158730157,0
33,8,0.06060606060606061,0.2727272727272727,0
15,0,0.5333333333333333,0.2,0
35,-1,0.42857142857142855,0.42857142857142855,0
21,3,0.5714285714285714,0.5238095238095238,0
10,2,0.5,0.3,0
61,4,0.6229508196721312,0.2459016393442623,1
20,2,0.55,0.5,1
46,14,0.4782608695652174,0.41304347826086957,1
12,3,0.6666666666666666,0.5833333333333334,0
12,3,0.6666666666666666,0.75,0
12,4,0.5833333333333334,0.6666666666666666,0
10,2,0.7,0.8,0
12,4,0.5833333333333334,0.6666666666666666,0
11,3,0.6363636363636364,0.8181818181818182,0
12,4,0.5833333333333334,0.8333333333333334,0
11,3,0.6363636363636364,0.8181818181818182,0
12,4,0.5833333333333334,0.8333333333333334,0
16,3,0.5625,0.4375,1
14,3,0.7142857142857143,0.6428571428571429,0
12,6,0.5,0.75,1
13,4,0.5384615384615384,0.8461538461538461,0
5,3,0.4,1.0,0
14,3,0.5714285714285714,0.6428571428571429,1
15,8,0.26666666666666666,0.8,0
7,3,0.5714285714285714,1.0,0
38,19,0.47368421052631576,0.8947368421052632,0
14,8,0.42857142857142855,1.0,0
23,9,0.4782608695652174,0.6521739130434783,0
57,4,0.2807017543859649,0.24561403508771928,0
15,3,0.3333333333333333,0.4666666666666667,0
86,7,0.3953488372093023,0.29069767441860467,0
20,3,0.35,0.4,0
15,7,0.5333333333333333,0.8,1
20,4,0.4,0.45,0
66,5,0.30303030303030304,0.3181818181818182,1
17,4,0.35294117647058826,0.47058823529411764,1
29,4,0.4827586206896552,0.3793103448275862,0
16,6,0.5625,0.8125,1
43,3,0.32558139534883723,0.3023255813953488,1
10,6,0.3,0.9,0
10,5,0.4,0.9,0
10,5,0.4,0.9,0
10,5,0.4,0.9,0
10,5,0.4,0.9,0
10,5,0.4,0.9,0
10,5,0.4,0.9,0
15,4,0.5333333333333333,0.6666666666666666,0
16,6,0.5625,0.8125,1
16,6,0.4375,0.75,0
11,5,0.5454545454545454,0.9090909090909091,0
12,5,0.5833333333333334,0.9166666666666666,0
13,6,0.5384615384615384,0.9230769230769231,0
14,7,0.5,0.9285714285714286,0
10,5,0.4,0.9,0
10,5,0.4,0.9,0
10,5,0.4,0.9,0
10,5,0.4,0.9,0
16,6,0.5625,0.8125,1
10,6,0.4,1.0,1
12,6,0.5,1.0,1
14,8,0.42857142857142855,1.0,1
11,5,0.5454545454545454,0.9090909090909091,1
16,6,0.5625,0.8125,1
16,5,0.5,0.8125,1
16,5,0.5,0.8125,1
16,6,0.5,0.8125,1
16,7,0.5,0.8125,1
16,7,0.5,0.875,1
16,6,0.5625,0.8125,1
16,6,0.5625,0.8125,1
16,6,0.5625,0.8125,1
16,6,0.5625,0.875,1
16,6,0.5,0.8125,1
16,6,0.5,0.8125,1
16,6,0.5,0.8125,1
16,6,0.5,0.8125,1
11,5,0.5454545454545454,0.9090909090909091,1
13,5,0.6153846153846154,0.9230769230769231,1
22,4,0.6818181818181818,0.36363636363636365,0
11,6,0.45454545454545453,0.8181818181818182,1
24,6,0.4166666666666667,0.5,1
14,5,0.6428571428571429,0.6428571428571429,1
19,5,0.47368421052631576,0.6842105263157895,1
10,5,0.4,0.9,0
10,5,0.4,0.9,0
10,5,0.4,0.9,0
10,5,0.4,0.9,0
16,7,0.4375,0.875,0
12,6,0.5,1.0,0
15,6,0.4666666666666667,0.8666666666666667,0
14,6,0.42857142857142855,0.8571428571428571,0
14,6,0.42857142857142855,0.8571428571428571,0
16,6,0.4375,0.75,0
19,5,0.47368421052631576,0.631578947368421,1
14,4,0.5714285714285714,0.5714285714285714,1
10,5,0.4,0.9,0
10,4,0.5,0.9,0
7,3,0.5714285714285714,1.0,1
15,7,0.5333333333333333,1.0,1
15,6,0.6,1.0,0
14,6,0.5714285714285714,1.0,1
18,7,0.4444444444444444,0.8333333333333334,1
17,7,0.47058823529411764,0.8823529411764706,1
16,7,0.5,0.9375,1
11,3,0.7272727272727273,0.9090909090909091,1
12,6,0.5,1.0,0
29,6,0.4827586206896552,0.4827586206896552,0
29,8,0.4827586206896552,0.5172413793103449,0
13,4,0.46153846153846156,0.7692307692307693,0
9,4,0.5555555555555556,0.6666666666666666,0
35,12,0.37142857142857144,0.6285714285714286,0
26,6,0.4230769230769231,0.5,0
36,-5,0.4444444444444444,0.4444444444444444,0
18,-1,0.4444444444444444,0.2777777777777778,0
11,5,0.5454545454545454,0.9090909090909091,1
9,4,0.5555555555555556,0.7777777777777778,1
9,3,0.6666666666666666,0.7777777777777778,1
9,2,0.7777777777777778,0.7777777777777778,1
12,3,0.6666666666666666,0.5833333333333334,1
21,4,0.5238095238095238,0.5714285714285714,1
21,2,0.5714285714285714,0.47619047619047616,0
18,3,0.8333333333333334,0.7222222222222222,1
78,8,0.358974358974359,0.24358974358974358,1
9,3,0.5555555555555556,0.7777777777777778,0
17,4,0.5294117647058824,0.6470588235294118,0
18,4,0.5,0.6111111111111112,0
19,4,0.47368421052631576,0.5789473684210527,0
21,4,0.47619047619047616,0.5714285714285714,0
23,5,0.4782608695652174,0.6086956521739131,0
7,-2,0.7142857142857143,0.5714285714285714,1
4,-1,0.75,0.75,1
4,-1,0.75,0.5,0
5,-1,0.6,0.4,0
6,-1,0.6666666666666666,0.5,0
6,-1,0.6666666666666666,0.5,0
19,1,0.5263157894736842,0.3684210526315789,0
22,1,0.5909090909090909,0.36363636363636365,0
23,5,0.391304347826087,0.6521739130434783,1
37,6,0.3783783783783784,0.5945945945945946,1
37,6,0.35135135135135137,0.5675675675675675,1
37,4,0.3783783783783784,0.5675675675675675,1
23,5,0.34782608695652173,0.6521739130434783,1
37,6,0.35135135135135137,0.5945945945945946,1
23,5,0.391304347826087,0.6521739130434783,1
37,6,0.3783783783783784,0.5945945945945946,1
24,-2,0.4166666666666667,0.3333333333333333,1
23,5,0.34782608695652173,0.6521739130434783,0
37,6,0.35135135135135137,0.5945945945945946,0
18,0,0.7222222222222222,0.5,0
20,0,0.65,0.6,0
10,0,0.6,0.6,0
18,1,0.6666666666666666,0.5,0
37,7,0.40540540540540543,0.5675675675675675,1
37,11,0.35135135135135137,0.5945945945945946,1
20,1,0.55,0.45,1
47,9,0.2127659574468085,0.3191489361702128,1
47,8,0.2127659574468085,0.3191489361702128,1
30,10,0.3,0.4,0
13,3,0.7692307692307693,0.5384615384615384,1
24,5,0.5,0.5833333333333334,1
24,5,0.5,0.5416666666666666,1
13,5,0.6153846153846154,0.7692307692307693,1
10,5,0.4,0.9,0
10,5,0.4,0.9,0
10,5,0.4,0.9,0
10,5,0.4,0.9,0
12,6,0.5,1.0,1
11,5,0.5454545454545454,0.9090909090909091,1
16,4,0.625,0.6875,1
10,5,0.4,0.9,0
10,4,0.5,0.9,0
13,4,0.6923076923076923,0.9230769230769231,1
13,3,0.7692307692307693,1.0,1
7,3,0.5714285714285714,0.8571428571428571,1
8,3,0.625,0.875,1
11,5,0.5454545454545454,0.9090909090909091,1
11,5,0.5454545454545454,0.8181818181818182,1
7,2,0.7142857142857143,0.8571428571428571,1
11,4,0.6363636363636364,0.8181818181818182,1
11,3,0.7272727272727273,0.8181818181818182,1
4,-1,0.75,0.75,1
14,7,0.5,0.9285714285714286,1
10,5,0.4,0.9,0
10,4,0.5,0.9,0
10,3,0.6,0.9,0
11,3,0.7272727272727273,1.0,0
11,2,0.8181818181818182,1.0,0
11,0,1.0,1.0,0
13,0,1.0,1.0,0
14,0,1.0,1.0,0
23,0,1.0,1.0,0
24,0,1.0,1.0,0
25,0,1.0,1.0,0
26,0,1.0,1.0,0
37,0,1.0,1.0,0
38,0,1.0,1.0,0
40,0,1.0,1.0,0
5,1,0.8,1.0,0
8,4,0.5,1.0,0
11,2,0.7272727272727273,0.9090909090909091,0
4,1,0.75,1.0,0
7,2,0.7142857142857143,1.0,1
5,2,0.6,1.0,0
17,0,0.5294117647058824,0.29411764705882354,0
18,2,0.4444444444444444,0.5,1
10,0,0.5,0.4,0
13,0,0.6153846153846154,0.6153846153846154,1
13,1,0.6153846153846154,0.6153846153846154,1
13,1,0.6153846153846154,0.6153846153846154,1
13,0,0.6153846153846154,0.5384615384615384,1
10,1,0.6,0.7,1
13,4,0.5384615384615384,0.46153846153846156,1
3,1,0.6666666666666666,1.0,0
15,9,0.3333333333333333,0.8,0
13,3,0.6153846153846154,0.6153846153846154,0
13,4,0.6153846153846154,0.6153846153846154,0
20,3,0.65,0.65,1
19,3,0.631578947368421,0.3684210526315789,0
6,-1,0.5,0.3333333333333333,0
13,3,0.7692307692307693,0.6153846153846154,1
18,13,0.2777777777777778,0.6666666666666666,0
11,0,0.2727272727272727,0.18181818181818182,0
66,8,0.21212121212121213,0.30303030303030304,0
27,4,0.4074074074074074,0.37037037037037035,1
5,2,0.6,0.8,0
9,2,0.5555555555555556,0.4444444444444444,0
14,3,0.7142857142857143,0.5714285714285714,1
91,4,0.2857142857142857,0.21978021978021978,0
22,1,0.36363636363636365,0.36363636363636365,0
14,2,0.7857142857142857,0.5714285714285714,1
19,2,0.47368421052631576,0.5789473684210527,0
14,3,0.7142857142857143,0.5714285714285714,1
14,3,0.7142857142857143,0.5714285714285714,1
14,3,0.6428571428571429,0.5714285714285714,1
14,3,0.7142857142857143,0.6428571428571429,1
14,2,0.7857142857142857,0.5714285714285714,1
11,2,0.7272727272727273,0.5454545454545454,1
14,2,0.7857142857142857,0.5714285714285714,1
12,3,0.6666666666666666,0.5833333333333334,1
14,3,0.7142857142857143,0.5714285714285714,1
13,3,0.6923076923076923,0.6153846153846154,1
14,3,0.7142857142857143,0.5714285714285714,1
14,3,0.7142857142857143,0.6428571428571429,1
15,3,0.5333333333333333,0.6,1
15,3,0.5333333333333333,0.6,1
15,3,0.5333333333333333,0.6,1
14,4,0.6428571428571429,0.6428571428571429,1
13,4,0.6153846153846154,0.6923076923076923,1
14,4,0.6428571428571429,0.7142857142857143,1
14,5,0.5714285714285714,0.7857142857142857,1
14,3,0.7142857142857143,0.6428571428571429,1
19,4,0.47368421052631576,0.5263157894736842,1
12,3,0.5833333333333334,0.5833333333333334,1
2,0,0.5,0.5,0
18,0,0.4444444444444444,0.2222222222222222,0
23,2,0.5652173913043478,0.17391304347826086,1
37,7,0.3783783783783784,0.5405405405405406,1
4,0,0.25,0.25,0
4,0,0.5,0.5,0
12,2,0.3333333333333333,0.3333333333333333,0
5,0,0.6,0.6,0
20,0,0.15,0.15,1
67,2,0.29850746268656714,0.2537313432835821,0
82,9,0.25609756097560976,0.2926829268292683,1
20,1,0.45,0.3,0
20,6,0.4,0.25,1
20,3,0.45,0.4,0
21,3,0.42857142857142855,0.38095238095238093,0
22,3,0.4090909090909091,0.36363636363636365,0
19,6,0.42105263157894735,0.47368421052631576,0
20,-2,0.4,0.35,0
54,0,0.3333333333333333,0.3148148148148148,0
65,5,0.3076923076923077,0.38461538461538464,0
19,2,0.47368421052631576,0.2631578947368421,0
42,5,0.3333333333333333,0.2857142857142857,1
76,1,0.32894736842105265,0.32894736842105265,1
12,1,0.5,0.16666666666666666,0
20,10,0.4,0.8,0
38,7,0.13157894736842105,0.2631578947368421,1
38,5,0.15789473684210525,0.21052631578947367,1
38,6,0.15789473684210525,0.23684210526315788,1
38,8,0.13157894736842105,0.2894736842105263,0
38,7,0.13157894736842105,0.2631578947368421,1
38,6,0.13157894736842105,0.23684210526315788,1
38,7,0.13157894736842105,0.23684210526315788,1
20,-3,0.45,0.25,0
18,-1,0.5,0.3888888888888889,0
20,1,0.45,0.35,0
20,10,0.35,0.75,0
20,10,0.35,0.75,0
20,10,0.35,0.75,0
6,0,0.6666666666666666,0.6666666666666666,0
20,10,0.35,0.75,0
20,9,0.4,0.8,0
20,10,0.35,0.75,0
20,9,0.4,0.75,0
20,10,0.35,0.75,0
20,10,0.4,0.8,0
15,3,0.4666666666666667,0.5333333333333333,0
20,10,0.35,0.8,0
14,8,0.2857142857142857,0.8571428571428571,0
38,0,0.4473684210526316,0.21052631578947367,0
38,0,0.47368421052631576,0.21052631578947367,1
29,1,0.5517241379310345,0.3103448275862069,0
15,2,0.6666666666666666,0.5333333333333333,0
12,5,0.5,0.5833333333333334,1
15,5,0.3333333333333333,0.4,1
16,-2,0.5,0.4375,0
35,8,0.2571428571428571,0.42857142857142855,0
35,7,0.2857142857142857,0.45714285714285713,0
34,6,0.3235294117647059,0.35294117647058826,0
35,9,0.2571428571428571,0.4,0
35,10,0.2857142857142857,0.45714285714285713,0
35,10,0.2857142857142857,0.42857142857142855,0
35,10,0.2571428571428571,0.42857142857142855,0
35,10,0.2571428571428571,0.4,0
35,10,0.2571428571428571,0.4,0
35,10,0.2571428571428571,0.42857142857142855,1
35,8,0.2857142857142857,0.4,0
35,8,0.2571428571428571,0.4,1
35,8,0.2571428571428571,0.37142857142857144,0
35,9,0.2571428571428571,0.37142857142857144,1
34,8,0.2647058823529412,0.4117647058823529,0
35,10,0.22857142857142856,0.4,0
35,9,0.2571428571428571,0.4,1
34,10,0.2647058823529412,0.47058823529411764,1
12,4,0.6666666666666666,0.8333333333333334,1
11,6,0.45454545454545453,1.0,0
11,6,0.45454545454545453,0.9090909090909091,0
11,5,0.5454545454545454,0.7272727272727273,0
11,4,0.45454545454545453,0.6363636363636364,1
12,6,0.5,1.0,0
14,4,0.5714285714285714,0.5714285714285714,0
24,6,0.5833333333333334,0.7916666666666666,0
12,6,0.4166666666666667,0.9166666666666666,1
12,6,0.5,1.0,0
11,4,0.36363636363636365,0.6363636363636364,0
11,4,0.36363636363636365,0.5454545454545454,0
12,3,0.5833333333333334,0.5,1
12,4,0.4166666666666667,0.5,0
20,-1,0.35,0.45,0
20,0,0.35,0.55,0
20,-1,0.35,0.45,0
20,-1,0.35,0.4,0
20,0,0.35,0.5,0
10,2,0.3,0.4,1
14,7,0.5,0.7142857142857143,1
16,6,0.125,0.625,0
20,2,0.45,0.4,0
14,7,0.5,0.9285714285714286,1
25,8,0.52,0.8,0
14,7,0.5,0.9285714285714286,1
11,6,0.45454545454545453,1.0,0
11,4,0.5454545454545454,0.7272727272727273,1
22,8,0.5454545454545454,0.7272727272727273,1
14,7,0.2857142857142857,0.7142857142857143,1
9,4,0.5555555555555556,0.7777777777777778,0
18,9,0.4444444444444444,0.7777777777777778,0
30,8,0.4666666666666667,0.6,0
10,2,0.4,0.4,1
16,2,0.375,0.3125,0
35,-2,0.5714285714285714,0.17142857142857143,1
25,6,0.16,0.32,1
33,1,0.42424242424242425,0.3333333333333333,0
42,8,0.19047619047619047,0.30952380952380953,0
20,4,0.5,0.45,1
58,10,0.20689655172413793,0.2413793103448276,1
56,-1,0.2857142857142857,0.26785714285714285,0
56,-4,0.2857142857142857,0.26785714285714285,0
16,-2,0.375,0.375,0
15,1,0.4666666666666667,0.3333333333333333,1
28,-4,0.39285714285714285,0.17857142857142858,0
20,4,0.35,0.25,1
12,0,0.5,0.08333333333333333,0
64,5,0.59375,0.3125,1
18,-1,0.5,0.2777777777777778,0
36,3,0.3055555555555556,0.2222222222222222,0
43,5,0.3953488372093023,0.3023255813953488,1
34,5,0.35294117647058826,0.38235294117647056,1
15,3,0.13333333333333333,0.3333333333333333,0
12,0,0.5,0.25,0
12,-1,0.5833333333333334,0.4166666666666667,0
35,-3,0.4857142857142857,0.37142857142857144,0
28,6,0.4642857142857143,0.35714285714285715,1
43,4,0.27906976744186046,0.27906976744186046,0
24,6,0.5,0.4583333333333333,0
23,1,0.391304347826087,0.2608695652173913,0
28,12,0.21428571428571427,0.42857142857142855,0
28,12,0.21428571428571427,0.42857142857142855,0
2,0,1.0,0.5,0
60,5,0.6166666666666667,0.31666666666666665,1
60,4,0.55,0.3333333333333333,1
18,8,0.5,0.8333333333333334,0
61,3,0.5737704918032787,0.2786885245901639,1
16,2,0.5625,0.5625,0
13,2,0.38461538461538464,0.46153846153846156,0
36,11,0.19444444444444445,0.3888888888888889,0
32,9,0.46875,0.59375,0
32,10,0.375,0.59375,1
18,4,0.3333333333333333,0.3333333333333333,1
18,8,0.5,0.8333333333333334,0
18,4,0.2777777777777778,0.3888888888888889,0
20,0,0.55,0.35,0
18,9,0.3333333333333333,0.6666666666666666,0
2,0,1.0,0.5,0
20,-1,0.5,0.45,0
25,1,0.4,0.4,0
13,0,0.5384615384615384,0.38461538461538464,0
13,2,0.6153846153846154,0.38461538461538464,0
13,5,0.5384615384615384,0.3076923076923077,0
13,3,0.6153846153846154,0.38461538461538464,0
13,4,0.5384615384615384,0.3076923076923077,0
16,5,0.5625,0.5625,0
16,5,0.5625,0.5,0
16,6,0.5625,0.5625,0
16,5,0.625,0.5,0
12,6,0.5,0.6666666666666666,1
13,4,0.6153846153846154,0.46153846153846156,0
18,1,0.5555555555555556,0.4444444444444444,0
18,0,0.3888888888888889,0.2222222222222222,0
11,2,0.7272727272727273,0.45454545454545453,1
54,8,0.2962962962962963,0.2962962962962963,0
5,0,0.8,0.4,0
15,0,0.5333333333333333,0.4,0
25,2,0.52,0.48,1
51,9,0.5490196078431373,0.43137254901960786,1
51,9,0.5490196078431373,0.45098039215686275,1
5,1,0.8,0.4,0
8,1,0.5,0.25,0
15,0,0.4666666666666667,0.26666666666666666,0
20,1,0.45,0.35,0
50,2,0.34,0.12,1
83,6,0.3614457831325301,0.2891566265060241,0
83,6,0.3493975903614458,0.2891566265060241,0
83,7,0.3373493975903614,0.2891566265060241,0
97,5,0.422680412371134,0.38144329896907214,0
39,6,0.4358974358974359,0.38461538461538464,1
70,-3,0.37142857142857144,0.38571428571428573,0
72,-4,0.375,0.3888888888888889,0
72,-4,0.375,0.3888888888888889,0
72,-3,0.375,0.375,0
53,5,0.5660377358490566,0.37735849056603776,0
38,11,0.3684210526315789,0.3684210526315789,1
50,5,0.5,0.36,1
33,0,0.5454545454545454,0.30303030303030304,0
9,0,0.6666666666666666,0.4444444444444444,0
70,6,0.5285714285714286,0.32857142857142857,1
70,7,0.5428571428571428,0.32857142857142857,1
70,6,0.5285714285714286,0.32857142857142857,1
80,4,0.45,0.2875,0
70,5,0.45714285714285713,0.3,0
64,1,0.390625,0.234375,0
87,2,0.4367816091954023,0.22988505747126436,0
29,3,0.41379310344827586,0.2413793103448276,0
14,0,0.7142857142857143,0.42857142857142855,0
16,0,0.75,0.5,0
18,0,0.7222222222222222,0.4444444444444444,0
20,0,0.7,0.45,0
22,0,0.7272727272727273,0.45454545454545453,0
24,0,0.7083333333333334,0.4166666666666667,0
18,0,0.6111111111111112,0.3333333333333333,0
29,3,0.27586206896551724,0.1724137931034483,0
80,9,0.3625,0.2875,0
71,2,0.4084507042253521,0.23943661971830985,0
74,2,0.4594594594594595,0.32432432432432434,0
80,0,0.5,0.375,1
18,0,0.6666666666666666,0.2777777777777778,0
18,-1,0.6111111111111112,0.2777777777777778,0
84,2,0.23809523809523808,0.20238095238095238,0
84,2,0.2619047619047619,0.20238095238095238,0
95,3,0.4105263157894737,0.2736842105263158,0
19,-3,0.6842105263157895,0.2631578947368421,0
24,4,0.2916666666666667,0.2916666666666667,0
93,5,0.3978494623655914,0.43010752688172044,0
75,4,0.38666666666666666,0.32,0
48,2,0.375,0.3333333333333333,1
5,-1,0.4,0.0,0
15,0,0.5333333333333333,0.3333333333333333,0
15,0,0.6,0.4,0
15,1,0.5333333333333333,0.3333333333333333,0
6,-1,0.3333333333333333,0.0,0
15,0,0.5333333333333333,0.3333333333333333,0
7,-1,0.42857142857142855,0.14285714285714285,0
8,-1,0.5,0.25,0
9,-1,0.5555555555555556,0.3333333333333333,0
15,-2,0.5333333333333333,0.26666666666666666,0
10,-1,0.6,0.4,0
11,0,0.5454545454545454,0.45454545454545453,0
12,0,0.5833333333333334,0.4166666666666667,0
13,0,0.5384615384615384,0.38461538461538464,0
14,0,0.5714285714285714,0.35714285714285715,0
15,0,0.5333333333333333,0.3333333333333333,0
16,0,0.5,0.3125,0
18,0,0.5555555555555556,0.3333333333333333,0
20,0,0.5,0.3,0
25,0,0.48,0.28,0
15,0,0.6,0.3333333333333333,0
15,0,0.6,0.3333333333333333,0
15,0,0.6,0.3333333333333333,0
19,0,0.631578947368421,0.42105263157894735,1
95,8,0.4631578947368421,0.4,0
77,7,0.33766233766233766,0.3246753246753247,0
69,5,0.37681159420289856,0.3188405797101449,0
74,4,0.5,0.5,0
74,5,0.4864864864864865,0.5,0
44,-1,0.4318181818181818,0.3181818181818182,1
72,4,0.3472222222222222,0.3194444444444444,0
72,3,0.3472222222222222,0.3194444444444444,0
75,4,0.32,0.30666666666666664,0
11,-3,0.18181818181818182,0.09090909090909091,0
23,6,0.30434782608695654,0.391304347826087,1
57,7,0.3684210526315789,0.2807017543859649,1
57,7,0.3508771929824561,0.2631578947368421,1
92,3,0.391304347826087,0.358695652173913,0
10,0,0.6,0.3,0
66,1,0.3939393939393939,0.42424242424242425,0
61,-1,0.4098360655737705,0.47540983606557374,0
76,-1,0.3815789473684211,0.40789473684210525,0
53,2,0.2641509433962264,0.24528301886792453,0
71,0,0.38028169014084506,0.4647887323943662,0
71,-2,0.4225352112676056,0.4225352112676056,0
65,-4,0.4,0.47692307692307695,0
68,0,0.4117647058823529,0.4117647058823529,0
68,0,0.4117647058823529,0.4117647058823529,1
69,-2,0.42028985507246375,0.3333333333333333,0
75,-3,0.4,0.41333333333333333,1
71,-1,0.38028169014084506,0.3380281690140845,0
63,3,0.36507936507936506,0.36507936507936506,0
71,-3,0.4084507042253521,0.4084507042253521,0
75,-1,0.4,0.4533333333333333,0
71,-1,0.4084507042253521,0.38028169014084506,0
61,-1,0.4262295081967213,0.4918032786885246,0
74,-2,0.4189189189189189,0.3918918918918919,0
63,1,0.3492063492063492,0.3968253968253968,0
70,-3,0.44285714285714284,0.4714285714285714,0
86,0,0.43023255813953487,0.36046511627906974,0
64,-4,0.40625,0.46875,0
61,-2,0.39344262295081966,0.4426229508196721,0
71,0,0.4084507042253521,0.39436619718309857,0
80,-8,0.45,0.4375,0
63,-4,0.4126984126984127,0.47619047619047616,0
70,-3,0.42857142857142855,0.45714285714285713,0
71,-2,0.4084507042253521,0.4788732394366197,0
71,1,0.39436619718309857,0.4647887323943662,1
64,0,0.4375,0.515625,0
57,-1,0.40350877192982454,0.47368421052631576,0
64,-1,0.40625,0.484375,0
64,-1,0.390625,0.46875,0
61,-1,0.4098360655737705,0.39344262295081966,1
86,0,0.43023255813953487,0.36046511627906974,0
69,-1,0.43478260869565216,0.36231884057971014,0
62,0,0.3387096774193548,0.3548387096774194,0
66,2,0.3939393939393939,0.42424242424242425,0
63,-4,0.3968253968253968,0.4444444444444444,0
63,1,0.3492063492063492,0.3333333333333333,0
67,-1,0.40298507462686567,0.44776119402985076,0
70,-2,0.42857142857142855,0.44285714285714284,0
70,-1,0.4,0.42857142857142855,0
76,3,0.42105263157894735,0.4342105263157895,0
76,3,0.42105263157894735,0.42105263157894735,0
76,3,0.40789473684210525,0.40789473684210525,0
69,2,0.42028985507246375,0.36231884057971014,0
71,-1,0.4084507042253521,0.39436619718309857,0
71,-1,0.4084507042253521,0.39436619718309857,0
71,-1,0.39436619718309857,0.39436619718309857,0
71,-1,0.4084507042253521,0.39436619718309857,0
71,-2,0.43661971830985913,0.38028169014084506,0
71,-5,0.352112676056338,0.323943661971831,0
72,-2,0.3888888888888889,0.4027777777777778,0
69,1,0.42028985507246375,0.4927536231884058,0
69,1,0.4057971014492754,0.4782608695652174,0
75,-2,0.4266666666666667,0.4,1
76,3,0.42105263157894735,0.42105263157894735,0
75,-1,0.4,0.4266666666666667,0
69,-1,0.43478260869565216,0.34782608695652173,0
63,-1,0.36507936507936506,0.36507936507936506,0
61,-3,0.4262295081967213,0.3442622950819672,0
66,-2,0.36363636363636365,0.3787878787878788,0
66,-1,0.36363636363636365,0.3939393939393939,0
66,-2,0.3484848484848485,0.3787878787878788,0
72,0,0.4027777777777778,0.4027777777777778,0
64,1,0.40625,0.46875,0
69,-3,0.43478260869565216,0.3333333333333333,0
61,-4,0.36065573770491804,0.36065573770491804,1
69,-1,0.4492753623188406,0.3333333333333333,0
61,-2,0.39344262295081966,0.4262295081967213,0
69,-2,0.43478260869565216,0.3333333333333333,0
69,-2,0.42028985507246375,0.3188405797101449,0
69,-1,0.4492753623188406,0.3333333333333333,0
76,4,0.40789473684210525,0.40789473684210525,0
61,-3,0.3442622950819672,0.36065573770491804,0
66,5,0.36363636363636365,0.4090909090909091,0
74,-1,0.40540540540540543,0.3783783783783784,0
74,-1,0.4189189189189189,0.3918918918918919,0
70,-1,0.42857142857142855,0.38571428571428573,0
74,-2,0.40540540540540543,0.36486486486486486,0
74,-2,0.40540540540540543,0.35135135135135137,0
74,-2,0.40540540540540543,0.36486486486486486,0
74,-1,0.40540540540540543,0.3783783783783784,0
72,-1,0.4027777777777778,0.3888888888888889,0
74,-2,0.3783783783783784,0.3783783783783784,0
71,0,0.36619718309859156,0.43661971830985913,0
71,-1,0.39436619718309857,0.4084507042253521,0
73,-1,0.3972602739726027,0.3835616438356164,0
74,-3,0.36486486486486486,0.36486486486486486,0
74,-1,0.3783783783783784,0.40540540540540543,0
87,1,0.45977011494252873,0.28735632183908044,0
93,-2,0.40860215053763443,0.41935483870967744,0
43,7,0.5116279069767442,0.46511627906976744,1
44,7,0.5681818181818182,0.45454545454545453,1
44,7,0.5681818181818182,0.45454545454545453,1
43,7,0.4883720930232558,0.46511627906976744,1
31,5,0.45161290322580644,0.3870967741935484,1
30,4,0.5666666666666667,0.3333333333333333,1
31,4,0.5483870967741935,0.3548387096774194,1
50,2,0.18,0.18,1
56,-4,0.30357142857142855,0.16071428571428573,1
31,4,0.5161290322580645,0.3548387096774194,1
90,1,0.4666666666666667,0.3888888888888889,0
19,10,0.3684210526315789,0.8421052631578947,0
99,1,0.3939393939393939,0.24242424242424243,0
87,12,0.28735632183908044,0.1724137931034483,0
81,12,0.4074074074074074,0.32098765432098764,0
46,3,0.5217391304347826,0.2826086956521739,1
15,-1,0.3333333333333333,0.13333333333333333,0
12,5,0.16666666666666666,0.3333333333333333,0
21,4,0.47619047619047616,0.42857142857142855,1
9,0,0.6666666666666666,0.4444444444444444,0
60,7,0.2833333333333333,0.26666666666666666,0
9,0,0.6666666666666666,0.5555555555555556,0
12,3,0.6666666666666666,0.5,0
12,4,0.5833333333333334,0.5833333333333334,0
12,4,0.5833333333333334,0.5,0
12,4,0.5833333333333334,0.6666666666666666,0
10,1,0.6,0.6,0
12,4,0.5833333333333334,0.5833333333333334,0
12,4,0.5833333333333334,0.5833333333333334,0
12,4,0.6666666666666666,0.5833333333333334,0
12,4,0.5833333333333334,0.75,0
10,0,0.5,0.6,0
10,1,0.5,0.5,0
9,-1,0.7777777777777778,0.4444444444444444,0
10,0,0.6,0.4,0
10,1,0.6,0.4,0
9,1,0.7777777777777778,0.5555555555555556,0
12,4,0.5833333333333334,0.5833333333333334,0
6,0,0.6666666666666666,0.5,0
9,0,0.6666666666666666,0.4444444444444444,0
10,3,0.4,0.5,0
7,0,0.7142857142857143,0.5714285714285714,0
9,0,0.6666666666666666,0.4444444444444444,0
8,0,0.75,0.625,0
9,0,0.7777777777777778,0.5555555555555556,0
9,0,0.6666666666666666,0.5555555555555556,0
10,1,0.6,0.5,0
11,2,0.5454545454545454,0.6363636363636364,0
12,4,0.5833333333333334,0.5,0
91,2,0.4065934065934066,0.4175824175824176,0
95,3,0.4631578947368421,0.29473684210526313,0
60,3,0.3333333333333333,0.16666666666666666,0
59,4,0.288135593220339,0.22033898305084745,0
87,0,0.3793103448275862,0.26436781609195403,0
71,2,0.38028169014084506,0.30985915492957744,0
20,9,0.25,0.45,0
93,0,0.46236559139784944,0.3118279569892473,0
95,7,0.5157894736842106,0.3684210526315789,0
60,7,0.2,0.15,0
90,2,0.4222222222222222,0.2222222222222222,0
94,6,0.39361702127659576,0.2872340425531915,0
94,11,0.39361702127659576,0.2978723404255319,0
83,9,0.40963855421686746,0.37349397590361444,0
97,4,0.4329896907216495,0.25773195876288657,0
79,4,0.5189873417721519,0.24050632911392406,0
86,0,0.3953488372093023,0.32558139534883723,0
94,9,0.39361702127659576,0.40425531914893614,0
76,5,0.39473684210526316,0.32894736842105265,0
63,5,0.42857142857142855,0.4126984126984127,0
73,12,0.3835616438356164,0.3287671232876712,0
66,7,0.21212121212121213,0.2727272727272727,0
22,4,0.6363636363636364,0.5909090909090909,0
88,2,0.4318181818181818,0.42045454545454547,0
86,8,0.37209302325581395,0.313953488372093,0
84,11,0.4166666666666667,0.4523809523809524,0
61,4,0.36065573770491804,0.3442622950819672,0
83,7,0.3855421686746988,0.3132530120481928,0
93,3,0.44086021505376344,0.3118279569892473,0
81,4,0.41975308641975306,0.2962962962962963,0
57,7,0.38596491228070173,0.3333333333333333,0
55,9,0.4,0.2727272727272727,1
54,2,0.46296296296296297,0.2777777777777778,0
67,3,0.3880597014925373,0.34328358208955223,0
80,-2,0.425,0.2625,0
88,-2,0.42045454545454547,0.2727272727272727,0
80,-1,0.4,0.25,0
87,0,0.39080459770114945,0.25287356321839083,0
93,5,0.34408602150537637,0.25806451612903225,0
88,-8,0.42045454545454547,0.18181818181818182,0
95,5,0.3263157894736842,0.23157894736842105,0
30,6,0.4,0.36666666666666664,1
87,-4,0.3563218390804598,0.27586206896551724,0
41,-7,0.4146341463414634,0.24390243902439024,0
93,-1,0.3655913978494624,0.3010752688172043,0
95,-5,0.35789473684210527,0.25263157894736843,0
40,12,0.3,0.5,0
29,5,0.5172413793103449,0.41379310344827586,0
91,2,0.46153846153846156,0.45054945054945056,0
44,6,0.5,0.3409090909090909,1
52,4,0.40384615384615385,0.34615384615384615,1
94,2,0.425531914893617,0.3723404255319149,0
96,0,0.3958333333333333,0.3958333333333333,0
71,0,0.2535211267605634,0.23943661971830985,0
10,3,0.4,0.6,0
11,2,0.8181818181818182,0.8181818181818182,0
86,12,0.32558139534883723,0.37209302325581395,0
38,0,0.42105263157894735,0.23684210526315788,0
57,8,0.5087719298245614,0.45614035087719296,0
9,6,0.3333333333333333,0.8888888888888888,0
89,-2,0.4157303370786517,0.3707865168539326,1
93,4,0.43010752688172044,0.3763440860215054,1
76,1,0.40789473684210525,0.42105263157894735,0
76,3,0.40789473684210525,0.4342105263157895,0
76,4,0.3815789473684211,0.42105263157894735,0
96,2,0.3854166666666667,0.3541666666666667,0
96,4,0.3854166666666667,0.34375,0
94,3,0.44680851063829785,0.3829787234042553,0
69,5,0.4782608695652174,0.2753623188405797,0
58,-2,0.39655172413793105,0.25862068965517243,0
72,3,0.4027777777777778,0.3055555555555556,0
25,4,0.48,0.48,1
86,0,0.4186046511627907,0.26744186046511625,0
34,4,0.4411764705882353,0.35294117647058826,1
69,0,0.36231884057971014,0.2753623188405797,0
63,6,0.5079365079365079,0.3333333333333333,1
63,6,0.49206349206349204,0.3333333333333333,0
15,1,0.5333333333333333,0.4,0
15,1,0.5333333333333333,0.4666666666666667,0
15,-1,0.5333333333333333,0.3333333333333333,0
57,8,0.38596491228070173,0.40350877192982454,1
17,3,0.5294117647058824,0.47058823529411764,1
62,-2,0.3387096774193548,0.14516129032258066,1
55,8,0.36363636363636365,0.36363636363636365,0
46,3,0.32608695652173914,0.30434782608695654,1
88,1,0.4090909090909091,0.29545454545454547,0
73,9,0.2328767123287671,0.2465753424657534,0
32,1,0.28125,0.28125,1
20,-2,0.25,0.25,0
80,8,0.325,0.3375,0
13,1,0.38461538461538464,0.38461538461538464,0
21,9,0.09523809523809523,0.42857142857142855,0
32,17,0.09375,0.53125,0
14,3,0.42857142857142855,0.42857142857142855,0
32,20,0.09375,0.625,0
79,5,0.45569620253164556,0.25316455696202533,1
79,5,0.45569620253164556,0.25316455696202533,1
79,5,0.4430379746835443,0.25316455696202533,1
79,5,0.4430379746835443,0.25316455696202533,1
80,5,0.45,0.2375,1
88,1,0.45454545454545453,0.4090909090909091,0
95,8,0.4842105263157895,0.30526315789473685,0
85,4,0.4117647058823529,0.32941176470588235,0
22,1,0.5,0.5454545454545454,0
22,2,0.5,0.5454545454545454,1
22,2,0.5,0.5,0
74,1,0.35135135135135137,0.3918918918918919,1
69,1,0.37681159420289856,0.2898550724637681,0
44,0,0.5,0.29545454545454547,1
44,0,0.5,0.29545454545454547,1
50,-4,0.56,0.22,0
72,0,0.3888888888888889,0.2638888888888889,0
91,2,0.4835164835164835,0.3626373626373626,0
96,-1,0.5104166666666666,0.3645833333333333,0
95,-9,0.3368421052631579,0.2631578947368421,0
94,4,0.43617021276595747,0.39361702127659576,0
37,1,0.2702702702702703,0.2702702702702703,0
93,3,0.3655913978494624,0.40860215053763443,0
25,3,0.48,0.36,0
62,9,0.43548387096774194,0.4032258064516129,0
64,7,0.390625,0.421875,0
64,7,0.453125,0.40625,1
27,5,0.3333333333333333,0.4074074074074074,1
80,10,0.475,0.3125,1
27,4,0.4444444444444444,0.3333333333333333,0
27,3,0.48148148148148145,0.2962962962962963,0
64,15,0.359375,0.375,0
62,12,0.3548387096774194,0.3709677419354839,0
62,12,0.3387096774193548,0.41935483870967744,0
83,5,0.40963855421686746,0.3493975903614458,0
81,14,0.37037037037037035,0.3950617283950617,0
91,2,0.4835164835164835,0.3626373626373626,0
74,9,0.3783783783783784,0.24324324324324326,0
87,7,0.4482758620689655,0.4367816091954023,0
64,4,0.34375,0.328125,0
63,4,0.31746031746031744,0.30158730158730157,0
69,6,0.4057971014492754,0.391304347826087,0
64,5,0.28125,0.234375,0
14,2,0.5,0.5,0
79,6,0.35443037974683544,0.2911392405063291,0
20,-1,0.35,0.15,0
88,-1,0.4431818181818182,0.18181818181818182,0
87,-4,0.4367816091954023,0.22988505747126436,0
7,0,0.2857142857142857,0.14285714285714285,1
7,1,0.2857142857142857,0.14285714285714285,1
94,1,0.3723404255319149,0.35106382978723405,0
94,1,0.3723404255319149,0.3404255319148936,0
71,9,0.43661971830985913,0.4225352112676056,0
94,3,0.3829787234042553,0.30851063829787234,0
91,-2,0.3626373626373626,0.2857142857142857,0
96,-3,0.34375,0.2708333333333333,0
92,5,0.45652173913043476,0.44565217391304346,0
44,0,0.4772727272727273,0.29545454545454547,1
44,0,0.4772727272727273,0.29545454545454547,1
48,4,0.3541666666666667,0.2708333333333333,1
76,1,0.5921052631578947,0.32894736842105265,0
94,-2,0.5,0.2978723404255319,0
58,6,0.29310344827586204,0.27586206896551724,0
94,3,0.44680851063829785,0.35106382978723405,0
51,8,0.5490196078431373,0.39215686274509803,1
69,4,0.42028985507246375,0.2753623188405797,1
46,2,0.34782608695652173,0.21739130434782608,1
46,2,0.34782608695652173,0.21739130434782608,1
91,7,0.32967032967032966,0.23076923076923078,1
99,5,0.48484848484848486,0.2828282828282828,1
46,2,0.34782608695652173,0.21739130434782608,0
51,0,0.3333333333333333,0.29411764705882354,0
5,0,0.4,0.2,0
40,4,0.325,0.35,0
40,4,0.325,0.35,0
40,4,0.3,0.35,0
40,4,0.3,0.35,0
40,4,0.325,0.325,1
46,1,0.32608695652173914,0.17391304347826086,1
46,1,0.30434782608695654,0.21739130434782608,1
64,9,0.25,0.28125,0
95,8,0.45263157894736844,0.37894736842105264,0
20,-3,0.35,0.35,0
21,-3,0.38095238095238093,0.38095238095238093,0
22,-2,0.36363636363636365,0.4090909090909091,0
23,-1,0.34782608695652173,0.43478260869565216,0
24,-1,0.3333333333333333,0.4166666666666667,0
25,-2,0.32,0.4,0
26,-3,0.3076923076923077,0.38461538461538464,0
27,-3,0.2962962962962963,0.37037037037037035,0
28,-3,0.2857142857142857,0.35714285714285715,0
29,-2,0.27586206896551724,0.3793103448275862,0
30,-1,0.26666666666666666,0.4,0
31,-1,0.25806451612903225,0.3870967741935484,0
32,-2,0.25,0.375,0
33,-1,0.24242424242424243,0.3939393939393939,0
34,-2,0.23529411764705882,0.38235294117647056,0
35,-2,0.2571428571428571,0.4,0
36,-1,0.25,0.4166666666666667,0
28,-1,0.2857142857142857,0.35714285714285715,0
31,-1,0.25806451612903225,0.3548387096774194,0
31,-2,0.3225806451612903,0.3870967741935484,0
38,-2,0.6052631578947368,0.2631578947368421,0
36,1,0.4722222222222222,0.2777777777777778,0
61,4,0.32786885245901637,0.29508196721311475,1
57,9,0.22807017543859648,0.2631578947368421,0
22,-1,0.45454545454545453,0.3181818181818182,1
70,2,0.44285714285714284,0.2714285714285714,0
71,1,0.4507042253521127,0.2535211267605634,0
44,11,0.25,0.29545454545454547,1
89,2,0.43820224719101125,0.4044943820224719,0
22,7,0.45454545454545453,0.5,0
37,8,0.4864864864864865,0.40540540540540543,0
60,0,0.48333333333333334,0.35,0
22,7,0.45454545454545453,0.5,0
92,-4,0.5,0.33695652173913043,0
91,0,0.45054945054945056,0.3516483516483517,0
92,7,0.4891304347826087,0.33695652173913043,0
44,4,0.5909090909090909,0.36363636363636365,1
77,11,0.4155844155844156,0.4025974025974026,0
27,4,0.48148148148148145,0.3333333333333333,0
18,2,0.4444444444444444,0.3888888888888889,0
19,2,0.47368421052631576,0.42105263157894735,0
27,2,0.6296296296296297,0.2222222222222222,0
27,5,0.4444444444444444,0.37037037037037035,0
27,5,0.5185185185185185,0.37037037037037035,0
13,-1,0.38461538461538464,0.15384615384615385,0
85,-1,0.4588235294117647,0.3411764705882353,0
96,3,0.40625,0.375,0
85,0,0.4470588235294118,0.3764705882352941,0
88,15,0.4318181818181818,0.4431818181818182,0
20,0,0.45,0.25,0
67,0,0.3582089552238806,0.2537313432835821,0
87,0,0.45977011494252873,0.3793103448275862,0
87,-1,0.4482758620689655,0.40229885057471265,0
87,1,0.4367816091954023,0.367816091954023,0
91,5,0.4725274725274725,0.38461538461538464,0
34,5,0.47058823529411764,0.47058823529411764,0
18,3,0.3888888888888889,0.3333333333333333,0
18,2,0.2222222222222222,0.2777777777777778,0
13,5,0.46153846153846156,0.38461538461538464,1
55,6,0.32727272727272727,0.10909090909090909,1
20,2,0.45,0.3,0
57,0,0.21052631578947367,0.08771929824561403,0
24,1,0.20833333333333334,0.125,1
64,-3,0.4375,0.421875,0
54,6,0.2222222222222222,0.37037037037037035,0
35,-4,0.37142857142857144,0.37142857142857144,0
39,-1,0.41025641025641024,0.3076923076923077,0
10,-1,0.5,0.4,0
53,7,0.24528301886792453,0.24528301886792453,0
51,1,0.19607843137254902,0.17647058823529413,1
58,7,0.20689655172413793,0.25862068965517243,0
26,-4,0.11538461538461539,0.11538461538461539,0
35,6,0.22857142857142856,0.34285714285714286,1
55,0,0.3090909090909091,0.2545454545454545,0
55,2,0.23636363636363636,0.21818181818181817,0
41,1,0.3170731707317073,0.34146341463414637,1
14,1,0.5714285714285714,0.6428571428571429,1
14,2,0.5714285714285714,0.5714285714285714,1
14,2,0.5714285714285714,0.5714285714285714,1
35,-3,0.4,0.34285714285714286,0
45,-2,0.37777777777777777,0.3111111111111111,0
30,6,0.3,0.3333333333333333,0
30,6,0.3,0.36666666666666664,0
11,-1,0.2727272727272727,0.09090909090909091,0
36,0,0.4166666666666667,0.16666666666666666,1
38,0,0.34210526315789475,0.23684210526315788,0
23,0,0.391304347826087,0.4782608695652174,0
22,3,0.4090909090909091,0.4090909090909091,0
24,1,0.375,0.4166666666666667,0
26,4,0.38461538461538464,0.4230769230769231,1
24,1,0.375,0.2916666666666667,0
24,4,0.375,0.4166666666666667,0
24,5,0.4166666666666667,0.625,0
17,5,0.47058823529411764,0.29411764705882354,0
17,5,0.47058823529411764,0.29411764705882354,0
6,0,0.6666666666666666,0.5,0
9,-2,0.4444444444444444,0.2222222222222222,0
12,2,0.08333333333333333,0.0,0
30,10,0.3,0.4,0
38,12,0.18421052631578946,0.2894736842105263,0
20,-1,0.35,0.1,0
46,1,0.30434782608695654,0.2391304347826087,0
34,1,0.4117647058823529,0.2647058823529412,0
37,4,0.43243243243243246,0.3783783783783784,1
41,9,0.24390243902439024,0.2926829268292683,1
6,0,0.6666666666666666,0.5,0
14,2,0.5714285714285714,0.6428571428571429,1
18,1,0.5,0.4444444444444444,0
72,3,0.3333333333333333,0.3611111111111111,0
72,1,0.3194444444444444,0.3194444444444444,0
9,0,0.2222222222222222,0.2222222222222222,1
33,-2,0.36363636363636365,0.30303030303030304,0
11,2,0.45454545454545453,0.5454545454545454,0
17,3,0.5882352941176471,0.5294117647058824,1
14,3,0.5,0.5714285714285714,1
84,10,0.2619047619047619,0.2261904761904762,1
35,-2,0.45714285714285713,0.2857142857142857,1
35,-2,0.42857142857142855,0.2571428571428571,1
20,3,0.5,0.55,0
55,2,0.2727272727272727,0.23636363636363636,0
44,4,0.29545454545454547,0.18181818181818182,0
8,1,0.625,0.5,0
48,4,0.4375,0.1875,0
15,6,0.4666666666666667,0.6666666666666666,0
83,4,0.3253012048192771,0.3614457831325301,1
49,5,0.22448979591836735,0.20408163265306123,1
49,6,0.22448979591836735,0.20408163265306123,0
18,2,0.4444444444444444,0.5,1
80,1,0.3125,0.25,0
65,10,0.18461538461538463,0.26153846153846155,0
12,4,0.5,0.5,0
18,-1,0.4444444444444444,0.2777777777777778,0
36,8,0.3333333333333333,0.5,0
25,5,0.4,0.48,1
43,5,0.3023255813953488,0.3023255813953488,1
55,3,0.2909090909090909,0.2545454545454545,0
55,0,0.2909090909090909,0.14545454545454545,0
55,0,0.23636363636363636,0.14545454545454545,0
67,8,0.31343283582089554,0.2835820895522388,0
61,1,0.22950819672131148,0.11475409836065574,0
55,8,0.23636363636363636,0.3090909090909091,0
20,0,0.4,0.2,0
41,4,0.24390243902439024,0.1951219512195122,1
44,2,0.38636363636363635,0.22727272727272727,0
88,-2,0.32954545454545453,0.3181818181818182,1
33,6,0.42424242424242425,0.48484848484848486,0
23,3,0.391304347826087,0.13043478260869565,1
79,8,0.45569620253164556,0.22784810126582278,1
38,7,0.2631578947368421,0.3684210526315789,1
36,7,0.2777777777777778,0.2777777777777778,1
36,7,0.2777777777777778,0.2777777777777778,1
38,9,0.2631578947368421,0.3157894736842105,1
14,1,0.42857142857142855,0.5,0
3,0,0.3333333333333333,0.3333333333333333,0
46,-1,0.43478260869565216,0.34782608695652173,0
20,-2,0.35,0.35,0
35,0,0.3142857142857143,0.34285714285714286,0
5,-1,0.2,0.0,0
20,6,0.35,0.55,0
11,1,0.45454545454545453,0.5454545454545454,0
68,0,0.25,0.11764705882352941,0
8,5,0.25,0.625,0
9,-1,0.3333333333333333,0.2222222222222222,1
48,3,0.4166666666666667,0.1875,1
50,6,0.48,0.2,1
27,2,0.37037037037037035,0.1111111111111111,1
62,4,0.3870967741935484,0.16129032258064516,1
62,4,0.3870967741935484,0.16129032258064516,1
32,2,0.53125,0.1875,1
46,9,0.2826086956521739,0.4782608695652174,1
15,0,0.26666666666666666,0.4,0
56,-1,0.23214285714285715,0.19642857142857142,0
46,3,0.2608695652173913,0.2826086956521739,0
46,3,0.2391304347826087,0.1956521739130435,0
45,3,0.2,0.24444444444444444,0
100,6,0.2,0.18,0
64,5,0.3125,0.3125,0
64,7,0.3125,0.3125,0
8,1,0.125,0.25,0
57,8,0.19298245614035087,0.2807017543859649,0
26,-1,0.46153846153846156,0.2692307692307692,0
6,1,0.6666666666666666,0.5,0
18,1,0.5,0.3333333333333333,0
20,1,0.35,0.25,0
65,8,0.26153846153846155,0.3384615384615385,0
54,9,0.25925925925925924,0.3148148148148148,0
20,2,0.35,0.35,0
36,-5,0.4444444444444444,0.3888888888888889,0
40,-5,0.4,0.35,0
40,-4,0.4,0.375,0
15,5,0.5333333333333333,0.6,1
15,5,0.5333333333333333,0.6,1
15,5,0.5333333333333333,0.5333333333333333,1
16,3,0.5,0.5,1
26,4,0.5769230769230769,0.38461538461538464,1
25,1,0.52,0.36,1
43,6,0.27906976744186046,0.3023255813953488,1
43,5,0.3023255813953488,0.2558139534883721,1
43,6,0.27906976744186046,0.27906976744186046,1
7,0,0.14285714285714285,0.0,0
10,3,0.1,0.3,0
10,2,0.2,0.2,0
10,4,0.1,0.4,0
7,3,0.2857142857142857,0.42857142857142855,0
8,3,0.25,0.375,0
9,3,0.2222222222222222,0.3333333333333333,0
10,3,0.2,0.3,0
18,0,0.6111111111111112,0.3888888888888889,0
18,-1,0.6666666666666666,0.05555555555555555,1
18,6,0.5555555555555556,0.3888888888888889,0
18,6,0.6111111111111112,0.4444444444444444,0
22,3,0.45454545454545453,0.4090909090909091,0
8,-2,0.125,0.0,0
20,4,0.2,0.3,1
17,4,0.23529411764705882,0.47058823529411764,1
18,5,0.6666666666666666,0.3888888888888889,0
18,6,0.6111111111111112,0.4444444444444444,0
18,6,0.6111111111111112,0.4444444444444444,0
18,6,0.6111111111111112,0.2777777777777778,0
18,6,0.6111111111111112,0.2222222222222222,0
18,6,0.6111111111111112,0.3888888888888889,0
18,6,0.6111111111111112,0.4444444444444444,0
18,7,0.5555555555555556,0.5,0
18,6,0.6111111111111112,0.4444444444444444,0
18,7,0.5555555555555556,0.5,0
18,6,0.6111111111111112,0.2777777777777778,0
18,6,0.6111111111111112,0.4444444444444444,0
18,6,0.6111111111111112,0.4444444444444444,0
18,8,0.5,0.5,0
18,7,0.5555555555555556,0.4444444444444444,0
20,1,0.3,0.3,1
30,3,0.26666666666666666,0.4,0
30,4,0.26666666666666666,0.4,0
20,-5,0.55,0.25,0
19,5,0.2631578947368421,0.3157894736842105,1
17,5,0.23529411764705882,0.35294117647058826,0
46,5,0.17391304347826086,0.21739130434782608,1
20,0,0.35,0.2,1
22,1,0.45454545454545453,0.36363636363636365,0
15,-1,0.06666666666666667,0.26666666666666666,1
39,-5,0.3333333333333333,0.23076923076923078,0
53,7,0.32075471698113206,0.2641509433962264,0
6,-1,0.6666666666666666,0.3333333333333333,0
2,0,0.5,0.5,0
18,0,0.5555555555555556,0.3888888888888889,0
9,0,0.4444444444444444,0.2222222222222222,0
8,2,0.5,0.625,1
7,0,0.5714285714285714,0.5714285714285714,0
7,0,0.5714285714285714,0.42857142857142855,0
8,3,0.5,0.875,0
6,-1,0.6666666666666666,0.5,0
6,0,0.8333333333333334,0.5,0
6,1,0.6666666666666666,0.6666666666666666,0
6,0,0.8333333333333334,0.5,0
9,4,0.4444444444444444,0.7777777777777778,0
18,8,0.4444444444444444,0.7777777777777778,0
19,8,0.42105263157894735,0.7368421052631579,0
22,12,0.36363636363636365,0.8181818181818182,0
31,-3,0.25806451612903225,0.1935483870967742,0
52,5,0.25,0.28846153846153844,1
20,4,0.35,0.45,0
15,0,0.3333333333333333,0.3333333333333333,0
6,0,0.5,0.3333333333333333,0
9,0,0.5555555555555556,0.2222222222222222,0
5,1,0.0,0.0,0
2,0,0.5,0.5,0
7,0,0.7142857142857143,0.5714285714285714,0
7,0,0.7142857142857143,0.5714285714285714,0
7,0,0.5714285714285714,0.42857142857142855,0
40,8,0.375,0.4,1
12,8,0.25,0.9166666666666666,0
35,-3,0.4,0.4,0
18,3,0.2222222222222222,0.16666666666666666,0
60,-5,0.35,0.3333333333333333,0
62,-5,0.3548387096774194,0.3387096774193548,0
19,5,0.5789473684210527,0.6842105263157895,0
51,8,0.47058823529411764,0.37254901960784315,0
20,9,0.45,0.65,0
37,11,0.2702702702702703,0.3783783783783784,0
32,13,0.21875,0.5,0
18,6,0.4444444444444444,0.6111111111111112,0
13,2,0.15384615384615385,0.3076923076923077,1
66,13,0.3333333333333333,0.30303030303030304,1
69,14,0.3333333333333333,0.30434782608695654,1
12,2,0.5833333333333334,0.75,1
11,0,0.36363636363636365,0.2727272727272727,0
35,8,0.2571428571428571,0.42857142857142855,1
8,0,0.625,0.375,0
19,5,0.631578947368421,0.5263157894736842,0
20,9,0.45,0.7,0
35,-5,0.37142857142857144,0.34285714285714286,0
20,0,0.25,0.15,1
20,-1,0.45,0.05,0
18,-1,0.3888888888888889,0.2777777777777778,0
25,-1,0.44,0.24,0
20,-1,0.2,0.15,0
7,0,0.5714285714285714,0.42857142857142855,0
82,6,0.5,0.35365853658536583,1
26,4,0.15384615384615385,0.23076923076923078,0
26,3,0.07692307692307693,0.11538461538461539,0
26,4,0.6538461538461539,0.5,1
10,0,0.6,0.4,0
10,0,0.5,0.4,0
35,-4,0.4,0.37142857142857144,0
15,0,0.26666666666666666,0.26666666666666666,0
5,-2,0.0,0.0,0
35,4,0.45714285714285713,0.42857142857142855,1
12,5,0.25,0.5833333333333334,0
20,-2,0.35,0.05,0
35,0,0.2,0.0,1
42,-1,0.3333333333333333,0.2619047619047619,0
20,-1,0.15,0.25,0
20,4,0.55,0.55,0
20,4,0.55,0.55,0
20,3,0.7,0.5,0
20,4,0.55,0.55,0
20,4,0.55,0.6,0
20,5,0.6,0.6,0
19,-1,0.21052631578947367,0.3157894736842105,0
2,1,0.0,0.5,0
12,0,0.5833333333333334,0.3333333333333333,0
26,5,0.038461538461538464,0.19230769230769232,0
10,5,0.1,0.6,1
12,0,0.5833333333333334,0.4166666666666667,0
12,0,0.5833333333333334,0.4166666666666667,0
12,-1,0.6666666666666666,0.3333333333333333,0
12,0,0.5833333333333334,0.3333333333333333,0
12,0,0.5833333333333334,0.4166666666666667,0
12,0,0.5833333333333334,0.4166666666666667,0
14,2,0.21428571428571427,0.2857142857142857,0
14,7,0.07142857142857142,0.5714285714285714,1
16,0,0.25,0.1875,0
88,0,0.3977272727272727,0.3068181818181818,1
10,1,0.2,0.3,0
12,0,0.08333333333333333,0.16666666666666666,0
16,1,0.4375,0.1875,1
20,-1,0.25,0.2,0
21,1,0.47619047619047616,0.3333333333333333,0
7,0,0.42857142857142855,0.42857142857142855,0
20,0,0.35,0.15,0
20,-1,0.4,0.3,0
18,-2,0.3888888888888889,0.16666666666666666,0
44,-1,0.1590909090909091,0.18181818181818182,0
19,-3,0.3157894736842105,0.05263157894736842,1
20,5,0.55,0.4,1
8,0,0.5,0.375,0
10,-1,0.4,0.4,0
37,2,0.5135135135135135,0.24324324324324326,1
16,7,0.375,0.6875,0
24,12,0.375,0.75,0
8,3,0.5,0.75,0
8,0,0.625,0.375,0
5,0,0.8,0.6,0
5,0,0.6,0.2,0
7,0,0.5714285714285714,0.42857142857142855,0
5,0,0.8,0.2,0
76,-2,0.3684210526315789,0.3157894736842105,1
77,-1,0.36363636363636365,0.3246753246753247,1
35,4,0.34285714285714286,0.42857142857142855,1
33,5,0.3939393939393939,0.3939393939393939,0
40,-1,0.2,0.025,1
74,7,0.22972972972972974,0.33783783783783783,0
13,1,0.38461538461538464,0.38461538461538464,0
67,6,0.19402985074626866,0.23880597014925373,0
37,3,0.1891891891891892,0.1891891891891892,1
35,-3,0.22857142857142856,0.22857142857142856,1
18,6,0.2222222222222222,0.3888888888888889,1
26,-4,0.3076923076923077,0.2692307692307692,1
16,3,0.25,0.4375,0
52,2,0.15384615384615385,0.15384615384615385,0
47,8,0.3191489361702128,0.3191489361702128,0
51,5,0.17647058823529413,0.29411764705882354,1
54,1,0.2777777777777778,0.25925925925925924,1
18,-3,0.16666666666666666,0.16666666666666666,0
13,-1,0.38461538461538464,0.23076923076923078,0
13,0,0.46153846153846156,0.3076923076923077,0
13,0,0.38461538461538464,0.23076923076923078,0
13,1,0.3076923076923077,0.23076923076923078,0
13,0,0.38461538461538464,0.23076923076923078,0
47,5,0.2553191489361702,0.3191489361702128,0
51,6,0.17647058823529413,0.3333333333333333,1
60,4,0.3333333333333333,0.25,0
50,3,0.16,0.26,1
51,3,0.1568627450980392,0.2549019607843137,1
51,5,0.19607843137254902,0.3137254901960784,1
51,6,0.17647058823529413,0.3137254901960784,1
51,5,0.17647058823529413,0.3137254901960784,1
51,7,0.17647058823529413,0.3333333333333333,1
51,5,0.19607843137254902,0.27450980392156865,1
51,5,0.19607843137254902,0.29411764705882354,1
43,4,0.3488372093023256,0.20930232558139536,1
99,7,0.3333333333333333,0.2727272727272727,1
34,7,0.4411764705882353,0.4411764705882353,0
13,0,0.38461538461538464,0.15384615384615385,0
51,1,0.29411764705882354,0.1568627450980392,0
51,1,0.29411764705882354,0.2549019607843137,0
52,4,0.25,0.28846153846153844,0
50,5,0.26,0.3,0
93,7,0.27956989247311825,0.3225806451612903,1
46,6,0.2391304347826087,0.2608695652173913,0
13,1,0.5384615384615384,0.46153846153846156,0
15,1,0.5333333333333333,0.4,0
50,0,0.28,0.2,0
12,-1,0.4166666666666667,0.4166666666666667,0
9,-1,0.4444444444444444,0.2222222222222222,0
62,5,0.3064516129032258,0.1935483870967742,0
73,2,0.2191780821917808,0.1780821917808219,0
74,1,0.3108108108108108,0.2702702702702703,0
37,7,0.1891891891891892,0.24324324324324326,1
55,10,0.2909090909090909,0.2545454545454545,1
15,2,0.13333333333333333,0.3333333333333333,0
73,12,0.2054794520547945,0.3150684931506849,0
62,2,0.24193548387096775,0.27419354838709675,0
73,2,0.2328767123287671,0.273972602739726,0
63,8,0.2698412698412698,0.2857142857142857,0
15,0,0.3333333333333333,0.13333333333333333,0
40,9,0.275,0.375,1
40,10,0.25,0.4,1
42,10,0.23809523809523808,0.35714285714285715,1
42,10,0.2619047619047619,0.3333333333333333,1
42,14,0.16666666666666666,0.3333333333333333,1
42,10,0.21428571428571427,0.3333333333333333,1
40,8,0.3,0.35,1
55,10,0.3090909090909091,0.2545454545454545,1
55,10,0.3090909090909091,0.2545454545454545,1
55,10,0.3090909090909091,0.2545454545454545,1
51,1,0.3333333333333333,0.27450980392156865,0
67,12,0.14925373134328357,0.05970149253731343,0
6,2,0.16666666666666666,0.0,0
50,4,0.28,0.3,0
47,8,0.23404255319148937,0.3617021276595745,0
20,6,0.5,0.6,0
20,7,0.5,0.5,0
20,7,0.5,0.6,0
41,6,0.3170731707317073,0.3170731707317073,1
10,1,0.4,0.5,0
64,1,0.25,0.21875,0
15,6,0.4,0.6,0
48,1,0.2708333333333333,0.1875,0
43,2,0.46511627906976744,0.23255813953488372,1
20,-1,0.4,0.15,0
60,6,0.21666666666666667,0.2833333333333333,1
17,4,0.47058823529411764,0.5882352941176471,0
20,7,0.5,0.45,0
18,3,0.5555555555555556,0.5555555555555556,1
18,6,0.5555555555555556,0.5555555555555556,1
56,3,0.26785714285714285,0.2857142857142857,0
45,12,0.26666666666666666,0.28888888888888886,1
50,0,0.3,0.22,0
20,2,0.3,0.2,0
68,3,0.25,0.3088235294117647,0
68,5,0.22058823529411764,0.2647058823529412,0
13,3,0.23076923076923078,0.46153846153846156,1
26,0,0.23076923076923078,0.5,0
95,5,0.2736842105263158,0.25263157894736843,0
15,-1,0.3333333333333333,0.3333333333333333,0
36,9,0.2222222222222222,0.3333333333333333,1
52,8,0.23076923076923078,0.3076923076923077,0
51,5,0.27450980392156865,0.21568627450980393,0
51,5,0.27450980392156865,0.19607843137254902,0
51,7,0.27450980392156865,0.2549019607843137,0
23,2,0.17391304347826086,0.17391304347826086,0
27,2,0.18518518518518517,0.18518518518518517,0
44,6,0.25,0.22727272727272727,0
51,6,0.27450980392156865,0.23529411764705882,0
51,6,0.27450980392156865,0.23529411764705882,0
51,6,0.27450980392156865,0.23529411764705882,0
51,5,0.27450980392156865,0.23529411764705882,0
51,5,0.27450980392156865,0.21568627450980393,0
51,8,0.29411764705882354,0.2549019607843137,0
51,9,0.2549019607843137,0.27450980392156865,0
51,8,0.27450980392156865,0.2549019607843137,0
51,7,0.27450980392156865,0.23529411764705882,0
51,8,0.29411764705882354,0.2549019607843137,0
51,9,0.27450980392156865,0.27450980392156865,0
46,2,0.3695652173913043,0.2826086956521739,0
57,6,0.24561403508771928,0.3508771929824561,0
47,-2,0.23404255319148937,0.2127659574468085,0
12,0,0.4166666666666667,0.25,0
18,-1,0.6111111111111112,0.3333333333333333,0
30,1,0.36666666666666664,0.4666666666666667,1
37,4,0.32432432432432434,0.4594594594594595,1
18,12,0.1111111111111111,0.6111111111111112,0
18,12,0.1111111111111111,0.6111111111111112,0
20,7,0.5,0.45,0
15,-1,0.5333333333333333,0.3333333333333333,0
20,7,0.5,0.55,0
41,9,0.1951219512195122,0.2926829268292683,1
73,4,0.2602739726027397,0.2191780821917808,0
44,3,0.3181818181818182,0.29545454545454547,1
45,2,0.3333333333333333,0.13333333333333333,1
46,3,0.34782608695652173,0.2826086956521739,0
32,5,0.25,0.3125,1
7,1,0.7142857142857143,0.7142857142857143,0
11,2,0.6363636363636364,0.6363636363636364,0
33,4,0.48484848484848486,0.45454545454545453,0
20,7,0.5,0.45,0
20,7,0.5,0.45,0
11,2,0.7272727272727273,0.9090909090909091,0
11,2,0.7272727272727273,0.8181818181818182,0
11,2,0.6363636363636364,0.8181818181818182,0
11,3,0.5454545454545454,0.8181818181818182,0
11,2,0.6363636363636364,0.7272727272727273,0
11,3,0.5454545454545454,0.8181818181818182,0
11,2,0.6363636363636364,0.7272727272727273,0
24,1,0.4583333333333333,0.16666666666666666,1
28,1,0.2857142857142857,0.21428571428571427,1
12,0,0.5,0.3333333333333333,0
21,1,0.42857142857142855,0.3333333333333333,0
16,5,0.5625,0.5625,1
48,-2,0.1875,0.14583333333333334,0
54,4,0.24074074074074073,0.3333333333333333,0
14,3,0.5,0.5,0
51,2,0.35294117647058826,0.35294117647058826,0
101,17,0.37623762376237624,0.39603960396039606,1
105,14,0.37142857142857144,0.38095238095238093,1
87,0,0.2988505747126437,0.1839080459770115,0
46,5,0.2608695652173913,0.2608695652173913,1
48,1,0.25,0.16666666666666666,0
46,-2,0.2391304347826087,0.2391304347826087,0
9,5,0.2222222222222222,0.5555555555555556,0
8,0,0.5,0.5,0
8,0,0.375,0.375,1
56,0,0.3392857142857143,0.25,0
56,3,0.3392857142857143,0.23214285714285715,0
57,7,0.2631578947368421,0.3684210526315789,0
60,6,0.3,0.3,1
60,8,0.2833333333333333,0.35,0
19,2,0.10526315789473684,0.15789473684210525,0
19,2,0.15789473684210525,0.21052631578947367,0
45,5,0.13333333333333333,0.15555555555555556,1
45,5,0.13333333333333333,0.2,0
40,4,0.2,0.15,1
41,4,0.1951219512195122,0.14634146341463414,1
15,2,0.4666666666666667,0.3333333333333333,0
15,3,0.4,0.4666666666666667,0
53,6,0.2830188679245283,0.33962264150943394,0
54,3,0.24074074074074073,0.25925925925925924,0
26,5,0.46153846153846156,0.46153846153846156,1
22,6,0.3181818181818182,0.36363636363636365,1
21,5,0.2857142857142857,0.5238095238095238,1
50,8,0.28,0.34,1
65,10,0.18461538461538463,0.24615384615384617,1
20,7,0.45,0.5,0
65,12,0.23076923076923078,0.35384615384615387,0
13,4,0.23076923076923078,0.38461538461538464,0
23,3,0.34782608695652173,0.2608695652173913,1
60,5,0.2833333333333333,0.31666666666666665,0
68,10,0.25,0.29411764705882354,0
41,8,0.2926829268292683,0.3170731707317073,1
36,9,0.25,0.3888888888888889,1
77,6,0.2727272727272727,0.2727272727272727,0
48,0,0.3958333333333333,0.3125,1
43,5,0.37209302325581395,0.27906976744186046,1
25,-2,0.28,0.24,0
25,6,0.2,0.36,0
20,4,0.15,0.25,0
26,4,0.23076923076923078,0.23076923076923078,0
41,7,0.21951219512195122,0.3170731707317073,1
41,8,0.21951219512195122,0.2926829268292683,1
32,1,0.34375,0.21875,0
50,-4,0.48,0.34,0
60,7,0.21666666666666667,0.2,0
61,8,0.21311475409836064,0.36065573770491804,1
41,4,0.24390243902439024,0.14634146341463414,0
41,4,0.21951219512195122,0.14634146341463414,0
93,3,0.21505376344086022,0.1935483870967742,0
52,-2,0.2692307692307692,0.17307692307692307,0
35,-1,0.3142857142857143,0.34285714285714286,0
64,0,0.265625,0.171875,0
45,5,0.3111111111111111,0.2,0
15,-2,0.5333333333333333,0.26666666666666666,0
20,5,0.45,0.6,0
20,2,0.4,0.45,1
64,10,0.21875,0.28125,0
20,7,0.5,0.45,0
61,5,0.29508196721311475,0.2459016393442623,1
61,4,0.29508196721311475,0.22950819672131148,1
61,6,0.2786885245901639,0.2459016393442623,1
20,7,0.5,0.35,0
42,6,0.2857142857142857,0.23809523809523808,1
52,2,0.23076923076923078,0.21153846153846154,0
63,10,0.2698412698412698,0.25396825396825395,1
61,10,0.26229508196721313,0.2459016393442623,1
62,10,0.25806451612903225,0.27419354838709675,1
62,10,0.27419354838709675,0.27419354838709675,1
62,10,0.25806451612903225,0.25806451612903225,1
62,11,0.25806451612903225,0.27419354838709675,1
62,10,0.25806451612903225,0.25806451612903225,1
61,10,0.26229508196721313,0.2459016393442623,1
62,10,0.25806451612903225,0.24193548387096775,1
5,0,0.2,0.0,1
20,6,0.2,0.3,1
20,5,0.25,0.25,1
49,3,0.3673469387755102,0.061224489795918366,1
51,4,0.29411764705882354,0.058823529411764705,1
43,5,0.3488372093023256,0.11627906976744186,1
51,6,0.35294117647058826,0.11764705882352941,1
47,6,0.3191489361702128,0.1276595744680851,1
48,3,0.4375,0.14583333333333334,1
40,1,0.325,0.05,1
44,3,0.38636363636363635,0.1590909090909091,1
10,4,0.3,0.4,0
19,6,0.2631578947368421,0.3684210526315789,0
20,6,0.2,0.3,0
54,3,0.4444444444444444,0.1111111111111111,1
65,1,0.4307692307692308,0.07692307692307693,1
20,7,0.5,0.5,0
20,7,0.25,0.3,0
32,4,0.375,0.34375,1
16,6,0.4375,0.5625,1
17,5,0.47058823529411764,0.6470588235294118,0
21,7,0.47619047619047616,0.7142857142857143,1
17,6,0.4117647058823529,0.5294117647058824,0
21,7,0.47619047619047616,0.7142857142857143,1
16,7,0.4375,0.625,0
9,7,0.1111111111111111,0.7777777777777778,0
64,3,0.5,0.21875,1
12,4,0.6666666666666666,0.5833333333333334,1
15,4,0.4,0.13333333333333333,0
7,2,0.7142857142857143,0.2857142857142857,0
9,3,0.2222222222222222,0.4444444444444444,1
22,7,0.2727272727272727,0.4090909090909091,0
18,4,0.2222222222222222,0.4444444444444444,0
9,1,0.4444444444444444,0.5555555555555556,1
9,2,0.2222222222222222,0.4444444444444444,1
18,4,0.2222222222222222,0.4444444444444444,1
9,1,0.4444444444444444,0.4444444444444444,1
9,3,0.2222222222222222,0.4444444444444444,1
18,6,0.2222222222222222,0.4444444444444444,1
28,5,0.17857142857142858,0.21428571428571427,0
22,6,0.22727272727272727,0.45454545454545453,0
21,6,0.19047619047619047,0.42857142857142855,1
8,1,0.125,0.25,0
14,1,0.21428571428571427,0.2857142857142857,1
9,3,0.2222222222222222,0.3333333333333333,1
18,6,0.2222222222222222,0.3333333333333333,1
18,5,0.2222222222222222,0.3333333333333333,1
9,2,0.2222222222222222,0.3333333333333333,1
18,5,0.2222222222222222,0.3888888888888889,1
18,3,0.3333333333333333,0.4444444444444444,1
18,5,0.2222222222222222,0.3333333333333333,1
18,4,0.2222222222222222,0.3333333333333333,1
46,0,0.30434782608695654,0.2826086956521739,0
47,3,0.19148936170212766,0.1702127659574468,0
45,4,0.17777777777777778,0.24444444444444444,0
46,3,0.21739130434782608,0.2608695652173913,0
45,5,0.2222222222222222,0.26666666666666666,0
27,0,0.18518518518518517,0.48148148148148145,0
15,2,0.3333333333333333,0.3333333333333333,0
45,5,0.24444444444444444,0.26666666666666666,0
47,10,0.1702127659574468,0.40425531914893614,0
47,6,0.19148936170212766,0.3829787234042553,0
47,8,0.1702127659574468,0.3829787234042553,0
47,7,0.19148936170212766,0.3829787234042553,0
47,7,0.19148936170212766,0.3829787234042553,1
80,1,0.3125,0.35,0
47,6,0.19148936170212766,0.3617021276595745,0
47,6,0.2127659574468085,0.2127659574468085,0
47,7,0.19148936170212766,0.2127659574468085,0
46,3,0.21739130434782608,0.30434782608695654,0
46,3,0.21739130434782608,0.2608695652173913,0
36,-4,0.3055555555555556,0.3055555555555556,0
58,-1,0.3103448275862069,0.27586206896551724,0
60,5,0.25,0.25,0
70,-3,0.2571428571428571,0.24285714285714285,0
69,0,0.2318840579710145,0.2028985507246377,0
13,3,0.3076923076923077,0.38461538461538464,1
55,2,0.18181818181818182,0.14545454545454545,1
56,-1,0.32142857142857145,0.16071428571428573,0
12,1,0.3333333333333333,0.3333333333333333,0
21,6,0.5714285714285714,0.42857142857142855,0
32,1,0.53125,0.34375,0
34,7,0.35294117647058826,0.5294117647058824,0
16,6,0.375,0.625,1
20,8,0.5,0.6,0
20,6,0.5,0.4,0
18,3,0.2777777777777778,0.4444444444444444,0
56,9,0.16071428571428573,0.23214285714285715,0
10,2,0.6,0.5,1
27,9,0.4074074074074074,0.5925925925925926,0
14,6,0.35714285714285715,0.7142857142857143,0
19,6,0.3684210526315789,0.5789473684210527,0
26,8,0.38461538461538464,0.6153846153846154,1
25,7,0.4,0.64,0
28,8,0.42857142857142855,0.5714285714285714,0
43,10,0.2558139534883721,0.46511627906976744,1
43,11,0.2558139534883721,0.4883720930232558,0
17,5,0.29411764705882354,0.5294117647058824,0
43,9,0.3023255813953488,0.4883720930232558,1
42,10,0.30952380952380953,0.5238095238095238,1
17,6,0.29411764705882354,0.5882352941176471,0
17,5,0.35294117647058826,0.5294117647058824,0
17,5,0.29411764705882354,0.47058823529411764,0
30,11,0.4,0.6333333333333333,0
17,8,0.35294117647058826,0.7647058823529411,0
16,9,0.25,0.8125,1
16,7,0.25,0.8125,1
16,9,0.375,0.9375,1
16,11,0.3125,1.0,1
16,11,0.3125,1.0,1
16,12,0.25,1.0,1
16,11,0.25,0.9375,1
16,11,0.3125,0.9375,1
16,9,0.25,0.8125,1
16,9,0.375,0.8125,1
27,12,0.37037037037037035,0.6296296296296297,1
31,17,0.3548387096774194,0.8387096774193549,1
23,11,0.43478260869565216,0.7391304347826086,1
16,9,0.375,0.8125,1
17,7,0.29411764705882354,0.6470588235294118,0
17,6,0.29411764705882354,0.5294117647058824,0
17,8,0.29411764705882354,0.7058823529411765,0
17,7,0.29411764705882354,0.6470588235294118,0
17,8,0.29411764705882354,0.7058823529411765,0
17,8,0.29411764705882354,0.6470588235294118,0
17,5,0.35294117647058826,0.5294117647058824,0
17,6,0.35294117647058826,0.5882352941176471,0
17,5,0.35294117647058826,0.47058823529411764,0
17,7,0.35294117647058826,0.6470588235294118,0
17,6,0.35294117647058826,0.5882352941176471,0
17,7,0.35294117647058826,0.6470588235294118,0
17,6,0.4117647058823529,0.5882352941176471,0
17,7,0.35294117647058826,0.5882352941176471,0
6,2,0.5,0.5,0
23,6,0.5652173913043478,0.43478260869565216,1
46,-2,0.32608695652173914,0.32608695652173914,0
16,6,0.25,0.4375,0
16,8,0.25,0.5,0
16,5,0.25,0.375,0
12,4,0.5833333333333334,0.5,1
27,2,0.2962962962962963,0.3333333333333333,0
5,1,0.2,0.6,0
5,0,0.4,0.4,0
15,8,0.0,0.6,0
16,3,0.5,0.5625,0
16,4,0.5,0.5625,0
19,2,0.15789473684210525,0.5263157894736842,0
19,3,0.21052631578947367,0.631578947368421,0
11,8,0.0,0.8181818181818182,0
19,2,0.15789473684210525,0.5263157894736842,0
19,3,0.21052631578947367,0.631578947368421,0
30,4,0.43333333333333335,0.36666666666666664,0
42,9,0.4523809523809524,0.30952380952380953,1
18,5,0.2777777777777778,0.3888888888888889,1
17,6,0.47058823529411764,0.5294117647058824,0
18,4,0.3333333333333333,0.3888888888888889,1
18,5,0.2777777777777778,0.3888888888888889,1
16,5,0.3125,0.5,1
18,6,0.2777777777777778,0.4444444444444444,1
18,6,0.16666666666666666,0.4444444444444444,0
20,2,0.4,0.4,0
5,2,0.4,0.6,0
10,7,0.2,0.7,1
17,8,0.35294117647058826,0.5882352941176471,1
28,10,0.4642857142857143,0.5714285714285714,1
28,13,0.32142857142857145,0.5714285714285714,1
29,10,0.41379310344827586,0.5517241379310345,1
30,3,0.5333333333333333,0.3,0
15,10,0.0,0.6,0
9,6,0.0,0.6666666666666666,1
10,7,0.0,0.7,1
8,4,0.25,0.625,0
9,2,0.3333333333333333,0.3333333333333333,0
18,-2,0.3333333333333333,0.2777777777777778,0
31,5,0.41935483870967744,0.41935483870967744,0
18,1,0.6666666666666666,0.4444444444444444,0
13,4,0.15384615384615385,0.07692307692307693,0
47,8,0.14893617021276595,0.2978723404255319,0
15,3,0.2,0.2,0
16,8,0.375,0.625,0
51,10,0.21568627450980393,0.29411764705882354,0
21,4,0.5238095238095238,0.5238095238095238,0
29,4,0.5862068965517241,0.6206896551724138,0
47,3,0.19148936170212766,0.2553191489361702,0
32,8,0.375,0.5,1
12,4,0.5,0.75,1
12,4,0.5,0.6666666666666666,1
12,4,0.5,0.5833333333333334,1
12,4,0.5,0.5833333333333334,1
47,9,0.2127659574468085,0.2978723404255319,0
66,5,0.21212121212121213,0.2878787878787879,0
59,9,0.288135593220339,0.423728813559322,0
35,-3,0.4,0.4,0
19,3,0.3157894736842105,0.5263157894736842,0
46,6,0.391304347826087,0.4782608695652174,1
11,1,0.18181818181818182,0.2727272727272727,0
23,4,0.4782608695652174,0.5217391304347826,1
23,5,0.43478260869565216,0.5217391304347826,1
23,5,0.43478260869565216,0.5652173913043478,1
23,6,0.391304347826087,0.5652173913043478,1
23,6,0.391304347826087,0.5652173913043478,1
23,6,0.5652173913043478,0.6521739130434783,1
15,4,0.4,0.5333333333333333,0
23,6,0.4782608695652174,0.5217391304347826,1
23,6,0.4782608695652174,0.5217391304347826,1
23,6,0.4782608695652174,0.5217391304347826,1
23,5,0.5217391304347826,0.4782608695652174,0
23,6,0.5217391304347826,0.5217391304347826,0
23,5,0.5652173913043478,0.4782608695652174,0
23,5,0.5217391304347826,0.4782608695652174,0
23,5,0.5652173913043478,0.4782608695652174,0
23,4,0.6086956521739131,0.43478260869565216,0
15,5,0.4666666666666667,0.8,1
34,5,0.35294117647058826,0.4411764705882353,0
30,12,0.3,0.6,0
11,4,0.5454545454545454,0.6363636363636364,1
12,4,0.5,0.5833333333333334,1
14,4,0.5714285714285714,0.5,1
16,4,0.5625,0.4375,1
17,4,0.5882352941176471,0.4117647058823529,1
18,4,0.5555555555555556,0.3888888888888889,1
19,4,0.5789473684210527,0.42105263157894735,1
20,4,0.6,0.4,1
21,5,0.5714285714285714,0.42857142857142855,1
22,5,0.5909090909090909,0.4090909090909091,1
23,5,0.6086956521739131,0.43478260869565216,1
24,6,0.5833333333333334,0.4583333333333333,1
25,7,0.56,0.48,1
26,8,0.5384615384615384,0.5,0
22,11,0.36363636363636365,0.8181818181818182,0
19,8,0.3684210526315789,0.6842105263157895,0
14,3,0.42857142857142855,0.6428571428571429,0
24,3,0.4583333333333333,0.5416666666666666,0
13,5,0.6153846153846154,0.8461538461538461,0
38,4,0.42105263157894735,0.47368421052631576,0
46,5,0.41304347826086957,0.43478260869565216,0
59,6,0.4067796610169492,0.423728813559322,0
9,5,0.4444444444444444,0.7777777777777778,0
12,4,0.5833333333333334,0.5833333333333334,1
47,7,0.3404255319148936,0.5106382978723404,1
14,2,0.5,0.5,1
18,7,0.5,0.6666666666666666,1
13,6,0.38461538461538464,0.6153846153846154,1
18,7,0.4444444444444444,0.6111111111111112,0
9,4,0.5555555555555556,0.6666666666666666,0
8,3,0.625,0.625,1
8,3,0.625,0.625,1
22,7,0.5,0.45454545454545453,0
15,3,0.4,0.4,0
9,7,0.1111111111111111,0.7777777777777778,0
15,5,0.4,0.4,1
15,5,0.4,0.4,1
15,4,0.3333333333333333,0.4,1
15,4,0.3333333333333333,0.4,1
15,6,0.3333333333333333,0.4666666666666667,1
15,6,0.3333333333333333,0.4666666666666667,1
29,7,0.3103448275862069,0.5172413793103449,1
12,5,0.4166666666666667,0.5833333333333334,1
18,9,0.5,0.9444444444444444,0
27,4,0.2962962962962963,0.2962962962962963,0
13,7,0.15384615384615385,0.38461538461538464,0
14,8,0.14285714285714285,0.42857142857142855,0
21,7,0.23809523809523808,0.3333333333333333,0
9,4,0.5555555555555556,0.6666666666666666,0
11,6,0.45454545454545453,0.8181818181818182,0
11,5,0.45454545454545453,0.6363636363636364,0
10,5,0.5,1.0,0
20,11,0.45,0.8,0
9,7,0.1111111111111111,0.7777777777777778,0
4,4,0.0,1.0,0
9,7,0.1111111111111111,0.7777777777777778,0
9,8,0.1111111111111111,0.8888888888888888,0
9,7,0.1111111111111111,0.7777777777777778,0
7,6,0.0,0.8571428571428571,0
9,7,0.1111111111111111,0.7777777777777778,0
8,7,0.0,0.875,0
9,7,0.1111111111111111,0.7777777777777778,0
9,8,0.0,0.8888888888888888,0
20,10,0.1,0.55,0
11,8,0.0,0.7272727272727273,0
12,8,0.0,0.6666666666666666,0
27,13,0.37037037037037035,0.8518518518518519,0
15,14,0.0,0.8666666666666667,0
23,11,0.43478260869565216,0.7391304347826086,1
18,16,0.0,0.8888888888888888,0
16,10,0.0,0.75,0
18,11,0.1111111111111111,0.6666666666666666,0
10,8,0.2,0.8,1
18,10,0.3333333333333333,0.7777777777777778,1
6,3,0.5,0.6666666666666666,1
14,8,0.42857142857142855,1.0,0
17,11,0.35294117647058826,0.7647058823529411,1
61,-1,0.3114754098360656,0.32786885245901637,0
12,7,0.4166666666666667,1.0,0
14,8,0.42857142857142855,1.0,0
42,12,0.19047619047619047,0.40476190476190477,1
42,12,0.21428571428571427,0.40476190476190477,1
13,7,0.46153846153846156,0.5384615384615384,0
9,4,0.5555555555555556,0.5555555555555556,0
8,2,0.125,0.375,0
31,7,0.2903225806451613,0.5806451612903226,1
65,-4,0.2153846153846154,0.16923076923076924,0
6,2,0.5,0.5,0
12,1,0.5,0.5,0
6,3,0.5,0.5,0
9,4,0.5555555555555556,0.5555555555555556,0
6,2,0.6666666666666666,0.6666666666666666,1
5,3,0.4,0.6,0
18,7,0.6111111111111112,0.5555555555555556,1
18,5,0.4444444444444444,0.4444444444444444,0
12,5,0.5833333333333334,0.6666666666666666,1
12,3,0.6666666666666666,0.5,1
12,4,0.6666666666666666,0.5833333333333334,1
12,5,0.5833333333333334,0.6666666666666666,1
12,4,0.6666666666666666,0.5833333333333334,1
12,5,0.5833333333333334,0.5833333333333334,1
12,5,0.3333333333333333,0.5833333333333334,1
13,4,0.46153846153846156,0.5384615384615384,1
12,4,0.5,0.5833333333333334,1
13,4,0.5384615384615384,0.5384615384615384,1
12,4,0.5,0.5833333333333334,1
45,9,0.2,0.37777777777777777,0
18,5,0.4444444444444444,0.6666666666666666,0
13,6,0.46153846153846156,0.9230769230769231,1
19,9,0.47368421052631576,0.6842105263157895,0
8,1,0.125,0.375,0
37,5,0.35135135135135137,0.5405405405405406,1
37,7,0.3783783783783784,0.5405405405405406,1
37,7,0.32432432432432434,0.5405405405405406,1
37,11,0.35135135135135137,0.5945945945945946,1
37,8,0.32432432432432434,0.5405405405405406,1
37,10,0.32432432432432434,0.5945945945945946,1
37,8,0.35135135135135137,0.5135135135135135,1
20,8,0.5,0.6,0
20,8,0.45,0.6,0
15,4,0.4666666666666667,0.4666666666666667,0
38,6,0.2631578947368421,0.5526315789473685,1
12,5,0.5,0.75,1
11,4,0.6363636363636364,1.0,1
10,4,0.6,1.0,1
9,4,0.5555555555555556,1.0,1
44,7,0.3181818181818182,0.38636363636363635,0
9,4,0.5555555555555556,0.7777777777777778,0
10,4,0.6,1.0,1
11,3,0.7272727272727273,1.0,0
9,4,0.4444444444444444,0.8888888888888888,0
14,7,0.42857142857142855,0.8571428571428571,1
11,4,0.6363636363636364,1.0,0
11,4,0.6363636363636364,1.0,0
11,5,0.5454545454545454,1.0,0
9,3,0.6666666666666666,1.0,0
14,6,0.5714285714285714,1.0,0
14,6,0.5714285714285714,1.0,0
19,8,0.5263157894736842,0.9473684210526315,0
15,5,0.4666666666666667,0.8,1
11,3,0.5454545454545454,0.8181818181818182,0
13,5,0.6153846153846154,0.8461538461538461,0
64,16,0.328125,0.453125,1
9,5,0.3333333333333333,0.8888888888888888,0
38,20,0.4473684210526316,0.9473684210526315,0
38,20,0.23684210526315788,0.7368421052631579,0
38,24,0.34210526315789475,0.9473684210526315,0
12,5,0.5833333333333334,0.6666666666666666,1
12,5,0.5833333333333334,0.75,0
12,6,0.5,0.75,1
12,4,0.5,0.5833333333333334,1
12,4,0.5,0.5833333333333334,1
59,-4,0.2542372881355932,0.0847457627118644,0
20,6,0.55,0.6,1
9,4,0.5555555555555556,0.6666666666666666,0
15,4,0.4666666666666667,0.3333333333333333,0
15,4,0.4666666666666667,0.3333333333333333,0
12,4,0.6666666666666666,0.5833333333333334,1
12,5,0.5833333333333334,0.6666666666666666,0
17,5,0.6470588235294118,0.6470588235294118,0
9,3,0.6666666666666666,0.6666666666666666,0
9,4,0.5555555555555556,0.5555555555555556,0
9,4,0.4444444444444444,0.7777777777777778,0
15,4,0.4,0.3333333333333333,0
18,6,0.6111111111111112,0.7222222222222222,0
50,8,0.22,0.26,0
50,8,0.22,0.24,0
29,4,0.4482758620689655,0.41379310344827586,0
45,4,0.4222222222222222,0.5555555555555556,0
45,3,0.4,0.5333333333333333,0
6,4,0.3333333333333333,0.6666666666666666,0
13,4,0.6923076923076923,0.6153846153846154,0
61,14,0.06557377049180328,0.2459016393442623,0
55,5,0.18181818181818182,0.23636363636363636,0
69,4,0.2753623188405797,0.2898550724637681,0
57,1,0.2631578947368421,0.2631578947368421,0
20,3,0.1,0.3,1
8,0,0.125,0.25,0
27,4,0.6296296296296297,0.3333333333333333,1
8,1,0.25,0.375,0
8,1,0.125,0.25,0
57,5,0.49122807017543857,0.17543859649122806,1
57,5,0.45614035087719296,0.19298245614035087,1
8,0,0.125,0.125,0
8,0,0.125,0.125,0
63,8,0.2222222222222222,0.31746031746031744,0
8,2,0.0,0.375,0
8,1,0.125,0.25,0
8,2,0.125,0.25,0
19,6,0.15789473684210525,0.42105263157894735,1
60,6,0.3,0.35,1
23,1,0.5217391304347826,0.34782608695652173,0
23,0,0.4782608695652174,0.391304347826087,0
23,1,0.4782608695652174,0.391304347826087,0
23,2,0.4782608695652174,0.34782608695652173,0
23,0,0.43478260869565216,0.391304347826087,0
23,0,0.43478260869565216,0.391304347826087,0
23,0,0.43478260869565216,0.391304347826087,0
23,1,0.43478260869565216,0.391304347826087,0
23,2,0.5217391304347826,0.391304347826087,0
23,1,0.43478260869565216,0.34782608695652173,0
23,0,0.43478260869565216,0.34782608695652173,0
23,1,0.43478260869565216,0.34782608695652173,0
23,0,0.43478260869565216,0.34782608695652173,0
23,2,0.5652173913043478,0.391304347826087,0
23,1,0.43478260869565216,0.34782608695652173,0
23,0,0.43478260869565216,0.34782608695652173,0
23,1,0.43478260869565216,0.34782608695652173,0
23,0,0.4782608695652174,0.34782608695652173,0
21,1,0.42857142857142855,0.38095238095238093,0
23,2,0.43478260869565216,0.391304347826087,0
23,1,0.4782608695652174,0.34782608695652173,0
23,1,0.4782608695652174,0.34782608695652173,0
23,1,0.4782608695652174,0.34782608695652173,0
23,2,0.5217391304347826,0.34782608695652173,0
30,7,0.5,0.43333333333333335,0
30,7,0.4666666666666667,0.43333333333333335,0
30,7,0.5,0.43333333333333335,0
30,7,0.4666666666666667,0.4,0
12,-2,0.4166666666666667,0.25,0
42,6,0.2857142857142857,0.3333333333333333,1
23,4,0.30434782608695654,0.43478260869565216,0
11,2,0.36363636363636365,0.45454545454545453,1
11,2,0.45454545454545453,0.36363636363636365,1
8,1,0.25,0.375,0
9,2,0.2222222222222222,0.4444444444444444,0
11,2,0.36363636363636365,0.45454545454545453,0
8,1,0.25,0.375,0
9,2,0.2222222222222222,0.4444444444444444,0
11,2,0.36363636363636365,0.45454545454545453,0
45,9,0.37777777777777777,0.37777777777777777,0
17,7,0.35294117647058826,0.7058823529411765,1
23,9,0.21739130434782608,0.43478260869565216,0
12,4,0.25,0.4166666666666667,0
14,5,0.21428571428571427,0.42857142857142855,1
55,0,0.2545454545454545,0.2909090909090909,0
16,7,0.375,0.5625,0
22,10,0.4090909090909091,0.6363636363636364,0
10,6,0.1,0.6,0
47,10,0.23404255319148937,0.40425531914893614,0
47,9,0.23404255319148937,0.3829787234042553,0
47,10,0.2127659574468085,0.40425531914893614,0
16,6,0.4375,0.5625,0
16,7,0.375,0.5625,0
16,7,0.375,0.625,0
6,2,0.5,0.6666666666666666,0
16,7,0.375,0.5625,0
16,7,0.4375,0.625,0
8,2,0.5,0.625,0
16,7,0.4375,0.625,0
9,2,0.4444444444444444,0.5555555555555556,0
16,6,0.4375,0.5625,0
10,3,0.4,0.6,0
16,6,0.4375,0.5625,0
11,4,0.36363636363636365,0.6363636363636364,0
16,7,0.375,0.625,0
16,7,0.375,0.6875,1
12,4,0.4166666666666667,0.5833333333333334,0
16,6,0.4375,0.5625,0
13,5,0.38461538461538464,0.6153846153846154,0
16,7,0.375,0.625,0
14,5,0.42857142857142855,0.5714285714285714,0
16,6,0.4375,0.5625,0
15,6,0.4,0.6,0
16,6,0.4375,0.5625,0
16,7,0.375,0.625,1
53,14,0.41509433962264153,0.5283018867924528,0
53,14,0.4528301886792453,0.5660377358490566,0
33,9,0.3939393939393939,0.48484848484848486,0
16,7,0.375,0.625,1
29,4,0.20689655172413793,0.3448275862068966,1
34,6,0.23529411764705882,0.38235294117647056,1
23,2,0.391304347826087,0.34782608695652173,0
25,2,0.44,0.4,0
27,3,0.4074074074074074,0.4074074074074074,0
66,6,0.19696969696969696,0.19696969696969696,0
19,2,0.3157894736842105,0.10526315789473684,0
45,6,0.06666666666666667,0.26666666666666666,1
47,8,0.06382978723404255,0.2978723404255319,1
67,1,0.08955223880597014,0.26865671641791045,1
45,8,0.06666666666666667,0.28888888888888886,1
47,10,0.06382978723404255,0.3191489361702128,1
67,3,0.08955223880597014,0.2835820895522388,1
68,3,0.08823529411764706,0.27941176470588236,0
45,8,0.08888888888888889,0.3333333333333333,1
47,10,0.0851063829787234,0.3617021276595745,1
67,4,0.1044776119402985,0.31343283582089554,1
9,3,0.5555555555555556,0.4444444444444444,0
21,7,0.2857142857142857,0.5238095238095238,1
10,2,0.3,0.2,0
63,0,0.25396825396825395,0.25396825396825395,0
10,4,0.2,0.5,1
6,3,0.5,0.6666666666666666,0
12,4,0.6666666666666666,0.5833333333333334,1
12,5,0.5833333333333334,0.5833333333333334,1
15,8,0.2,0.6,0
31,7,0.2903225806451613,0.41935483870967744,1
31,7,0.2903225806451613,0.41935483870967744,1
10,5,0.5,1.0,1
35,9,0.45714285714285713,0.45714285714285713,1
18,5,0.5,0.5555555555555556,1
18,6,0.2777777777777778,0.5,0
35,9,0.11428571428571428,0.34285714285714286,1
38,15,0.3684210526315789,0.6578947368421053,0
14,3,0.14285714285714285,0.35714285714285715,0
6,4,0.0,0.6666666666666666,0
14,7,0.14285714285714285,0.5714285714285714,0
14,3,0.14285714285714285,0.2857142857142857,0
63,6,0.30158730158730157,0.31746031746031744,1
9,6,0.3333333333333333,0.5555555555555556,1
33,9,0.36363636363636365,0.5151515151515151,1
10,5,0.5,0.9,1
32,7,0.375,0.46875,0
32,8,0.3125,0.53125,0
31,7,0.3548387096774194,0.45161290322580644,0
32,12,0.25,0.59375,0
32,12,0.25,0.59375,0
23,9,0.2608695652173913,0.5652173913043478,0
23,9,0.17391304347826086,0.5652173913043478,0
35,11,0.2,0.5142857142857142,0
59,17,0.1864406779661017,0.4745762711864407,1
60,17,0.2,0.48333333333333334,1
19,9,0.21052631578947367,0.5789473684210527,0
15,4,0.7333333333333333,0.6666666666666666,0
13,4,0.6153846153846154,0.6153846153846154,0
10,5,0.5,0.9,0
10,9,0.0,0.9,0
10,10,0.0,1.0,0
16,4,0.75,0.625,0
16,5,0.6875,0.75,0
6,6,0.0,1.0,0
13,2,0.46153846153846156,0.5384615384615384,0
14,6,0.42857142857142855,0.6428571428571429,1
15,6,0.4666666666666667,0.6,1
11,6,0.45454545454545453,1.0,0
11,5,0.5454545454545454,0.9090909090909091,1
11,5,0.5454545454545454,0.9090909090909091,1
20,3,0.4,0.35,0
12,5,0.5833333333333334,1.0,1
12,5,0.5833333333333334,0.9166666666666666,1
12,4,0.6666666666666666,0.9166666666666666,1
18,13,0.2777777777777778,0.6666666666666666,0
12,9,0.16666666666666666,0.9166666666666666,1
21,12,0.3333333333333333,0.8095238095238095,1
12,7,0.3333333333333333,0.75,1
52,13,0.25,0.4230769230769231,0
21,11,0.09523809523809523,0.6190476190476191,1
22,12,0.09090909090909091,0.6363636363636364,1
60,20,0.21666666666666667,0.5166666666666667,1
12,7,0.3333333333333333,0.75,1
12,6,0.4166666666666667,0.6666666666666666,1
10,5,0.3,0.7,0
12,6,0.4166666666666667,0.6666666666666666,1
13,6,0.3076923076923077,0.46153846153846156,1
13,5,0.38461538461538464,0.38461538461538464,1
25,3,0.2,0.32,1
12,6,0.08333333333333333,0.5,0
13,6,0.15384615384615385,0.46153846153846156,0
15,6,0.2,0.4666666666666667,0
28,13,0.35714285714285715,0.6428571428571429,0
31,14,0.3870967741935484,0.6451612903225806,0
3,3,0.0,1.0,0
14,6,0.35714285714285715,0.5714285714285714,1
11,6,0.45454545454545453,1.0,0
15,6,0.4,0.6,1
9,8,0.0,0.8888888888888888,0
11,6,0.45454545454545453,1.0,0
9,5,0.4444444444444444,0.7777777777777778,0
14,6,0.35714285714285715,0.6428571428571429,1
11,6,0.45454545454545453,1.0,0
39,10,0.23076923076923078,0.46153846153846156,1
15,9,0.3333333333333333,0.8,0
9,8,0.0,0.8888888888888888,0
22,8,0.22727272727272727,0.45454545454545453,0
26,18,0.07692307692307693,0.6923076923076923,0
22,7,0.4090909090909091,0.5909090909090909,0
17,11,0.058823529411764705,0.6470588235294118,0
17,9,0.23529411764705882,0.7058823529411765,0
17,8,0.23529411764705882,0.5882352941176471,0
17,9,0.23529411764705882,0.6470588235294118,0
17,8,0.29411764705882354,0.5882352941176471,0
5,5,0.0,1.0,0
8,8,0.0,0.625,0
10,5,0.3,0.5,0
6,6,0.0,1.0,0
9,9,0.0,0.6666666666666666,0
7,7,0.0,1.0,0
23,9,0.43478260869565216,0.5652173913043478,0
25,9,0.44,0.56,0
23,13,0.34782608695652173,0.7391304347826086,0
10,10,0.0,0.7,0
8,8,0.0,1.0,1
29,9,0.3103448275862069,0.4827586206896552,0
29,8,0.27586206896551724,0.5172413793103449,0
30,9,0.3333333333333333,0.5333333333333333,0
30,8,0.3333333333333333,0.5,0
17,8,0.29411764705882354,0.6470588235294118,0
18,8,0.2777777777777778,0.6111111111111112,0
20,8,0.3,0.6,0
30,8,0.36666666666666664,0.5333333333333333,0
18,8,0.2777777777777778,0.6111111111111112,0
22,9,0.22727272727272727,0.5454545454545454,0
25,8,0.24,0.52,0
30,8,0.36666666666666664,0.4666666666666667,0
34,10,0.29411764705882354,0.5294117647058824,0
11,11,0.0,0.7272727272727273,0
9,9,0.0,1.0,0
16,12,0.0,0.75,0
13,9,0.07692307692307693,0.8461538461538461,0
24,9,0.2916666666666667,0.4166666666666667,0
12,12,0.0,0.75,0
18,15,0.16666666666666666,0.8333333333333334,0
28,13,0.25,0.6071428571428571,0
18,15,0.16666666666666666,0.8333333333333334,0
10,5,0.3,0.5,0
13,8,0.38461538461538464,0.6153846153846154,0
8,4,0.5,0.5,0
11,6,0.45454545454545453,0.5454545454545454,0
9,4,0.5555555555555556,0.5555555555555556,0
13,6,0.46153846153846156,0.6153846153846154,0
33,14,0.3333333333333333,0.6060606060606061,0
32,5,0.40625,0.34375,1
48,13,0.125,0.2708333333333333,1
32,8,0.15625,0.40625,1
33,8,0.21212121212121213,0.45454545454545453,1
33,8,0.18181818181818182,0.42424242424242425,1
59,-1,0.3050847457627119,0.1864406779661017,0
15,9,0.26666666666666666,0.6,0
18,7,0.3333333333333333,0.5,1
18,7,0.3333333333333333,0.5,1
22,5,0.6363636363636364,0.22727272727272727,0
6,3,0.5,0.6666666666666666,0
14,8,0.42857142857142855,0.7142857142857143,0
9,7,0.2222222222222222,0.5555555555555556,1
9,6,0.3333333333333333,0.5555555555555556,1
12,6,0.5,0.6666666666666666,1
6,3,0.3333333333333333,0.5,1
10,5,0.4,0.6,1
12,6,0.5,0.6666666666666666,1
15,9,0.2,0.6666666666666666,0
9,4,0.5555555555555556,0.5555555555555556,0
18,7,0.3333333333333333,0.5,1
8,4,0.5,0.625,1
24,13,0.4583333333333333,0.5416666666666666,1
6,3,0.5,0.6666666666666666,0
9,5,0.4444444444444444,0.4444444444444444,1
6,3,0.5,0.6666666666666666,0
9,6,0.3333333333333333,0.5555555555555556,1
10,6,0.4,0.6,1
9,3,0.6666666666666666,0.3333333333333333,0
9,5,0.4444444444444444,0.5555555555555556,1
6,3,0.5,0.5,1
10,5,0.5,0.5,1
7,3,0.5714285714285714,0.42857142857142855,0
16,8,0.5,0.5,0
15,3,0.4666666666666667,0.4,1
6,3,0.5,0.6666666666666666,0
81,1,0.32098765432098764,0.2962962962962963,0
33,8,0.09090909090909091,0.36363636363636365,1
43,2,0.3023255813953488,0.32558139534883723,1
8,5,0.25,0.625,0
38,9,0.39473684210526316,0.47368421052631576,0
59,2,0.23728813559322035,0.1864406779661017,0
18,2,0.4444444444444444,0.3888888888888889,1
24,4,0.2916666666666667,0.25,0
25,-3,0.16,0.12,0
21,0,0.38095238095238093,0.3333333333333333,1
59,1,0.288135593220339,0.2542372881355932,0
25,8,0.24,0.4,1
23,-1,0.34782608695652173,0.30434782608695654,0
47,6,0.14893617021276595,0.2765957446808511,0
47,12,0.14893617021276595,0.2765957446808511,0
45,4,0.2,0.2222222222222222,0
49,6,0.14285714285714285,0.22448979591836735,0
47,7,0.19148936170212766,0.2765957446808511,0
47,5,0.2127659574468085,0.2553191489361702,0
47,11,0.14893617021276595,0.3191489361702128,0
47,6,0.1702127659574468,0.2978723404255319,0
47,10,0.1702127659574468,0.2765957446808511,0
47,9,0.19148936170212766,0.2553191489361702,0
47,7,0.19148936170212766,0.3617021276595745,0
47,3,0.1702127659574468,0.2553191489361702,0
46,6,0.2608695652173913,0.2826086956521739,0
46,7,0.2608695652173913,0.2826086956521739,0
45,7,0.24444444444444444,0.26666666666666666,1
47,12,0.2127659574468085,0.2765957446808511,0
49,6,0.16326530612244897,0.22448979591836735,0
49,5,0.14285714285714285,0.22448979591836735,0
47,12,0.14893617021276595,0.3404255319148936,0
32,7,0.21875,0.4375,1
32,7,0.1875,0.40625,1
32,7,0.1875,0.375,1
11,5,0.18181818181818182,0.5454545454545454,0
79,4,0.3291139240506329,0.24050632911392406,0
75,7,0.22666666666666666,0.28,0
9,3,0.5555555555555556,0.5555555555555556,0
15,3,0.3333333333333333,0.4666666666666667,0
64,1,0.296875,0.296875,0
17,7,0.11764705882352941,0.47058823529411764,0
10,5,0.2,0.7,0
57,6,0.24561403508771928,0.21052631578947367,0
60,1,0.3,0.23333333333333334,0
46,9,0.1956521739130435,0.32608695652173914,0
47,7,0.2127659574468085,0.2978723404255319,0
12,2,0.5,0.4166666666666667,1
12,2,0.5,0.3333333333333333,0
48,4,0.2916666666666667,0.22916666666666666,0
47,6,0.2553191489361702,0.23404255319148937,0
47,6,0.2553191489361702,0.23404255319148937,0
47,4,0.2765957446808511,0.23404255319148937,0
47,6,0.2553191489361702,0.23404255319148937,1
47,6,0.2553191489361702,0.2765957446808511,0
47,6,0.2553191489361702,0.2553191489361702,0
47,6,0.2553191489361702,0.2553191489361702,0
12,2,0.4166666666666667,0.3333333333333333,0
11,1,0.5454545454545454,0.36363636363636365,1
12,1,0.5833333333333334,0.3333333333333333,1
20,8,0.5,0.5,0
11,1,0.18181818181818182,0.18181818181818182,0
28,6,0.42857142857142855,0.5,0
4,3,0.25,0.75,0
28,14,0.39285714285714285,0.8571428571428571,1
29,7,0.5517241379310345,0.4482758620689655,1
26,8,0.5384615384615384,0.5384615384615384,0
26,8,0.5384615384615384,0.5,1
11,1,0.6363636363636364,0.36363636363636365,0
89,13,0.25842696629213485,0.25842696629213485,0
15,1,0.4,0.3333333333333333,0
13,5,0.5384615384615384,0.6923076923076923,0
29,7,0.5517241379310345,0.4482758620689655,0
13,4,0.5384615384615384,0.46153846153846156,0
15,5,0.4666666666666667,0.3333333333333333,1
21,8,0.47619047619047616,0.42857142857142855,1
17,6,0.35294117647058826,0.47058823529411764,1
18,6,0.3333333333333333,0.4444444444444444,0
17,6,0.35294117647058826,0.47058823529411764,1
21,6,0.5714285714285714,0.3333333333333333,0
21,6,0.5714285714285714,0.38095238095238093,1
21,6,0.5714285714285714,0.3333333333333333,1
16,7,0.375,0.6875,1
16,7,0.375,0.625,1
16,7,0.375,0.6875,1
25,8,0.48,0.36,1
13,5,0.3076923076923077,0.46153846153846156,0
12,6,0.5,0.6666666666666666,1
13,6,0.5384615384615384,0.6923076923076923,1
36,5,0.4722222222222222,0.3888888888888889,1
35,6,0.4857142857142857,0.45714285714285713,1
37,8,0.43243243243243246,0.40540540540540543,1
35,6,0.45714285714285713,0.4857142857142857,1
37,7,0.43243243243243246,0.4864864864864865,1
35,7,0.45714285714285713,0.4857142857142857,1
35,5,0.4857142857142857,0.37142857142857144,1
37,7,0.4864864864864865,0.3783783783783784,0
37,8,0.43243243243243246,0.4864864864864865,0
35,6,0.45714285714285713,0.45714285714285713,1
37,7,0.43243243243243246,0.4594594594594595,0
18,9,0.4444444444444444,0.7777777777777778,1
18,8,0.4444444444444444,0.7222222222222222,1
9,4,0.5555555555555556,0.5555555555555556,0
35,7,0.45714285714285713,0.4857142857142857,1
37,8,0.43243243243243246,0.4864864864864865,0
18,7,0.2222222222222222,0.6111111111111112,1
21,7,0.2857142857142857,0.5714285714285714,1
20,8,0.4,0.6,0
10,7,0.3,0.7,1
9,4,0.5555555555555556,0.5555555555555556,0
37,7,0.43243243243243246,0.4594594594594595,1
33,6,0.45454545454545453,0.45454545454545453,1
35,7,0.45714285714285713,0.4,1
35,6,0.4857142857142857,0.45714285714285713,1
35,7,0.4857142857142857,0.42857142857142855,1
36,7,0.4444444444444444,0.4444444444444444,1
12,7,0.3333333333333333,0.75,1
12,6,0.4166666666666667,0.6666666666666666,1
12,6,0.4166666666666667,0.6666666666666666,1
12,5,0.5,0.5833333333333334,1
28,8,0.35714285714285715,0.32142857142857145,0
22,5,0.45454545454545453,0.5454545454545454,0
15,7,0.06666666666666667,0.3333333333333333,0
10,4,0.4,0.5,0
9,3,0.4444444444444444,0.3333333333333333,1
8,3,0.125,0.375,0
25,5,0.48,0.52,1
17,5,0.29411764705882354,0.47058823529411764,0
17,5,0.29411764705882354,0.4117647058823529,0
17,6,0.29411764705882354,0.5294117647058824,0
17,7,0.29411764705882354,0.5882352941176471,0
17,6,0.29411764705882354,0.47058823529411764,0
17,8,0.29411764705882354,0.6470588235294118,0
17,7,0.29411764705882354,0.5882352941176471,0
17,8,0.29411764705882354,0.6470588235294118,0
17,7,0.35294117647058826,0.5882352941176471,0
17,7,0.29411764705882354,0.5294117647058824,0
17,8,0.29411764705882354,0.5882352941176471,0
17,8,0.29411764705882354,0.5882352941176471,0
4,2,0.5,0.5,0
17,5,0.35294117647058826,0.47058823529411764,0
17,6,0.35294117647058826,0.5294117647058824,0
17,5,0.35294117647058826,0.4117647058823529,0
17,7,0.35294117647058826,0.5882352941176471,0
17,7,0.35294117647058826,0.5294117647058824,0
6,3,0.5,0.5,0
8,4,0.5,0.5,0
10,5,0.5,0.5,0
9,3,0.6666666666666666,0.3333333333333333,0
18,0,0.5555555555555556,0.3333333333333333,0
13,4,0.3076923076923077,0.3076923076923077,1
9,4,0.5555555555555556,0.5555555555555556,0
12,4,0.6666666666666666,0.5,1
6,2,0.6666666666666666,0.3333333333333333,0
7,3,0.5714285714285714,0.42857142857142855,0
9,4,0.5555555555555556,0.5555555555555556,0
7,3,0.5714285714285714,0.42857142857142855,0
14,6,0.5714285714285714,0.42857142857142855,0
7,2,0.7142857142857143,0.2857142857142857,1
50,5,0.26,0.16,0
50,4,0.26,0.16,0
49,6,0.24489795918367346,0.2857142857142857,0
36,6,0.25,0.3055555555555556,1
12,1,0.5833333333333334,0.3333333333333333,0
38,8,0.2894736842105263,0.2631578947368421,1
6,1,0.6666666666666666,0.5,0
8,1,0.5,0.125,1
20,9,0.4,0.7,0
15,-2,0.4,0.26666666666666666,0
76,7,0.34210526315789475,0.21052631578947367,1
4,1,0.25,0.0,0
29,1,0.3793103448275862,0.2413793103448276,0
27,3,0.25925925925925924,0.25925925925925924,0
13,1,0.46153846153846156,0.23076923076923078,0
27,-3,0.5185185185185185,0.4444444444444444,0
29,-3,0.5517241379310345,0.4482758620689655,0
27,-3,0.5185185185185185,0.4074074074074074,0
27,-3,0.48148148148148145,0.4074074074074074,0
19,3,0.2631578947368421,0.2631578947368421,1
19,3,0.3157894736842105,0.2631578947368421,1
20,3,0.3,0.25,1
19,3,0.3157894736842105,0.2631578947368421,1
20,2,0.3,0.2,1
49,3,0.46938775510204084,0.22448979591836735,0
19,1,0.3157894736842105,0.15789473684210525,0
17,4,0.17647058823529413,0.23529411764705882,1
39,8,0.358974358974359,0.48717948717948717,1
8,1,0.25,0.125,0
31,8,0.2903225806451613,0.41935483870967744,1
31,6,0.2903225806451613,0.3225806451612903,1
18,10,0.2222222222222222,0.5,1
18,10,0.2222222222222222,0.5,1
18,1,0.4444444444444444,0.3333333333333333,0
19,5,0.2631578947368421,0.3157894736842105,0
34,10,0.29411764705882354,0.3235294117647059,1
58,3,0.29310344827586204,0.3103448275862069,0
14,0,0.14285714285714285,0.07142857142857142,1
16,0,0.1875,0.0625,1
12,0,0.16666666666666666,0.0,1
14,0,0.14285714285714285,0.0,1
12,-1,0.0,0.0,1
13,-1,0.0,0.0,1
14,0,0.07142857142857142,0.0,1
32,0,0.3125,0.1875,0
36,-1,0.2222222222222222,0.1111111111111111,0
30,1,0.36666666666666664,0.23333333333333334,0
56,-1,0.21428571428571427,0.25,0
36,-2,0.3611111111111111,0.16666666666666666,1
63,7,0.23809523809523808,0.30158730158730157,0
20,1,0.3,0.2,1
69,-7,0.2463768115942029,0.2028985507246377,1
59,0,0.22033898305084745,0.2711864406779661,0
47,7,0.3404255319148936,0.40425531914893614,0
48,8,0.3333333333333333,0.4166666666666667,1
55,0,0.32727272727272727,0.2545454545454545,0
54,2,0.18518518518518517,0.2222222222222222,0
18,-3,0.3333333333333333,0.1111111111111111,0
61,3,0.2786885245901639,0.2786885245901639,0
60,-2,0.3,0.25,0
57,6,0.2631578947368421,0.2982456140350877,0
57,1,0.24561403508771928,0.2982456140350877,0
18,-2,0.3333333333333333,0.16666666666666666,0
16,-1,0.125,0.25,0
17,-3,0.17647058823529413,0.17647058823529413,0
18,-2,0.5,0.2777777777777778,0
53,0,0.2830188679245283,0.20754716981132076,0
53,0,0.2641509433962264,0.18867924528301888,0
54,4,0.18518518518518517,0.25925925925925924,0
53,3,0.20754716981132076,0.24528301886792453,0
60,0,0.2833333333333333,0.25,0
12,2,0.25,0.25,0
65,3,0.24615384615384617,0.2923076923076923,0
17,1,0.23529411764705882,0.23529411764705882,0
19,2,0.15789473684210525,0.21052631578947367,0
15,0,0.8,0.6,0
47,8,0.2765957446808511,0.40425531914893614,1
38,10,0.3157894736842105,0.4473684210526316,1
38,10,0.3157894736842105,0.47368421052631576,1
16,4,0.375,0.375,1
21,7,0.42857142857142855,0.5238095238095238,0
33,1,0.3939393939393939,0.3333333333333333,1
33,3,0.3939393939393939,0.36363636363636365,1
21,3,0.5238095238095238,0.47619047619047616,0
11,2,0.5454545454545454,0.7272727272727273,0
33,3,0.3939393939393939,0.3939393939393939,1
33,3,0.3939393939393939,0.3939393939393939,1
33,3,0.45454545454545453,0.42424242424242425,0
33,3,0.3939393939393939,0.36363636363636365,1
16,2,0.5625,0.4375,1
32,3,0.4375,0.34375,1
34,4,0.4117647058823529,0.35294117647058826,1
34,4,0.4117647058823529,0.35294117647058826,0
16,4,0.3125,0.5625,1
66,11,0.22727272727272727,0.24242424242424243,0
35,4,0.2,0.3142857142857143,0
56,4,0.23214285714285715,0.26785714285714285,0
30,2,0.26666666666666666,0.13333333333333333,0
13,2,0.3076923076923077,0.3076923076923077,1
10,3,0.1,0.0,0
32,7,0.3125,0.3125,1
42,6,0.2619047619047619,0.2857142857142857,1
10,5,0.1,0.6,1
10,5,0.3,0.6,1
10,5,0.3,0.6,1
10,6,0.2,0.6,1
35,12,0.2857142857142857,0.42857142857142855,1
51,15,0.35294117647058826,0.35294117647058826,1
50,14,0.34,0.34,1
55,10,0.21818181818181817,0.2909090909090909,0
20,-2,0.45,0.35,0
20,3,0.3,0.25,0
29,3,0.27586206896551724,0.3103448275862069,0
29,1,0.2413793103448276,0.3448275862068966,0
29,3,0.3103448275862069,0.41379310344827586,0
29,4,0.3103448275862069,0.4482758620689655,0
18,3,0.4444444444444444,0.3333333333333333,0
33,5,0.30303030303030304,0.21212121212121213,1
96,0,0.19791666666666666,0.20833333333333334,0
28,0,0.2857142857142857,0.42857142857142855,0
20,0,0.5,0.4,1
60,0,0.3333333333333333,0.26666666666666666,0
14,1,0.6428571428571429,0.5714285714285714,1
27,3,0.48148148148148145,0.4444444444444444,1
15,-2,0.4,0.3333333333333333,0
24,3,0.4583333333333333,0.3333333333333333,0
54,1,0.3888888888888889,0.3333333333333333,1
29,6,0.5517241379310345,0.4482758620689655,1
29,6,0.5517241379310345,0.4827586206896552,1
36,6,0.5555555555555556,0.3333333333333333,1
26,3,0.4230769230769231,0.38461538461538464,1
26,3,0.38461538461538464,0.34615384615384615,1
26,3,0.4230769230769231,0.38461538461538464,1
26,3,0.38461538461538464,0.38461538461538464,1
33,4,0.45454545454545453,0.45454545454545453,1
14,3,0.5,0.5714285714285714,1
33,3,0.42424242424242425,0.42424242424242425,0
14,1,0.5714285714285714,0.5714285714285714,1
14,1,0.5714285714285714,0.5,1
14,1,0.5714285714285714,0.5714285714285714,1
21,2,0.38095238095238093,0.38095238095238093,1
37,5,0.4594594594594595,0.35135135135135137,0
30,-1,0.36666666666666664,0.16666666666666666,0
31,2,0.3225806451612903,0.25806451612903225,1
30,2,0.3333333333333333,0.23333333333333334,0
33,4,0.42424242424242425,0.5151515151515151,1
33,4,0.3939393939393939,0.48484848484848486,1
33,5,0.3939393939393939,0.48484848484848486,1
31,0,0.3548387096774194,0.25806451612903225,0
31,0,0.3548387096774194,0.1935483870967742,0
30,2,0.23333333333333334,0.16666666666666666,0
24,1,0.3333333333333333,0.375,0
34,7,0.2647058823529412,0.38235294117647056,1
31,3,0.3870967741935484,0.3548387096774194,1
39,6,0.38461538461538464,0.2564102564102564,1
18,-2,0.5,0.3888888888888889,0
15,0,0.4,0.4666666666666667,1
18,2,0.3888888888888889,0.3888888888888889,0
77,16,0.2857142857142857,0.37662337662337664,0
15,5,0.2,0.4,1
15,5,0.3333333333333333,0.4,1
25,7,0.28,0.4,1
15,4,0.4,0.3333333333333333,1
21,5,0.3333333333333333,0.6666666666666666,0
55,1,0.2,0.2,0
15,3,0.26666666666666666,0.4,1
4,2,0.0,0.25,0
8,1,0.125,0.25,0
12,2,0.25,0.3333333333333333,0
17,3,0.5294117647058824,0.47058823529411764,1
8,5,0.125,0.625,0
35,8,0.34285714285714286,0.5142857142857142,1
49,4,0.3673469387755102,0.30612244897959184,0
66,0,0.21212121212121213,0.30303030303030304,0
18,2,0.4444444444444444,0.3888888888888889,0
18,2,0.4444444444444444,0.3888888888888889,0
18,2,0.4444444444444444,0.3888888888888889,0
18,2,0.3888888888888889,0.3888888888888889,0
18,3,0.4444444444444444,0.3888888888888889,0
18,2,0.3888888888888889,0.3333333333333333,0
18,2,0.3888888888888889,0.3333333333333333,0
18,2,0.3888888888888889,0.3333333333333333,0
18,2,0.3888888888888889,0.3888888888888889,0
11,5,0.45454545454545453,0.45454545454545453,1
13,7,0.38461538461538464,0.46153846153846156,1
18,10,0.3888888888888889,0.5,1
18,10,0.3888888888888889,0.4444444444444444,1
43,-4,0.16279069767441862,0.23255813953488372,0
19,2,0.15789473684210525,0.2631578947368421,0
4,-1,0.25,0.25,0
8,0,0.375,0.375,0
36,-5,0.4444444444444444,0.4444444444444444,0
39,-5,0.41025641025641024,0.41025641025641024,0
41,-5,0.3902439024390244,0.3902439024390244,0
42,-5,0.38095238095238093,0.38095238095238093,0
45,-5,0.4666666666666667,0.37777777777777777,0
49,-5,0.42857142857142855,0.3469387755102041,0
49,-4,0.42857142857142855,0.3673469387755102,0
37,-4,0.43243243243243246,0.4594594594594595,0
36,-3,0.4722222222222222,0.3888888888888889,0
35,-3,0.4,0.37142857142857144,0
37,5,0.43243243243243246,0.43243243243243246,0
33,6,0.45454545454545453,0.42424242424242425,1
33,5,0.45454545454545453,0.42424242424242425,1
40,5,0.375,0.35,0
32,2,0.46875,0.3125,0
32,2,0.46875,0.3125,0
32,1,0.46875,0.3125,0
32,5,0.5625,0.34375,1
37,7,0.3783783783783784,0.5675675675675675,1
30,5,0.3,0.3,1
32,2,0.40625,0.3125,1
30,2,0.4666666666666667,0.36666666666666664,0
42,1,0.38095238095238093,0.19047619047619047,1
42,2,0.38095238095238093,0.19047619047619047,1
42,1,0.38095238095238093,0.16666666666666666,1
26,-1,0.23076923076923078,0.5,0
17,3,0.5882352941176471,0.35294117647058826,0
24,5,0.375,0.4583333333333333,1
33,3,0.45454545454545453,0.3333333333333333,1
33,2,0.36363636363636365,0.30303030303030304,1
33,3,0.3939393939393939,0.3939393939393939,1
11,2,0.5454545454545454,0.7272727272727273,0
10,2,0.6,0.8,0
11,2,0.5454545454545454,0.7272727272727273,0
11,2,0.5454545454545454,0.7272727272727273,1
11,2,0.6363636363636364,0.7272727272727273,0
11,1,0.6363636363636364,0.7272727272727273,0
27,4,0.2962962962962963,0.2962962962962963,0
16,-1,0.3125,0.3125,1
19,0,0.3684210526315789,0.21052631578947367,0
74,7,0.22972972972972974,0.24324324324324326,1
72,6,0.2916666666666667,0.2222222222222222,1
71,7,0.23943661971830985,0.2112676056338028,1
71,5,0.2535211267605634,0.18309859154929578,1
71,6,0.23943661971830985,0.19718309859154928,1
71,7,0.23943661971830985,0.19718309859154928,1
72,6,0.2777777777777778,0.2361111111111111,1
47,3,0.3829787234042553,0.2127659574468085,1
6,1,0.16666666666666666,0.3333333333333333,1
32,2,0.46875,0.34375,1
17,2,0.5882352941176471,0.5294117647058824,1
36,-3,0.4166666666666667,0.3611111111111111,0
36,-4,0.4166666666666667,0.4166666666666667,0
36,-3,0.4444444444444444,0.3611111111111111,0
36,-3,0.4722222222222222,0.3611111111111111,0
42,-3,0.40476190476190477,0.30952380952380953,0
31,4,0.3870967741935484,0.45161290322580644,1
31,4,0.3870967741935484,0.45161290322580644,1
21,2,0.38095238095238093,0.47619047619047616,1
27,2,0.5185185185185185,0.2222222222222222,1
10,1,0.4,0.2,0
25,4,0.44,0.36,1
20,2,0.3,0.2,1
25,4,0.44,0.4,1
25,4,0.44,0.4,1
10,1,0.2,0.2,1
25,9,0.36,0.56,1
20,-1,0.3,0.05,0
10,0,0.4,0.4,0
40,4,0.4,0.275,1
69,10,0.4057971014492754,0.4057971014492754,1
20,-1,0.35,0.15,1
18,4,0.3333333333333333,0.2222222222222222,0
17,3,0.4117647058823529,0.35294117647058826,1
23,4,0.43478260869565216,0.43478260869565216,1
12,1,0.16666666666666666,0.16666666666666666,0
23,6,0.30434782608695654,0.30434782608695654,0
17,3,0.47058823529411764,0.47058823529411764,1
14,3,0.5,0.42857142857142855,1
18,0,0.6111111111111112,0.3888888888888889,0
24,3,0.20833333333333334,0.20833333333333334,0
20,2,0.35,0.4,0
53,2,0.22641509433962265,0.18867924528301888,0
42,8,0.30952380952380953,0.23809523809523808,1
14,6,0.21428571428571427,0.42857142857142855,1
13,2,0.38461538461538464,0.46153846153846156,0
19,-2,0.15789473684210525,0.05263157894736842,0
18,1,0.2777777777777778,0.2222222222222222,1
22,-1,0.3181818181818182,0.13636363636363635,1
13,0,0.23076923076923078,0.3076923076923077,1
77,5,0.22077922077922077,0.2077922077922078,0
41,7,0.24390243902439024,0.2682926829268293,1
20,3,0.2,0.15,0
19,3,0.05263157894736842,0.15789473684210525,0
17,1,0.17647058823529413,0.11764705882352941,0
20,5,0.15,0.25,0
17,1,0.17647058823529413,0.058823529411764705,0
19,4,0.21052631578947367,0.15789473684210525,0
12,1,0.25,0.08333333333333333,0
84,5,0.2976190476190476,0.3333333333333333,1
30,9,0.36666666666666664,0.6,1
5,-1,0.2,0.0,0
19,2,0.15789473684210525,0.21052631578947367,0
16,0,0.0,0.25,0
35,9,0.2571428571428571,0.5142857142857142,0
35,8,0.2571428571428571,0.4857142857142857,0
34,5,0.23529411764705882,0.3235294117647059,0
64,4,0.25,0.25,0
19,11,0.05263157894736842,0.631578947368421,0
14,6,0.14285714285714285,0.42857142857142855,0
10,9,0.0,0.9,0
38,12,0.18421052631578946,0.3684210526315789,1
12,2,0.4166666666666667,0.5,0
10,2,0.3,0.4,0
12,2,0.4166666666666667,0.5,0
12,3,0.3333333333333333,0.4166666666666667,0
12,3,0.25,0.4166666666666667,0
67,15,0.04477611940298507,0.23880597014925373,0
21,7,0.3333333333333333,0.5238095238095238,0
37,7,0.1891891891891892,0.2972972972972973,1
37,6,0.1891891891891892,0.2972972972972973,1
82,-2,0.1951219512195122,0.1951219512195122,0
47,-1,0.3829787234042553,0.2978723404255319,1
21,4,0.38095238095238093,0.38095238095238093,0
67,11,0.22388059701492538,0.22388059701492538,0
21,0,0.3333333333333333,0.2857142857142857,1
37,-1,0.13513513513513514,0.08108108108108109,0
48,2,0.1875,0.1875,0
81,2,0.3333333333333333,0.32098765432098764,1
54,3,0.35185185185185186,0.3333333333333333,0
32,4,0.1875,0.25,0
27,4,0.4074074074074074,0.37037037037037035,1
28,1,0.42857142857142855,0.32142857142857145,0
14,0,0.21428571428571427,0.14285714285714285,1
13,2,0.38461538461538464,0.46153846153846156,0
30,2,0.4,0.2,1
37,2,0.4864864864864865,0.1891891891891892,1
17,7,0.11764705882352941,0.47058823529411764,0
35,5,0.2857142857142857,0.22857142857142856,1
11,1,0.5454545454545454,0.09090909090909091,0
9,1,0.4444444444444444,0.1111111111111111,1
41,3,0.3902439024390244,0.21951219512195122,0
20,0,0.45,0.3,1
20,-1,0.5,0.35,1
77,-6,0.42857142857142855,0.3116883116883117,1
84,-6,0.4642857142857143,0.2857142857142857,0
19,4,0.3157894736842105,0.3684210526315789,0
21,7,0.42857142857142855,0.5238095238095238,0
22,4,0.45454545454545453,0.2727272727272727,1
33,2,0.42424242424242425,0.30303030303030304,1
33,2,0.3939393939393939,0.2727272727272727,1
33,2,0.3939393939393939,0.30303030303030304,1
27,1,0.5185185185185185,0.25925925925925924,0
30,0,0.4666666666666667,0.23333333333333334,0
33,3,0.42424242424242425,0.3333333333333333,1
33,2,0.3939393939393939,0.30303030303030304,1
33,2,0.3939393939393939,0.30303030303030304,1
34,7,0.4117647058823529,0.38235294117647056,1
88,6,0.32954545454545453,0.26136363636363635,1
37,9,0.24324324324324326,0.2972972972972973,1
15,2,0.2,0.3333333333333333,0
31,-2,0.3870967741935484,0.3870967741935484,0
37,-2,0.40540540540540543,0.3783783783783784,0
25,0,0.4,0.4,0
20,4,0.45,0.4,1
18,0,0.3888888888888889,0.2777777777777778,0
30,5,0.36666666666666664,0.23333333333333334,0
16,6,0.4375,0.6875,0
20,5,0.4,0.45,1
18,-6,0.5,0.2777777777777778,0
18,2,0.5,0.5,0
8,-1,0.5,0.375,0
18,-2,0.5,0.3333333333333333,0
18,-3,0.4444444444444444,0.3333333333333333,0
18,-2,0.4444444444444444,0.3333333333333333,0
10,-1,0.6,0.4,0
12,-2,0.5,0.3333333333333333,0
18,-2,0.5,0.4444444444444444,0
13,-2,0.5384615384615384,0.3076923076923077,0
16,-3,0.5,0.3125,0
18,-2,0.5,0.3888888888888889,0
19,-2,0.47368421052631576,0.3684210526315789,0
20,-2,0.5,0.35,0
18,0,0.5,0.4444444444444444,0
18,-3,0.5,0.3888888888888889,0
18,-1,0.5,0.4444444444444444,0
18,-2,0.5,0.3888888888888889,0
18,-1,0.4444444444444444,0.3888888888888889,0
18,-2,0.5,0.4444444444444444,0
18,-2,0.5,0.3888888888888889,0
18,-2,0.4444444444444444,0.3333333333333333,0
18,-2,0.5,0.3333333333333333,0
18,4,0.5,0.5555555555555556,0
18,-2,0.5,0.4444444444444444,0
18,-2,0.5,0.3888888888888889,0
18,-2,0.5,0.4444444444444444,0
18,-2,0.5,0.3888888888888889,0
18,-1,0.5,0.3333333333333333,0
18,-1,0.5,0.3333333333333333,0
18,-1,0.5,0.2777777777777778,0
18,6,0.5,0.6111111111111112,0
31,6,0.3548387096774194,0.45161290322580644,1
31,5,0.3548387096774194,0.41935483870967744,1
31,5,0.3548387096774194,0.41935483870967744,1
31,5,0.41935483870967744,0.45161290322580644,1
25,0,0.4,0.2,0
18,-1,0.6111111111111112,0.2777777777777778,0
18,-2,0.5,0.3888888888888889,0
18,-2,0.5,0.3888888888888889,0
43,5,0.3023255813953488,0.27906976744186046,1
20,9,0.3,0.7,0
79,6,0.34177215189873417,0.1518987341772152,1
79,5,0.35443037974683544,0.16455696202531644,0
63,-4,0.25396825396825395,0.15873015873015872,0
66,-4,0.3181818181818182,0.24242424242424243,0
66,-3,0.3181818181818182,0.25757575757575757,1
13,2,0.38461538461538464,0.23076923076923078,1
40,3,0.3,0.15,1
39,3,0.2564102564102564,0.1794871794871795,1
12,2,0.6666666666666666,0.5,0
69,5,0.17391304347826086,0.2463768115942029,0
19,0,0.3684210526315789,0.3157894736842105,0
34,8,0.29411764705882354,0.35294117647058826,1
22,1,0.3181818181818182,0.3181818181818182,0
12,2,0.5833333333333334,0.5,0
19,-3,0.47368421052631576,0.3157894736842105,0
18,1,0.3333333333333333,0.1111111111111111,0
12,2,0.6666666666666666,0.4166666666666667,0
12,2,0.6666666666666666,0.4166666666666667,0
12,2,0.6666666666666666,0.4166666666666667,0
6,0,0.8333333333333334,0.5,0
12,1,0.75,0.4166666666666667,0
12,1,0.75,0.5,0
12,2,0.6666666666666666,0.4166666666666667,0
12,2,0.75,0.5,0
12,1,0.75,0.4166666666666667,0
12,2,0.6666666666666666,0.5,0
12,2,0.6666666666666666,0.5833333333333334,0
12,2,0.6666666666666666,0.5,0
18,-1,0.4444444444444444,0.2222222222222222,0
20,1,0.25,0.3,1
83,4,0.1927710843373494,0.24096385542168675,1
8,-1,0.375,0.0,1
19,-4,0.42105263157894735,0.3157894736842105,0
30,0,0.3333333333333333,0.1,1
55,3,0.2545454545454545,0.21818181818181817,0
42,5,0.30952380952380953,0.2619047619047619,1
19,-4,0.42105263157894735,0.2631578947368421,0
19,-4,0.42105263157894735,0.2631578947368421,0
19,-4,0.42105263157894735,0.3157894736842105,0
19,-4,0.47368421052631576,0.3157894736842105,0
19,-4,0.42105263157894735,0.2631578947368421,0
19,-4,0.47368421052631576,0.3157894736842105,0
19,-4,0.42105263157894735,0.2631578947368421,0
10,-1,0.6,0.4,0
19,-3,0.47368421052631576,0.3157894736842105,0
19,-4,0.47368421052631576,0.3157894736842105,0
19,-4,0.47368421052631576,0.3157894736842105,0
13,-2,0.46153846153846156,0.3076923076923077,0
19,-3,0.47368421052631576,0.3157894736842105,0
19,-4,0.47368421052631576,0.3157894736842105,0
19,-4,0.42105263157894735,0.2631578947368421,0
16,-3,0.4375,0.3125,0
19,-3,0.47368421052631576,0.3157894736842105,0
19,-4,0.47368421052631576,0.3157894736842105,0
19,-4,0.42105263157894735,0.2631578947368421,0
19,-4,0.42105263157894735,0.3157894736842105,0
9,-1,0.3333333333333333,0.2222222222222222,0
69,10,0.3188405797101449,0.3333333333333333,1
58,5,0.29310344827586204,0.2413793103448276,0
12,1,0.25,0.25,0
18,-1,0.5555555555555556,0.2777777777777778,0
11,-1,0.5454545454545454,0.18181818181818182,1
19,4,0.21052631578947367,0.2631578947368421,0
18,1,0.2777777777777778,0.16666666666666666,0
19,4,0.15789473684210525,0.2631578947368421,0
18,1,0.2777777777777778,0.16666666666666666,0
9,0,0.5555555555555556,0.2222222222222222,0
37,9,0.32432432432432434,0.40540540540540543,0
16,-2,0.4375,0.375,0
36,-5,0.4722222222222222,0.3888888888888889,0
40,-5,0.425,0.35,0
40,-4,0.425,0.375,0
19,0,0.5263157894736842,0.3157894736842105,0
25,1,0.48,0.28,0
31,6,0.2903225806451613,0.3548387096774194,0
25,3,0.52,0.44,0
20,2,0.5,0.4,0
11,-4,0.36363636363636365,0.18181818181818182,0
20,2,0.3,0.25,0
18,-1,0.2777777777777778,0.2222222222222222,0
8,1,0.5,0.25,0
20,-1,0.35,0.3,1
43,2,0.4418604651162791,0.3488372093023256,0
32,1,0.3125,0.25,1
23,1,0.34782608695652173,0.30434782608695654,0
15,4,0.3333333333333333,0.3333333333333333,1
35,-1,0.34285714285714286,0.34285714285714286,0
37,4,0.35135135135135137,0.2702702702702703,0
19,11,0.0,0.5789473684210527,0
22,0,0.2727272727272727,0.3181818181818182,0
13,2,0.3076923076923077,0.46153846153846156,0
22,0,0.2727272727272727,0.3181818181818182,0
22,2,0.2727272727272727,0.36363636363636365,0
22,4,0.2727272727272727,0.4090909090909091,0
22,4,0.2727272727272727,0.4090909090909091,0
18,3,0.2222222222222222,0.2222222222222222,0
43,3,0.3488372093023256,0.16279069767441862,0
43,3,0.32558139534883723,0.20930232558139536,1
33,-1,0.3333333333333333,0.30303030303030304,0
71,5,0.28169014084507044,0.38028169014084506,0
29,16,0.1724137931034483,0.6551724137931034,1
18,3,0.4444444444444444,0.6111111111111112,0
15,4,0.4666666666666667,0.4666666666666667,1
20,-1,0.45,0.15,0
8,1,0.625,0.625,0
9,1,0.6666666666666666,0.5555555555555556,0
24,4,0.6666666666666666,0.375,0
11,2,0.7272727272727273,0.9090909090909091,0
58,7,0.3275862068965517,0.5172413793103449,1
25,3,0.44,0.24,0
20,2,0.35,0.55,0
30,2,0.4,0.5,0
20,2,0.5,0.4,0
20,8,0.45,0.55,0
44,10,0.2727272727272727,0.4772727272727273,1
42,6,0.2857142857142857,0.40476190476190477,1
20,0,0.55,0.25,0
12,-1,0.25,0.08333333333333333,0
41,3,0.4878048780487805,0.1951219512195122,1
14,1,0.7857142857142857,0.5,0
37,3,0.4864864864864865,0.3783783783783784,1
22,1,0.5909090909090909,0.13636363636363635,1
21,0,0.42857142857142855,0.19047619047619047,0
29,-1,0.3103448275862069,0.1724137931034483,0
24,1,0.25,0.2916666666666667,1
9,2,0.4444444444444444,0.5555555555555556,1
27,1,0.4074074074074074,0.3333333333333333,1
20,0,0.35,0.3,0
35,-5,0.34285714285714286,0.3142857142857143,0
12,0,0.3333333333333333,0.16666666666666666,1
24,7,0.25,0.375,0
21,3,0.47619047619047616,0.2857142857142857,1
19,4,0.05263157894736842,0.15789473684210525,0
18,0,0.3333333333333333,0.2222222222222222,1
55,4,0.2727272727272727,0.2909090909090909,0
32,11,0.34375,0.59375,0
52,0,0.25,0.25,0
50,3,0.26,0.28,0
15,7,0.4,0.7333333333333333,1
17,9,0.11764705882352941,0.5882352941176471,0
22,9,0.2727272727272727,0.45454545454545453,0
33,17,0.21212121212121213,0.5454545454545454,0
19,9,0.10526315789473684,0.5263157894736842,0
20,5,0.2,0.4,0
15,8,0.06666666666666667,0.5333333333333333,0
24,9,0.4166666666666667,0.5416666666666666,1
25,9,0.44,0.56,1
21,7,0.3333333333333333,0.47619047619047616,1
24,7,0.2916666666666667,0.375,0
14,-1,0.5714285714285714,0.21428571428571427,0
14,-1,0.5714285714285714,0.14285714285714285,0
48,-6,0.375,0.3125,0
12,2,0.25,0.3333333333333333,0
10,0,0.2,0.0,1
13,5,0.23076923076923078,0.5384615384615384,1
15,4,0.3333333333333333,0.3333333333333333,1
51,3,0.2549019607843137,0.27450980392156865,0
19,3,0.15789473684210525,0.10526315789473684,0
18,2,0.16666666666666666,0.16666666666666666,0
37,1,0.32432432432432434,0.21621621621621623,1
41,1,0.3170731707317073,0.24390243902439024,1
60,6,0.31666666666666665,0.26666666666666666,0
46,0,0.34782608695652173,0.1956521739130435,0
47,5,0.3404255319148936,0.2127659574468085,1
39,2,0.38461538461538464,0.1282051282051282,1
30,-3,0.5,0.36666666666666664,0
35,0,0.42857142857142855,0.22857142857142856,0
21,1,0.47619047619047616,0.3333333333333333,1
29,2,0.3103448275862069,0.20689655172413793,1
32,2,0.25,0.125,1
15,2,0.4,0.26666666666666666,0
20,2,0.45,0.4,1
20,2,0.4,0.4,1
38,2,0.5,0.10526315789473684,1
98,6,0.35714285714285715,0.20408163265306123,0
20,9,0.25,0.55,1
12,6,0.08333333333333333,0.5,0
10,0,0.2,0.0,0
38,-7,0.23684210526315788,0.2894736842105263,0
24,1,0.2916666666666667,0.08333333333333333,1
80,3,0.325,0.2875,0
5,0,0.6,0.2,0
6,0,0.5,0.0,1
6,0,0.5,0.0,1
6,0,0.5,0.0,1
6,0,0.5,0.0,1
15,0,0.6,0.4,0
32,4,0.25,0.25,1
14,7,0.2857142857142857,0.5714285714285714,1
23,6,0.5217391304347826,0.43478260869565216,1
18,0,0.5555555555555556,0.3333333333333333,0
6,1,0.6666666666666666,0.16666666666666666,1
15,-1,0.5333333333333333,0.26666666666666666,0
47,1,0.3404255319148936,0.2127659574468085,0
36,2,0.3888888888888889,0.2222222222222222,1
43,3,0.37209302325581395,0.18604651162790697,0
20,-2,0.45,0.15,0
18,-2,0.4444444444444444,0.2777777777777778,0
63,8,0.2698412698412698,0.2698412698412698,0
69,4,0.5797101449275363,0.2608695652173913,1
20,0,0.45,0.25,0
15,2,0.4,0.4666666666666667,0
15,4,0.5333333333333333,0.26666666666666666,1
38,2,0.2894736842105263,0.2631578947368421,1
28,-2,0.39285714285714285,0.42857142857142855,0
36,-3,0.3333333333333333,0.3888888888888889,0
36,-2,0.3611111111111111,0.4166666666666667,0
36,-3,0.3055555555555556,0.3611111111111111,0
36,-2,0.3333333333333333,0.3888888888888889,0
9,0,0.8888888888888888,0.5555555555555556,0
16,5,0.3125,0.4375,1
39,7,0.358974358974359,0.5128205128205128,1
93,6,0.3548387096774194,0.20430107526881722,0
17,-2,0.35294117647058826,0.17647058823529413,0
7,0,0.7142857142857143,0.5714285714285714,0
33,4,0.36363636363636365,0.3333333333333333,1
34,3,0.35294117647058826,0.3235294117647059,1
4,1,0.5,0.25,0
37,0,0.40540540540540543,0.24324324324324326,0
92,4,0.3695652173913043,0.25,0
15,-1,0.3333333333333333,0.2,0
19,5,0.3157894736842105,0.47368421052631576,0
20,3,0.25,0.3,1
19,4,0.2631578947368421,0.3157894736842105,1
20,4,0.2,0.3,0
19,6,0.2631578947368421,0.47368421052631576,0
15,2,0.2,0.26666666666666666,1
16,2,0.3125,0.3125,1
15,2,0.2,0.26666666666666666,1
16,2,0.25,0.25,1
19,5,0.3157894736842105,0.47368421052631576,0
19,6,0.2631578947368421,0.42105263157894735,0
19,5,0.2631578947368421,0.47368421052631576,0
19,6,0.21052631578947367,0.42105263157894735,0
19,5,0.2631578947368421,0.42105263157894735,0
19,5,0.2631578947368421,0.42105263157894735,0
19,4,0.3157894736842105,0.42105263157894735,0
19,5,0.2631578947368421,0.3684210526315789,0
19,5,0.2631578947368421,0.42105263157894735,0
20,4,0.25,0.35,0
19,5,0.2631578947368421,0.42105263157894735,1
19,5,0.3684210526315789,0.42105263157894735,0
19,4,0.3157894736842105,0.42105263157894735,0
19,4,0.3157894736842105,0.42105263157894735,0
19,5,0.3684210526315789,0.47368421052631576,0
19,5,0.3157894736842105,0.42105263157894735,0
19,6,0.3157894736842105,0.42105263157894735,0
19,5,0.3684210526315789,0.47368421052631576,0
19,6,0.3157894736842105,0.47368421052631576,0
19,5,0.3684210526315789,0.47368421052631576,0
19,5,0.3157894736842105,0.42105263157894735,0
19,5,0.3157894736842105,0.42105263157894735,0
19,5,0.3157894736842105,0.42105263157894735,0
19,6,0.3157894736842105,0.47368421052631576,0
19,5,0.3157894736842105,0.42105263157894735,0
19,5,0.3157894736842105,0.42105263157894735,0
19,5,0.3684210526315789,0.42105263157894735,0
19,5,0.3684210526315789,0.42105263157894735,0
19,5,0.3684210526315789,0.42105263157894735,0
19,4,0.3157894736842105,0.3684210526315789,0
19,5,0.3157894736842105,0.42105263157894735,0
19,5,0.2631578947368421,0.3684210526315789,0
19,6,0.21052631578947367,0.42105263157894735,0
19,6,0.2631578947368421,0.47368421052631576,0
19,5,0.3157894736842105,0.42105263157894735,0
19,5,0.3157894736842105,0.42105263157894735,0
44,-5,0.4090909090909091,0.3409090909090909,0
19,5,0.2631578947368421,0.42105263157894735,0
15,1,0.6666666666666666,0.6,0
31,-2,0.25806451612903225,0.4838709677419355,0
18,-3,0.3333333333333333,0.16666666666666666,0
18,-1,0.3888888888888889,0.2777777777777778,0
59,4,0.3220338983050847,0.2542372881355932,0
13,2,0.38461538461538464,0.46153846153846156,0
68,2,0.27941176470588236,0.23529411764705882,0
23,2,0.34782608695652173,0.30434782608695654,0
2,0,1.0,0.5,0
36,2,0.3055555555555556,0.3055555555555556,1
32,5,0.34375,0.15625,1
34,5,0.5,0.23529411764705882,1
23,5,0.5652173913043478,0.391304347826087,1
34,2,0.5294117647058824,0.4411764705882353,1
37,2,0.5135135135135135,0.43243243243243246,1
34,1,0.5294117647058824,0.4117647058823529,1
34,1,0.5,0.4117647058823529,1
23,5,0.5217391304347826,0.391304347826087,1
23,5,0.5217391304347826,0.391304347826087,1
55,5,0.509090909090909,0.34545454545454546,1
2,0,0.5,0.0,0
15,0,0.9333333333333333,0.3333333333333333,0
15,0,0.9333333333333333,0.26666666666666666,0
15,0,0.9333333333333333,0.26666666666666666,0
29,3,0.20689655172413793,0.1724137931034483,1
30,4,0.2,0.2,1
30,5,0.4666666666666667,0.4,1
43,1,0.06976744186046512,0.046511627906976744,1
20,6,0.4,0.5,0
50,6,0.26,0.34,1
23,3,0.34782608695652173,0.2608695652173913,1
17,2,0.6470588235294118,0.6470588235294118,1
9,1,0.3333333333333333,0.2222222222222222,1
58,-3,0.3793103448275862,0.3103448275862069,1
6,1,0.3333333333333333,0.16666666666666666,0
12,2,0.3333333333333333,0.16666666666666666,0
18,3,0.3333333333333333,0.16666666666666666,0
7,1,0.5714285714285714,0.0,0
40,2,0.25,0.15,0
26,9,0.34615384615384615,0.5769230769230769,1
58,8,0.3103448275862069,0.3620689655172414,1
23,2,0.5217391304347826,0.43478260869565216,1
20,7,0.45,0.5,0
14,6,0.5714285714285714,0.9285714285714286,0
17,-3,0.47058823529411764,0.35294117647058826,0
24,3,0.5833333333333334,0.16666666666666666,1
24,2,0.5833333333333334,0.16666666666666666,0
24,2,0.5833333333333334,0.16666666666666666,1
24,2,0.5833333333333334,0.16666666666666666,0
23,2,0.5652173913043478,0.17391304347826086,1
18,5,0.5555555555555556,0.4444444444444444,0
13,4,0.5384615384615384,0.46153846153846156,0
7,0,0.7142857142857143,0.42857142857142855,0
18,-1,0.7222222222222222,0.4444444444444444,0
24,2,0.625,0.16666666666666666,1
21,6,0.5238095238095238,0.5714285714285714,0
41,5,0.34146341463414637,0.3170731707317073,1
88,-1,0.2159090909090909,0.22727272727272727,1
67,-1,0.23880597014925373,0.2537313432835821,1
88,0,0.2159090909090909,0.22727272727272727,1
88,1,0.20454545454545456,0.22727272727272727,1
88,2,0.2159090909090909,0.2159090909090909,1
88,1,0.20454545454545456,0.2159090909090909,1
88,2,0.2159090909090909,0.2159090909090909,1
69,-1,0.21739130434782608,0.2318840579710145,1
88,2,0.20454545454545456,0.23863636363636365,1
13,2,0.46153846153846156,0.38461538461538464,1
13,4,0.6923076923076923,0.5384615384615384,0
13,4,0.6153846153846154,0.5384615384615384,0
13,4,0.6153846153846154,0.5384615384615384,0
13,4,0.5384615384615384,0.5384615384615384,0
67,1,0.23880597014925373,0.26865671641791045,1
10,1,0.6,0.5,0
10,2,0.6,0.6,1
10,1,0.6,0.4,0
10,1,0.6,0.3,0
25,4,0.56,0.44,0
6,1,0.3333333333333333,0.3333333333333333,0
12,2,0.3333333333333333,0.3333333333333333,0
18,3,0.3333333333333333,0.3333333333333333,0
9,2,0.4444444444444444,0.5555555555555556,0
14,6,0.5,0.7857142857142857,0
15,8,0.4666666666666667,0.8,0
15,7,0.4,0.8,0
15,7,0.4,0.8,0
15,8,0.4666666666666667,0.8666666666666667,0
15,8,0.4,0.8,0
15,9,0.4,0.8,0
15,9,0.4,0.8666666666666667,0
15,8,0.4666666666666667,0.8666666666666667,0
15,8,0.4,0.8,0
15,9,0.4,0.8666666666666667,0
15,8,0.4,0.8,0
16,8,0.4375,0.8125,0
17,8,0.47058823529411764,0.8235294117647058,0
15,8,0.4,0.8,0
15,8,0.4666666666666667,0.8,0
14,6,0.5,0.7857142857142857,0
19,7,0.3684210526315789,0.47368421052631576,0
20,9,0.45,0.65,0
32,12,0.375,0.53125,0
41,3,0.1951219512195122,0.12195121951219512,0
20,1,0.35,0.3,0
32,5,0.46875,0.375,1
88,2,0.22727272727272727,0.25,1
10,1,0.4,0.4,1
5,1,0.6,0.6,0
20,1,0.5,0.45,0
21,4,0.5238095238095238,0.5714285714285714,0
21,4,0.5714285714285714,0.5238095238095238,0
71,6,0.323943661971831,0.39436619718309857,0
60,1,0.26666666666666666,0.26666666666666666,0
55,2,0.41818181818181815,0.23636363636363636,1
9,0,0.8888888888888888,0.5555555555555556,0
9,0,0.8888888888888888,0.5555555555555556,0
13,0,0.6153846153846154,0.5384615384615384,1
5,0,0.8,0.6,0
9,0,0.8888888888888888,0.5555555555555556,0
6,0,0.8333333333333334,0.6666666666666666,0
9,0,0.8888888888888888,0.5555555555555556,0
7,0,0.8571428571428571,0.7142857142857143,0
9,0,0.8888888888888888,0.6666666666666666,0
8,0,0.875,0.625,0
9,0,0.8888888888888888,0.5555555555555556,0
9,0,0.8888888888888888,0.6666666666666666,0
13,1,0.6923076923076923,0.5384615384615384,1
13,-1,0.6153846153846154,0.46153846153846156,1
4,1,0.5,0.5,0
19,-1,0.15789473684210525,0.05263157894736842,0
36,2,0.3333333333333333,0.16666666666666666,1
36,1,0.3055555555555556,0.16666666666666666,1
29,2,0.3448275862068966,0.3103448275862069,1
10,0,0.6,0.0,0
55,4,0.21818181818181817,0.2727272727272727,0
21,1,0.42857142857142855,0.23809523809523808,0
60,3,0.35,0.31666666666666665,0
92,5,0.3695652173913043,0.2608695652173913,0
15,5,0.5333333333333333,0.6666666666666666,0
18,3,0.5555555555555556,0.4444444444444444,1
20,3,0.5,0.5,1
51,0,0.3137254901960784,0.19607843137254902,1
23,1,0.4782608695652174,0.30434782608695654,0
15,6,0.4,0.6,1
15,5,0.26666666666666666,0.4666666666666667,1
15,5,0.26666666666666666,0.4666666666666667,1
62,0,0.41935483870967744,0.24193548387096775,1
16,5,0.5625,0.625,0
15,5,0.6,0.6,1
15,5,0.6,0.6,1
10,3,0.5,0.6,1
15,5,0.5333333333333333,0.6,1
15,5,0.5333333333333333,0.6,1
15,6,0.4666666666666667,0.6,0
15,5,0.4,0.5333333333333333,1
15,6,0.5333333333333333,0.6666666666666666,1
15,6,0.5333333333333333,0.6666666666666666,1
15,5,0.5333333333333333,0.6,1
15,5,0.5333333333333333,0.6,1
15,5,0.5333333333333333,0.6,0
15,5,0.4,0.4666666666666667,1
15,5,0.6,0.5333333333333333,1
15,5,0.6,0.5333333333333333,0
15,5,0.5333333333333333,0.5333333333333333,1
15,5,0.5333333333333333,0.4,0
15,6,0.5333333333333333,0.6,1
15,5,0.5333333333333333,0.5333333333333333,1
15,5,0.5333333333333333,0.6,0
35,4,0.34285714285714286,0.17142857142857143,1
48,4,0.3333333333333333,0.1875,1
27,6,0.2222222222222222,0.3333333333333333,0
9,-1,0.4444444444444444,0.2222222222222222,0
18,0,0.5555555555555556,0.3888888888888889,0
65,7,0.2923076923076923,0.26153846153846155,0
16,4,0.3125,0.375,1
10,0,0.6,0.2,0
14,5,0.5714285714285714,0.5714285714285714,1
77,11,0.3116883116883117,0.4025974025974026,1
18,-2,0.4444444444444444,0.2222222222222222,0
8,4,0.375,0.625,0
5,1,0.4,0.4,0
96,-2,0.4375,0.23958333333333334,0
51,3,0.35294117647058826,0.29411764705882354,1
12,5,0.5,0.6666666666666666,1
10,4,0.3,0.5,0
10,1,0.3,0.3,0
18,4,0.5555555555555556,0.5,1
12,4,0.6666666666666666,0.5833333333333334,1
69,-2,0.34782608695652173,0.17391304347826086,0
19,7,0.2631578947368421,0.47368421052631576,0
19,7,0.3157894736842105,0.47368421052631576,0
41,6,0.4878048780487805,0.5365853658536586,0
28,7,0.4642857142857143,0.5714285714285714,0
18,6,0.4444444444444444,0.6666666666666666,0
12,5,0.5833333333333334,0.6666666666666666,1
6,1,0.3333333333333333,0.3333333333333333,0
12,2,0.3333333333333333,0.3333333333333333,0
18,3,0.3333333333333333,0.3333333333333333,0
12,4,0.6666666666666666,0.5833333333333334,1
12,5,0.5833333333333334,0.6666666666666666,1
12,5,0.5833333333333334,0.5833333333333334,1
12,6,0.5,0.75,1
12,6,0.4166666666666667,0.6666666666666666,1
68,2,0.3088235294117647,0.25,0
12,3,0.75,0.5,1
38,9,0.2631578947368421,0.39473684210526316,1
40,10,0.25,0.375,1
40,10,0.225,0.35,1
8,1,0.75,0.375,0
13,4,0.6923076923076923,0.5384615384615384,1
13,4,0.6153846153846154,0.5384615384615384,0
13,4,0.5384615384615384,0.5384615384615384,1
13,6,0.5384615384615384,0.6923076923076923,0
13,5,0.5384615384615384,0.6923076923076923,0
13,4,0.5384615384615384,0.5384615384615384,0
13,4,0.5384615384615384,0.5384615384615384,0
13,4,0.5384615384615384,0.5384615384615384,0
13,4,0.5384615384615384,0.5384615384615384,0
13,4,0.5384615384615384,0.7692307692307693,1
13,4,0.5384615384615384,0.5384615384615384,0
13,4,0.5384615384615384,0.5384615384615384,0
13,4,0.5384615384615384,0.5384615384615384,0
13,4,0.6153846153846154,0.5384615384615384,0
13,4,0.5384615384615384,0.5384615384615384,1
13,4,0.5384615384615384,0.5384615384615384,0
13,4,0.5384615384615384,0.5384615384615384,0
13,4,0.5384615384615384,0.5384615384615384,0
13,4,0.5384615384615384,0.5384615384615384,0
13,4,0.5384615384615384,0.5384615384615384,0
13,4,0.5384615384615384,0.5384615384615384,0
13,4,0.5384615384615384,0.5384615384615384,0
15,7,0.4666666666666667,0.8,0
15,7,0.4666666666666667,0.8,0
15,8,0.4,0.8,0
16,8,0.4375,0.8125,0
17,8,0.47058823529411764,0.8235294117647058,0
13,6,0.46153846153846156,0.6153846153846154,1
27,6,0.37037037037037035,0.4444444444444444,0
6,1,0.5,0.5,0
4,1,0.75,0.5,0
12,4,0.6666666666666666,0.5,1
31,-1,0.3225806451612903,0.45161290322580644,0
36,-3,0.3055555555555556,0.1388888888888889,0
11,0,0.7272727272727273,0.36363636363636365,0
12,0,0.75,0.4166666666666667,0
13,0,0.7692307692307693,0.46153846153846156,0
14,0,0.7857142857142857,0.5,0
15,0,0.8,0.5333333333333333,0
16,0,0.8125,0.5625,0
43,1,0.4186046511627907,0.2558139534883721,1
11,3,0.18181818181818182,0.0,0
23,4,0.17391304347826086,0.17391304347826086,0
61,0,0.3114754098360656,0.26229508196721313,0
10,0,0.6,0.4,1
15,2,0.26666666666666666,0.13333333333333333,0
14,10,0.07142857142857142,0.7142857142857143,0
15,4,0.4666666666666667,0.4,1
15,5,0.4,0.4,1
18,0,0.5,0.2222222222222222,0
22,0,0.2727272727272727,0.09090909090909091,1
15,5,0.4666666666666667,0.5333333333333333,1
43,5,0.37209302325581395,0.27906976744186046,1
39,3,0.358974358974359,0.20512820512820512,0
44,10,0.36363636363636365,0.3409090909090909,1
43,4,0.37209302325581395,0.2558139534883721,1
43,4,0.3953488372093023,0.2558139534883721,1
43,5,0.37209302325581395,0.32558139534883723,1
51,6,0.3137254901960784,0.27450980392156865,0
51,0,0.3333333333333333,0.2549019607843137,0
51,4,0.3333333333333333,0.3333333333333333,1
51,4,0.3333333333333333,0.3333333333333333,1
51,3,0.35294117647058826,0.3137254901960784,1
51,4,0.35294117647058826,0.3333333333333333,1
43,5,0.37209302325581395,0.3023255813953488,1
43,5,0.37209302325581395,0.2558139534883721,0
52,1,0.34615384615384615,0.2692307692307692,1
33,3,0.2727272727272727,0.30303030303030304,1
33,9,0.2727272727272727,0.42424242424242425,1
33,7,0.30303030303030304,0.42424242424242425,1
32,8,0.28125,0.40625,1
32,7,0.28125,0.375,1
20,-3,0.35,0.15,0
9,1,0.7777777777777778,0.4444444444444444,0
43,6,0.2558139534883721,0.23255813953488372,1
5,0,0.6,0.4,0
21,-1,0.38095238095238093,0.14285714285714285,0
14,1,0.42857142857142855,0.14285714285714285,1
33,2,0.2727272727272727,0.21212121212121213,1
24,0,0.16666666666666666,0.08333333333333333,1
29,2,0.3448275862068966,0.13793103448275862,1
2,0,1.0,0.0,0
33,9,0.36363636363636365,0.48484848484848486,1
33,10,0.3333333333333333,0.48484848484848486,1
19,0,0.3684210526315789,0.2631578947368421,0
58,-2,0.3275862068965517,0.25862068965517243,0
19,5,0.5789473684210527,0.42105263157894735,0
16,1,0.25,0.1875,1
17,9,0.29411764705882354,0.6470588235294118,0
5,-1,0.6,0.2,0
53,5,0.33962264150943394,0.2830188679245283,0
20,-1,0.45,0.25,0
4,1,0.75,0.25,0
15,3,0.5333333333333333,0.4,1
15,3,0.4666666666666667,0.4,1
19,6,0.3157894736842105,0.42105263157894735,0
21,6,0.5238095238095238,0.5238095238095238,0
15,2,0.6,0.4666666666666667,1
9,4,0.5555555555555556,0.4444444444444444,1
10,5,0.5,0.4,1
11,6,0.45454545454545453,0.45454545454545453,1
9,4,0.5555555555555556,0.5555555555555556,1
11,6,0.45454545454545453,0.6363636363636364,1
9,4,0.5555555555555556,0.5555555555555556,1
11,6,0.45454545454545453,0.6363636363636364,1
10,0,0.6,0.1,1
20,0,0.5,0.15,0
35,-1,0.42857142857142855,0.37142857142857144,0
18,2,0.6111111111111112,0.2777777777777778,1
18,-2,0.6111111111111112,0.16666666666666666,1
18,2,0.6111111111111112,0.2777777777777778,1
5,0,0.8,0.2,0
36,-1,0.3611111111111111,0.2777777777777778,0
15,5,0.6,0.6,0
2,0,1.0,0.0,0
8,0,0.75,0.25,0
6,1,0.5,0.3333333333333333,0
6,0,1.0,0.5,1
11,-1,0.5454545454545454,0.36363636363636365,0
20,7,0.5,0.45,0
40,3,0.35,0.375,0
20,3,0.6,0.4,0
20,1,0.55,0.4,0
20,-1,0.4,0.15,0
12,-2,0.5,0.3333333333333333,0
2,-1,0.5,0.0,0
30,-6,0.7333333333333333,0.23333333333333334,0
17,7,0.35294117647058826,0.47058823529411764,0
17,7,0.35294117647058826,0.5294117647058824,0
8,0,0.75,0.25,0
8,-1,0.625,0.25,0
8,-1,0.625,0.25,0
8,-2,0.75,0.125,0
6,-1,0.5,0.16666666666666666,0
8,-1,0.625,0.25,0
8,-1,0.625,0.125,0
8,-1,0.625,0.25,0
12,-1,0.5,0.25,0
18,-3,0.3333333333333333,0.3888888888888889,0
19,-3,0.3684210526315789,0.42105263157894735,0
20,-2,0.35,0.45,0
21,-1,0.3333333333333333,0.47619047619047616,0
22,-1,0.3181818181818182,0.45454545454545453,0
23,-2,0.30434782608695654,0.43478260869565216,0
24,-3,0.2916666666666667,0.4166666666666667,0
25,-3,0.28,0.4,0
26,-3,0.2692307692307692,0.38461538461538464,0
27,-2,0.25925925925925924,0.4074074074074074,0
28,-1,0.25,0.42857142857142855,0
29,-1,0.2413793103448276,0.41379310344827586,0
30,-2,0.23333333333333334,0.4,0
31,-1,0.22580645161290322,0.41935483870967744,0
32,-2,0.21875,0.40625,0
33,-2,0.24242424242424243,0.42424242424242425,0
34,-1,0.23529411764705882,0.4411764705882353,0
26,-1,0.2692307692307692,0.38461538461538464,0
29,-1,0.2413793103448276,0.3793103448275862,0
29,-2,0.3103448275862069,0.41379310344827586,0
29,-2,0.3103448275862069,0.41379310344827586,0
29,-2,0.3103448275862069,0.41379310344827586,0
29,-2,0.3103448275862069,0.41379310344827586,0
30,-3,0.26666666666666666,0.36666666666666664,0
28,-1,0.2857142857142857,0.35714285714285715,0
28,-1,0.2857142857142857,0.35714285714285715,0
28,-1,0.2857142857142857,0.35714285714285715,0
38,-2,0.23684210526315788,0.4473684210526316,0
17,7,0.35294117647058826,0.5294117647058824,0
20,8,0.35,0.6,0
19,8,0.3157894736842105,0.5789473684210527,0
18,7,0.3333333333333333,0.5555555555555556,0
17,7,0.35294117647058826,0.5882352941176471,0
16,7,0.3125,0.5625,0
15,7,0.26666666666666666,0.6,0
14,7,0.21428571428571427,0.6428571428571429,0
18,0,0.2777777777777778,0.4444444444444444,0
23,-2,0.21739130434782608,0.391304347826087,0
25,-1,0.24,0.44,0
28,-1,0.25,0.4642857142857143,0
29,-1,0.2413793103448276,0.4482758620689655,0
21,0,0.23809523809523808,0.42857142857142855,0
18,-2,0.5,0.2222222222222222,0
13,7,0.15384615384615385,0.6153846153846154,0
10,-1,0.9,0.6,0
2,0,1.0,0.5,0
22,8,0.4090909090909091,0.5454545454545454,0
13,3,0.7692307692307693,0.38461538461538464,1
15,6,0.5333333333333333,0.7333333333333333,1
15,6,0.5333333333333333,0.8,1
17,7,0.5882352941176471,0.7647058823529411,1
9,3,0.5555555555555556,0.4444444444444444,0
11,5,0.36363636363636365,0.5454545454545454,0
8,3,0.5,0.625,1
11,1,0.7272727272727273,0.5454545454545454,0
17,4,0.7647058823529411,0.5882352941176471,1
43,-1,0.6744186046511628,0.18604651162790697,1
2,0,0.5,0.0,0
18,1,0.3888888888888889,0.16666666666666666,1
64,1,0.296875,0.234375,0
20,5,0.6,0.5,0
20,3,0.55,0.5,0
18,8,0.3333333333333333,0.5555555555555556,1
18,8,0.4444444444444444,0.6666666666666666,1
18,3,0.3888888888888889,0.2222222222222222,1
18,5,0.3888888888888889,0.3333333333333333,1
18,6,0.3333333333333333,0.4444444444444444,1
14,8,0.07142857142857142,0.5714285714285714,1
15,5,0.4,0.3333333333333333,1
15,6,0.3333333333333333,0.4,1
15,5,0.26666666666666666,0.3333333333333333,1
13,3,0.23076923076923078,0.0,0
2,1,0.5,0.0,0
21,3,0.5714285714285714,0.47619047619047616,0
14,-1,0.42857142857142855,0.42857142857142855,0
10,-1,0.5,0.4,0
6,-2,0.5,0.3333333333333333,0
12,4,0.5833333333333334,0.5833333333333334,0
12,4,0.5833333333333334,0.5,0
12,4,0.5833333333333334,0.6666666666666666,0
12,4,0.5833333333333334,0.5833333333333334,0
12,4,0.5833333333333334,0.5833333333333334,0
12,4,0.6666666666666666,0.5833333333333334,0
13,3,0.7692307692307693,0.38461538461538464,1
18,0,0.6666666666666666,0.4444444444444444,0
2,1,0.5,0.5,0
15,6,0.4,0.4,0
15,6,0.4,0.4,0
15,6,0.3333333333333333,0.4,0
12,0,0.5,0.3333333333333333,0
10,3,0.5,0.5,0
12,6,0.5,0.75,1
9,3,0.6666666666666666,0.5555555555555556,0
15,3,0.5333333333333333,0.5333333333333333,1
14,6,0.5,0.7142857142857143,1
14,6,0.5,0.7857142857142857,1
8,-1,0.5,0.375,0
17,7,0.5294117647058824,0.7647058823529411,1
12,6,0.5,0.75,1
32,6,0.46875,0.3125,1
14,6,0.07142857142857142,0.35714285714285715,0
20,11,0.4,0.75,0
13,7,0.46153846153846156,0.7692307692307693,1
13,6,0.5384615384615384,0.6923076923076923,1
13,6,0.5384615384615384,0.6923076923076923,1
13,6,0.46153846153846156,0.6153846153846154,1
13,6,0.46153846153846156,0.5384615384615384,1
13,7,0.46153846153846156,0.6153846153846154,1
12,4,0.3333333333333333,0.4166666666666667,1
32,2,0.28125,0.28125,1
32,2,0.28125,0.28125,1
32,2,0.28125,0.21875,1
8,3,0.5,0.375,1
9,4,0.4444444444444444,0.4444444444444444,1
10,4,0.4,0.4,1
11,5,0.36363636363636365,0.45454545454545453,1
12,5,0.4166666666666667,0.4166666666666667,1
10,2,0.7,0.2,0
20,3,0.5,0.45,1
12,6,0.5,0.5,1
18,1,0.5555555555555556,0.4444444444444444,0
9,4,0.5555555555555556,0.6666666666666666,0
9,3,0.5555555555555556,0.4444444444444444,0
2,0,1.0,0.5,0
25,6,0.48,0.52,1
25,6,0.48,0.52,1
11,5,0.5454545454545454,0.9090909090909091,1
5,2,0.6,0.6,1
10,4,0.6,0.8,1
5,1,0.8,0.6,1
6,0,0.6666666666666666,0.3333333333333333,0
17,3,0.5294117647058824,0.35294117647058826,0
18,3,0.5555555555555556,0.3333333333333333,1
18,3,0.5555555555555556,0.4444444444444444,0
18,8,0.5,0.7222222222222222,1
18,8,0.5555555555555556,0.7777777777777778,1
20,4,0.5,0.5,1
9,3,0.4444444444444444,0.5555555555555556,1
18,6,0.4444444444444444,0.5555555555555556,1
27,9,0.4444444444444444,0.5555555555555556,1
12,1,0.9166666666666666,0.5,0
12,1,0.9166666666666666,0.6666666666666666,0
16,5,0.6875,0.75,0
10,4,0.6,0.7,0
21,6,0.5714285714285714,0.42857142857142855,0
34,-5,0.35294117647058826,0.2647058823529412,0
34,-5,0.35294117647058826,0.29411764705882354,0
34,-5,0.3235294117647059,0.2647058823529412,0
34,-5,0.3235294117647059,0.2647058823529412,0
34,-5,0.35294117647058826,0.2647058823529412,0
26,4,0.6923076923076923,0.34615384615384615,0
11,-1,0.5454545454545454,0.36363636363636365,0
13,-3,0.3076923076923077,0.07692307692307693,1
13,-3,0.23076923076923078,0.07692307692307693,1
35,-2,0.37142857142857144,0.2571428571428571,0
36,-3,0.2777777777777778,0.19444444444444445,0
36,2,0.5,0.25,1
37,2,0.5135135135135135,0.2702702702702703,1
36,2,0.5,0.2777777777777778,1
37,2,0.4864864864864865,0.2702702702702703,1
37,2,0.5135135135135135,0.24324324324324326,1
37,2,0.5135135135135135,0.24324324324324326,1
51,9,0.27450980392156865,0.3333333333333333,0
52,8,0.2692307692307692,0.34615384615384615,0
11,-1,0.45454545454545453,0.2727272727272727,0
11,-2,0.5454545454545454,0.2727272727272727,0
11,-1,0.45454545454545453,0.2727272727272727,0
11,1,0.6363636363636364,0.36363636363636365,0
11,0,0.5454545454545454,0.36363636363636365,0
11,-1,0.5454545454545454,0.36363636363636365,0
11,-1,0.45454545454545453,0.2727272727272727,0
11,0,0.5454545454545454,0.36363636363636365,0
11,-1,0.45454545454545453,0.36363636363636365,0
11,-1,0.45454545454545453,0.36363636363636365,0
32,6,0.28125,0.25,0
7,2,0.42857142857142855,0.42857142857142855,0
2,0,0.5,0.0,0
10,0,0.8,0.5,0
7,0,0.5714285714285714,0.2857142857142857,0
45,9,0.3111111111111111,0.28888888888888886,0
3,0,0.3333333333333333,0.0,0
21,5,0.5714285714285714,0.38095238095238093,1
10,2,0.3,0.3,0
20,3,0.5,0.45,0
10,2,0.3,0.3,0
15,2,0.6,0.3333333333333333,0
21,6,0.5238095238095238,0.38095238095238093,0
10,5,0.3,0.6,1
12,6,0.4166666666666667,0.6666666666666666,1
12,6,0.5,0.75,1
12,2,0.6666666666666666,0.5,0
18,1,0.6666666666666666,0.3888888888888889,0
10,6,0.4,0.5,1
12,6,0.4166666666666667,0.6666666666666666,1
9,4,0.5555555555555556,0.6666666666666666,0
18,10,0.4444444444444444,0.5555555555555556,0
12,6,0.4166666666666667,0.6666666666666666,1
12,6,0.5,0.75,1
12,6,0.4166666666666667,0.6666666666666666,1
8,7,0.125,0.875,1
9,8,0.1111111111111111,0.8888888888888888,0
20,15,0.2,0.75,0
24,7,0.4166666666666667,0.5,0
12,6,0.25,0.5,1
12,6,0.4166666666666667,0.5,1
12,6,0.5,0.5,1
12,6,0.5,0.5,1
6,2,0.6666666666666666,0.5,1
8,5,0.375,0.625,0
14,7,0.35714285714285715,0.5714285714285714,1
5,2,0.6,0.4,0
9,4,0.5555555555555556,0.4444444444444444,0
18,-1,0.6111111111111112,0.2777777777777778,0
7,2,0.7142857142857143,0.2857142857142857,0
8,3,0.625,0.375,0
2,0,0.5,0.0,0
36,4,0.2777777777777778,0.2222222222222222,0
2,0,0.5,0.0,0
18,-1,0.6111111111111112,0.2777777777777778,0
17,4,0.17647058823529413,0.23529411764705882,0
27,4,0.25925925925925924,0.2222222222222222,1
13,3,0.7692307692307693,0.23076923076923078,1
18,-1,0.7222222222222222,0.16666666666666666,0
18,6,0.4444444444444444,0.6111111111111112,0
4,1,0.75,0.25,0
5,1,0.8,0.4,0
2,0,1.0,0.0,0
13,3,0.7692307692307693,0.23076923076923078,1
7,2,0.7142857142857143,0.2857142857142857,1
28,4,0.5357142857142857,0.35714285714285715,1
7,3,0.5714285714285714,0.42857142857142855,0
18,9,0.5,0.5,0
8,2,0.75,0.25,0
6,1,0.3333333333333333,0.16666666666666666,0
11,4,0.45454545454545453,0.36363636363636365,1
10,3,0.7,0.3,0
2,0,1.0,0.0,0
35,1,0.34285714285714286,0.34285714285714286,0
28,6,0.4642857142857143,0.5357142857142857,0
42,5,0.30952380952380953,0.2619047619047619,1
29,3,0.4827586206896552,0.41379310344827586,0
7,0,0.5714285714285714,0.14285714285714285,0
9,-1,0.6666666666666666,0.1111111111111111,0
9,-1,0.6666666666666666,0.1111111111111111,0
9,-1,0.5555555555555556,0.2222222222222222,0
12,2,0.75,0.5833333333333334,0
6,0,0.6666666666666666,0.16666666666666666,0
6,1,0.6666666666666666,0.3333333333333333,0
6,2,0.6666666666666666,0.3333333333333333,0
11,6,0.2727272727272727,0.5454545454545454,0
7,-1,0.7142857142857143,0.14285714285714285,0
2,0,0.5,0.0,0
63,8,0.30158730158730157,0.2857142857142857,0
58,8,0.27586206896551724,0.3275862068965517,0
36,-5,0.4722222222222222,0.3611111111111111,1
20,2,0.4,0.25,0
12,4,0.16666666666666666,0.3333333333333333,1
29,1,0.3448275862068966,0.27586206896551724,0
79,-4,0.35443037974683544,0.26582278481012656,0
77,-1,0.3116883116883117,0.23376623376623376,0
20,0,0.4,0.3,1
40,8,0.275,0.425,1
50,6,0.26,0.3,0
71,2,0.28169014084507044,0.29577464788732394,0
65,9,0.4307692307692308,0.38461538461538464,1
95,12,0.3684210526315789,0.3684210526315789,1
56,1,0.23214285714285715,0.26785714285714285,0
20,-2,0.35,0.25,0
41,-3,0.21951219512195122,0.14634146341463414,1
28,0,0.32142857142857145,0.25,0
12,3,0.4166666666666667,0.5833333333333334,0
2,0,1.0,0.5,0
6,1,0.8333333333333334,0.8333333333333334,0
8,-1,0.625,0.125,0
13,2,0.5384615384615384,0.38461538461538464,0
5,0,0.6,0.2,0
84,13,0.07142857142857142,0.023809523809523808,0
11,6,0.09090909090909091,0.5454545454545454,0
11,7,0.09090909090909091,0.6363636363636364,0
16,6,0.125,0.5,0
18,7,0.2222222222222222,0.5555555555555556,0
13,8,0.07692307692307693,0.6153846153846154,0
23,6,0.2608695652173913,0.43478260869565216,0
16,8,0.125,0.5,0
15,8,0.06666666666666667,0.5333333333333333,0
18,9,0.2222222222222222,0.5555555555555556,0
23,7,0.30434782608695654,0.5217391304347826,0
26,6,0.3076923076923077,0.46153846153846156,0
33,24,0.09090909090909091,0.7272727272727273,0
13,3,0.23076923076923078,0.0,0
7,1,0.42857142857142855,0.2857142857142857,0
32,9,0.46875,0.5625,0
15,2,0.4,0.5333333333333333,0
42,7,0.3333333333333333,0.38095238095238093,1
19,2,0.6842105263157895,0.42105263157894735,0
33,5,0.30303030303030304,0.42424242424242425,0
29,6,0.3448275862068966,0.4482758620689655,0
22,6,0.5909090909090909,0.45454545454545453,0
42,10,0.19047619047619047,0.35714285714285715,0
43,11,0.18604651162790697,0.37209302325581395,0
43,12,0.18604651162790697,0.3953488372093023,0
42,10,0.19047619047619047,0.35714285714285715,0
42,10,0.19047619047619047,0.35714285714285715,1
42,11,0.21428571428571427,0.40476190476190477,0
14,6,0.07142857142857142,0.35714285714285715,0
14,6,0.07142857142857142,0.35714285714285715,0
42,10,0.19047619047619047,0.38095238095238093,0
42,10,0.21428571428571427,0.40476190476190477,0
42,11,0.21428571428571427,0.42857142857142855,0
42,11,0.19047619047619047,0.38095238095238093,0
43,10,0.23255813953488372,0.3488372093023256,0
45,10,0.24444444444444444,0.3333333333333333,0
43,11,0.18604651162790697,0.3488372093023256,0
45,11,0.24444444444444444,0.3333333333333333,0
48,11,0.2708333333333333,0.3541666666666667,0
48,11,0.2708333333333333,0.3541666666666667,0
36,5,0.1111111111111111,0.1388888888888889,0
73,7,0.3424657534246575,0.2602739726027397,1
15,4,0.6666666666666666,0.6666666666666666,0
20,0,0.45,0.4,0
63,6,0.31746031746031744,0.2857142857142857,1
63,5,0.3333333333333333,0.2857142857142857,1
63,6,0.31746031746031744,0.2698412698412698,1
35,-1,0.42857142857142855,0.4,0
15,3,0.5333333333333333,0.4666666666666667,0
11,2,0.8181818181818182,0.8181818181818182,0
8,-2,0.5,0.375,0
18,1,0.5555555555555556,0.3888888888888889,0
7,0,0.7142857142857143,0.2857142857142857,0
15,7,0.3333333333333333,0.4666666666666667,0
17,7,0.29411764705882354,0.47058823529411764,0
35,1,0.34285714285714286,0.34285714285714286,0
58,5,0.15517241379310345,0.15517241379310345,0
58,7,0.1724137931034483,0.15517241379310345,0
50,-18,0.48,0.22,1
50,-20,0.48,0.28,0
50,-19,0.46,0.26,0
50,-19,0.48,0.28,0
13,-1,0.5384615384615384,0.46153846153846156,1
5,0,0.4,0.2,0
22,-1,0.13636363636363635,0.13636363636363635,1
7,0,0.5714285714285714,0.42857142857142855,0
36,1,0.3333333333333333,0.25,1
36,1,0.3888888888888889,0.2777777777777778,1
36,1,0.3888888888888889,0.25,1
50,-20,0.46,0.28,0
12,2,0.6666666666666666,0.5,0
7,0,0.14285714285714285,0.0,0
17,0,0.47058823529411764,0.29411764705882354,0
12,2,0.6666666666666666,0.5,0
12,2,0.6666666666666666,0.5,0
12,1,0.75,0.5,0
12,2,0.6666666666666666,0.5833333333333334,0
12,2,0.6666666666666666,0.5,0
8,1,0.75,0.625,0
12,2,0.6666666666666666,0.5833333333333334,0
9,1,0.7777777777777778,0.5555555555555556,0
12,1,0.75,0.5,0
12,2,0.75,0.5833333333333334,0
12,2,0.6666666666666666,0.5,0
12,2,0.6666666666666666,0.5833333333333334,0
12,2,0.5833333333333334,0.5833333333333334,0
54,0,0.24074074074074073,0.2037037037037037,0
20,-2,0.5,0.2,0
10,4,0.4,0.5,1
50,8,0.3,0.3,1
50,8,0.34,0.32,1
50,8,0.3,0.3,1
12,5,0.4166666666666667,0.6666666666666666,0
9,4,0.5555555555555556,0.5555555555555556,0
14,6,0.07142857142857142,0.35714285714285715,0
52,6,0.3076923076923077,0.3076923076923077,0
8,3,0.25,0.375,0
9,3,0.2222222222222222,0.3333333333333333,0
10,4,0.6,0.4,0
20,8,0.6,0.4,0
12,1,0.4166666666666667,0.3333333333333333,1
3,0,0.6666666666666666,0.3333333333333333,0
22,6,0.4090909090909091,0.45454545454545453,1
22,5,0.5,0.4090909090909091,1
44,6,0.29545454545454547,0.29545454545454547,1
44,6,0.29545454545454547,0.2727272727272727,1
47,6,0.2978723404255319,0.3191489361702128,1
59,2,0.4576271186440678,0.2542372881355932,1
66,10,0.21212121212121213,0.22727272727272727,1
16,5,0.625,0.5625,0
9,-2,0.6666666666666666,0.2222222222222222,0
11,1,0.45454545454545453,0.36363636363636365,0
35,-5,0.34285714285714286,0.3142857142857143,0
25,-1,0.24,0.44,0
28,-1,0.25,0.4642857142857143,0
36,-1,0.4166666666666667,0.3611111111111111,0
36,-4,0.4166666666666667,0.3055555555555556,0
36,-5,0.3888888888888889,0.3055555555555556,0
36,-5,0.3888888888888889,0.3055555555555556,0
36,-4,0.4166666666666667,0.3333333333333333,0
36,-4,0.3888888888888889,0.3055555555555556,0
36,-3,0.3888888888888889,0.3055555555555556,0
36,-4,0.4166666666666667,0.3333333333333333,0
36,-3,0.3888888888888889,0.3333333333333333,0
36,-4,0.4166666666666667,0.3333333333333333,0
36,-4,0.4166666666666667,0.3055555555555556,0
36,-4,0.3888888888888889,0.3055555555555556,0
36,-4,0.3888888888888889,0.3055555555555556,0
36,-4,0.3888888888888889,0.3055555555555556,0
36,-3,0.3888888888888889,0.3333333333333333,0
36,-4,0.3888888888888889,0.3055555555555556,0
36,-4,0.4166666666666667,0.3055555555555556,0
36,-4,0.4166666666666667,0.3055555555555556,0
36,-4,0.4166666666666667,0.3055555555555556,0
36,-1,0.4166666666666667,0.4166666666666667,0
36,1,0.4166666666666667,0.3333333333333333,0
36,-1,0.3888888888888889,0.3055555555555556,0
36,-1,0.3888888888888889,0.3611111111111111,0
36,-3,0.4444444444444444,0.2777777777777778,0
36,-3,0.4722222222222222,0.3333333333333333,0
36,-2,0.4166666666666667,0.3611111111111111,0
36,-2,0.4444444444444444,0.3611111111111111,0
36,-2,0.4444444444444444,0.3888888888888889,0
10,1,0.3,0.2,0
80,4,0.375,0.3,1
34,4,0.29411764705882354,0.2647058823529412,1
19,3,0.2631578947368421,0.21052631578947367,1
20,2,0.45,0.3,0
42,7,0.3333333333333333,0.35714285714285715,1
18,0,0.6666666666666666,0.3888888888888889,0
4,1,0.75,0.25,0
20,0,0.2,0.2,1
8,4,0.5,0.5,0
